timestamp,open,high,low,close,volume,ema_9,ema_21,rsi_14,adx_14
2025-02-03 09:30:00,336.9200,341.8700,336.1700,341.2000,3696516,,,,
2025-02-03 13:30:00,341.3200,342.8700,336.9200,342.6300,1997550,,,,
2025-02-04 09:30:00,341.4800,342.8800,339.4400,341.9800,2298695,,,,
2025-02-04 13:30:00,342.0500,342.7700,341.6700,341.9300,1507931,,,,
2025-02-05 09:30:00,342.8700,345.7900,342.1200,344.6700,2038568,,,,
2025-02-05 13:30:00,344.6600,346.3100,344.0000,346.1500,1362391,,,,
2025-02-06 09:30:00,346.6100,347.4700,343.7900,344.0500,2083143,,,,
2025-02-06 13:30:00,344.0500,344.7600,343.4600,344.3100,1456498,,,,
2025-02-07 09:30:00,344.8500,347.5700,344.4700,345.4600,2127579,343.5978,,,
2025-02-07 13:30:00,345.4700,345.9100,344.0600,345.0700,1371646,343.8922,,,
2025-02-10 09:30:00,345.5400,348.2200,344.5500,347.4900,2292190,344.6118,,,
2025-02-10 13:30:00,347.5200,348.7100,346.9100,348.2500,1833103,345.3394,,,
2025-02-11 09:30:00,345.7200,347.1000,343.6900,346.9400,1961380,345.6595,,,
2025-02-11 13:30:00,346.9600,349.5200,346.7900,348.3000,1402822,346.1876,,,
2025-02-12 09:30:00,346.5800,348.8400,344.9200,348.8200,1991521,346.7141,,72.92,
2025-02-12 13:30:00,348.8100,349.2300,347.2400,348.8100,1514436,347.1333,,72.88,
2025-02-13 09:30:00,350.5100,352.1300,348.1400,350.8200,1979898,347.8706,,76.21,
2025-02-13 13:30:00,350.9300,353.4500,350.3100,352.9300,1424459,348.8825,,79.11,
2025-02-14 09:30:00,351.8100,352.6900,350.8100,352.2100,1683552,349.5480,,75.72,
2025-02-14 13:30:00,352.2900,352.8000,350.6100,351.1500,1129167,349.8684,,70.89,
2025-02-18 09:30:00,351.0800,353.0500,349.7900,352.4600,2515191,350.3867,346.9348,73.17,
2025-02-18 13:30:00,352.4500,354.1000,351.8600,354.0000,1732249,351.1094,347.5771,75.59,
2025-02-19 09:30:00,353.3800,354.5100,351.5600,352.2500,1941360,351.3375,348.0019,68.08,
2025-02-19 13:30:00,352.2500,353.0800,351.8400,352.5100,1239336,351.5720,348.4117,68.58,
2025-02-20 09:30:00,352.6000,353.5000,346.4800,346.9300,2395117,350.6436,348.2770,50.38,
2025-02-20 13:30:00,346.8300,349.1700,346.6700,347.9000,2250694,350.0949,348.2427,52.73,
2025-02-21 09:30:00,347.9000,350.7100,345.9800,346.1000,3214470,349.2959,348.0479,48.17,
2025-02-21 13:30:00,346.0900,346.9600,344.9100,345.9200,2146048,348.6207,347.8545,47.73,
2025-02-24 09:30:00,346.1800,347.9600,344.7900,347.5500,2477861,348.4066,347.8268,52.04,35.56
2025-02-24 13:30:00,347.6000,348.2100,346.7700,347.3700,1472943,348.1993,347.7853,51.53,34.09
2025-02-25 09:30:00,348.7700,349.5500,343.4400,347.2900,2552771,348.0174,347.7403,51.30,32.04
2025-02-25 13:30:00,347.2900,349.9800,346.2300,349.4300,1925956,348.2999,347.8939,57.03,29.96
2025-02-26 09:30:00,347.4100,349.2300,346.8200,347.1300,2975319,348.0659,347.8244,50.19,28.03
2025-02-26 13:30:00,347.0600,348.5000,346.4100,348.0300,1471021,348.0588,347.8431,52.59,26.41
2025-02-27 09:30:00,349.3000,357.6500,349.0800,355.3000,3598613,349.5070,348.5210,66.57,27.03
2025-02-27 13:30:00,355.3900,355.5800,351.4900,353.2000,2222494,350.2456,348.9464,60.98,27.61
2025-02-28 09:30:00,352.0900,357.3200,351.1000,354.3700,3517446,351.0705,349.4394,62.85,28.51
2025-02-28 13:30:00,354.3600,361.3100,354.1900,360.1000,2972538,352.8764,350.4086,70.35,30.03
2025-03-03 09:30:00,360.3200,363.8300,359.8200,361.9100,3419224,354.6831,351.4542,72.26,31.80
2025-03-03 13:30:00,361.9300,362.4900,356.8800,359.2600,2782131,355.5985,352.1638,65.61,32.22
2025-03-04 09:30:00,357.4500,357.6100,349.6700,351.2100,4336022,354.7208,352.0771,50.42,30.38
2025-03-04 13:30:00,351.1600,354.4400,347.8100,349.2900,2412771,353.6346,351.8237,47.59,28.23
2025-03-05 09:30:00,348.2400,350.1900,346.3600,349.4300,2843315,352.7937,351.6061,47.82,26.53
2025-03-05 13:30:00,349.3600,351.4900,348.5200,349.8000,2457099,352.1950,351.4419,48.47,24.64
2025-03-06 09:30:00,343.4000,346.2900,339.9300,340.6400,4241642,349.8840,350.4599,36.47,24.57
2025-03-06 13:30:00,340.6400,341.7000,337.8700,341.4500,2952624,348.1972,349.6408,37.94,24.82
2025-03-07 09:30:00,338.3500,342.3800,336.6300,340.8900,3470897,346.7357,348.8453,37.30,25.24
2025-03-07 13:30:00,340.8900,343.8300,340.7500,342.6800,1857797,345.9246,348.2848,40.74,25.22
2025-03-10 09:30:00,337.4300,342.4600,336.2100,339.4100,4025753,344.6217,347.4780,36.77,25.89
2025-03-10 13:30:00,339.2800,339.4100,335.1400,339.1100,2817466,343.5193,346.7173,36.42,26.66
2025-03-11 09:30:00,335.9100,337.1000,327.1400,327.4900,4945260,340.3135,344.9694,26.06,28.29
2025-03-11 13:30:00,327.5600,333.1400,327.3500,329.5900,2874270,338.1688,343.5712,29.94,29.80
2025-03-12 09:30:00,333.4900,333.6700,326.6800,330.7700,3184550,336.6890,342.4075,32.09,31.27
2025-03-12 13:30:00,330.8300,331.0100,328.4300,330.3700,1780557,335.4252,341.3132,31.74,32.63
2025-03-13 09:30:00,328.5400,333.7100,326.0800,327.4100,3587106,333.8222,340.0492,29.16,33.02
2025-03-13 13:30:00,327.3300,328.1100,325.2800,326.1900,2877795,332.2957,338.7893,28.14,33.49
2025-03-14 09:30:00,324.7900,330.3100,323.9700,328.9700,4095775,331.6306,337.8966,33.80,33.22
2025-03-14 13:30:00,328.9800,329.6300,328.0500,329.2300,2464631,331.1505,337.1088,34.32,32.97
2025-03-17 09:30:00,327.5900,331.8300,327.3200,330.9300,2467437,331.1064,336.5471,37.77,32.04
2025-03-17 13:30:00,330.9300,333.6300,330.8200,332.0800,2375244,331.3011,336.1410,40.06,30.64
2025-03-18 09:30:00,332.8100,333.3200,329.8400,331.4400,2159640,331.3289,335.7136,39.20,29.56
2025-03-18 13:30:00,331.2600,332.3000,330.9100,332.1000,1277199,331.4831,335.3851,40.62,28.56
2025-03-19 09:30:00,334.3100,336.4500,332.0300,334.5200,1624546,332.0905,335.3065,45.65,26.63
2025-03-19 13:30:00,334.5300,338.5100,333.8700,337.4700,2111576,333.1664,335.5031,51.09,25.35
2025-03-20 09:30:00,336.4900,339.7100,335.6900,336.7700,2098386,333.8871,335.6183,49.81,24.45
2025-03-20 13:30:00,336.7700,337.7700,335.1600,336.7500,1861526,334.4597,335.7212,49.77,23.46
2025-03-21 09:30:00,334.8800,336.9200,333.3600,334.7600,4262395,334.5198,335.6338,46.00,21.98
2025-03-21 13:30:00,334.7900,334.8700,333.0400,333.2300,2391150,334.2618,335.4153,43.28,20.51
2025-03-24 09:30:00,336.1500,341.0900,335.1500,340.3400,2143026,335.4774,335.8630,56.23,20.67
2025-03-24 13:30:00,340.4400,342.6700,340.0300,341.1400,1801294,336.6100,336.3427,57.41,21.12
2025-03-25 09:30:00,342.0100,342.9800,338.1500,340.1200,1661595,337.3120,336.6861,55.36,20.94
2025-03-25 13:30:00,340.0000,342.6500,339.7600,342.2800,1165927,338.3056,337.1946,58.72,20.77
2025-03-26 09:30:00,343.4300,344.8100,341.2000,341.3300,3626865,338.9105,337.5706,56.70,21.09
2025-03-26 13:30:00,341.2700,342.1500,340.4600,341.5300,1217357,339.4344,337.9305,57.03,21.12
2025-03-27 09:30:00,341.4600,348.2500,340.7800,347.4000,2166152,341.0275,338.7914,65.47,22.30
2025-03-27 13:30:00,347.3300,347.8100,346.5200,347.1600,3859344,342.2540,339.5522,64.91,23.40
2025-03-28 09:30:00,346.6100,349.0200,340.0800,340.1600,3033398,341.8352,339.6074,51.14,22.44
2025-03-28 13:30:00,340.2200,341.9100,339.0800,340.1000,1605458,341.4882,339.6522,51.04,21.30
2025-03-31 09:30:00,336.8400,344.7200,332.0200,343.4800,3879548,341.8865,340.0002,56.23,20.83
2025-03-31 13:30:00,343.4300,349.2600,343.1800,347.7600,2846493,343.0612,340.7056,61.76,19.40
2025-04-01 09:30:00,347.8500,347.8600,341.5000,341.5200,3674103,342.7530,340.7797,51.54,18.41
2025-04-01 13:30:00,341.5200,344.7900,340.0400,343.5600,2452782,342.9144,341.0324,54.20,17.76
2025-04-02 09:30:00,340.9000,345.6300,340.7100,344.2100,2386824,343.1735,341.3213,55.05,16.96
2025-04-02 13:30:00,344.1100,344.5400,340.5100,343.6100,2247874,343.2608,341.5294,54.06,16.26
2025-04-03 09:30:00,331.4300,342.1900,328.5500,339.5900,4891342,342.5266,341.3530,47.81,17.54
2025-04-03 13:30:00,339.5900,340.4700,336.3400,336.7800,2679782,341.3773,340.9373,43.99,18.73
2025-04-04 09:30:00,327.5600,332.1800,315.8900,316.8700,6438658,336.4759,338.7494,27.31,21.54
2025-04-04 13:30:00,316.8200,319.4300,309.8100,310.2800,4635645,331.2367,336.1613,24.06,24.48
2025-04-07 09:30:00,299.8400,319.8000,296.7900,310.5400,7449998,327.0973,333.8320,24.44,27.72
2025-04-07 13:30:00,310.4500,314.3500,307.2500,309.8600,3032606,323.6499,331.6528,24.10,30.73
2025-04-08 09:30:00,319.8600,323.8700,311.4300,311.7100,4157966,321.2619,329.8398,27.09,31.80
2025-04-08 13:30:00,311.7100,315.3000,301.6800,306.2000,3485150,318.2495,327.6907,24.05,33.33
2025-04-09 09:30:00,303.3800,324.9600,303.3800,320.7300,4526727,318.7456,327.0579,42.38,33.36
2025-04-09 13:30:00,321.1200,331.5600,318.6400,329.7800,4648218,320.9525,327.3054,50.41,32.59
2025-04-10 09:30:00,325.5900,327.7200,310.9500,316.6100,4023988,320.0840,326.3331,41.38,32.40
2025-04-10 13:30:00,316.4100,323.9400,316.0700,322.0900,2699233,320.4852,325.9473,45.74,32.22
2025-04-11 09:30:00,322.0300,331.8800,320.1600,330.7400,2996409,322.5362,326.3830,51.82,31.10
2025-04-11 13:30:00,330.8400,334.4900,330.4300,330.8200,2323637,324.1929,326.7864,51.88,29.76
2025-04-14 09:30:00,333.9200,337.1000,330.6800,332.2400,2508049,325.8023,327.2822,52.88,28.23
2025-04-14 13:30:00,332.2300,334.9400,331.8700,333.1300,1555446,327.2679,327.8138,53.54,26.81
2025-04-15 09:30:00,334.2300,336.8800,332.5200,334.7500,1990032,328.7643,328.4444,54.77,25.25
2025-04-15 13:30:00,334.7300,335.3200,333.0400,333.4300,1474888,329.6974,328.8976,53.52,23.80
2025-04-16 09:30:00,332.5200,334.7300,329.8500,333.0700,2118633,330.3720,329.2769,53.17,22.83
2025-04-16 13:30:00,333.0500,333.0500,326.4300,328.8800,2183383,330.0736,329.2408,49.08,22.31
2025-04-17 09:30:00,328.6200,331.8500,326.0100,329.6000,2656933,329.9788,329.2735,49.80,21.88
2025-04-17 13:30:00,329.6000,331.8100,326.6900,327.1900,1912929,329.4211,329.0841,47.40,21.48
2025-04-21 09:30:00,326.5700,326.7200,315.4700,316.0300,2670668,326.7429,327.8973,38.23,22.27
2025-04-21 13:30:00,316.1400,317.9700,314.3100,317.4300,2659136,324.8803,326.9458,39.81,23.12
2025-04-22 09:30:00,321.4600,329.0800,320.0100,325.3900,2216013,324.9822,326.8043,47.93,22.17
2025-04-22 13:30:00,325.3900,330.1000,324.7300,328.9700,1892922,325.7798,327.0012,51.12,21.16
2025-04-23 09:30:00,334.7500,338.7300,332.0400,333.4900,2404872,327.3218,327.5911,54.88,20.14
2025-04-23 13:30:00,333.5000,333.8400,330.7400,331.9100,1314153,328.2395,327.9837,53.34,19.03
2025-04-24 09:30:00,330.8200,334.2800,328.8000,333.0300,2064334,329.1976,328.4425,54.32,17.74
2025-04-24 13:30:00,333.1000,333.8500,331.8000,333.3200,1293061,330.0221,328.8859,54.59,16.54
2025-04-25 09:30:00,332.2900,333.8800,329.7100,333.7600,1723964,330.7696,329.3290,55.02,15.58
2025-04-25 13:30:00,333.6200,333.7200,331.8700,332.8300,1163871,331.1817,329.6473,53.86,14.69
2025-04-28 09:30:00,334.2900,336.8300,332.7900,332.7900,1768565,331.5034,329.9330,53.81,13.90
2025-04-28 13:30:00,332.7700,336.0100,332.5400,335.2900,1489750,332.2607,330.4200,56.65,13.13
2025-04-29 09:30:00,336.0000,337.7700,333.9700,337.7700,2292582,333.3626,331.0882,59.32,12.69
2025-04-29 13:30:00,337.7400,339.7400,337.4500,338.7200,2006359,334.4340,331.7820,60.33,12.60
2025-04-30 09:30:00,331.9700,341.5400,330.7800,339.8200,3708853,335.5112,332.5127,61.52,12.05
2025-04-30 13:30:00,339.9700,343.9600,337.7900,342.3100,2736206,336.8710,333.4034,64.14,11.25
2025-05-01 09:30:00,343.0300,343.1600,337.6100,341.2400,2881753,337.7448,334.1158,62.18,10.47
2025-05-01 13:30:00,341.2800,342.2700,339.3400,339.7700,2017942,338.1498,334.6298,59.49,9.74
2025-05-02 09:30:00,344.6500,347.5000,344.0200,344.3300,2806833,339.3859,335.5116,64.61,9.98
2025-05-02 13:30:00,344.3400,346.3500,343.5600,344.7800,2447608,340.4647,336.3542,65.08,10.10
2025-05-05 09:30:00,344.4300,348.2500,343.5600,347.3500,1986693,341.8418,337.3538,67.71,10.53
2025-05-05 13:30:00,347.4000,348.4500,345.8600,346.4900,1207637,342.7714,338.1844,65.92,10.96
2025-05-06 09:30:00,343.8400,347.0600,343.2000,345.8200,1557697,343.3811,338.8785,64.49,10.73
2025-05-06 13:30:00,345.7800,346.4700,344.8700,344.9700,1013855,343.6989,339.4323,62.63,10.53
2025-05-07 09:30:00,346.1200,348.5500,344.9900,347.5500,1617878,344.4691,340.1703,65.84,10.75
2025-05-07 13:30:00,347.6400,348.3800,344.6400,347.1000,1298481,344.9953,340.8003,64.80,10.87
2025-05-08 09:30:00,349.4000,352.7000,348.3500,351.8700,1673889,346.3702,341.8066,70.20,11.80
2025-05-08 13:30:00,351.8300,352.3800,348.7000,349.0200,1359608,346.9002,342.4624,63.89,12.67
2025-05-09 09:30:00,349.2300,351.1800,348.0800,349.4100,1414712,347.4022,343.0940,64.36,13.29
2025-05-09 13:30:00,349.4000,350.7400,349.1700,349.7500,929571,347.8717,343.6991,64.79,13.86
2025-05-12 09:30:00,356.4800,359.2100,348.5300,351.6100,2979950,348.6194,344.4182,67.14,15.81
2025-05-12 13:30:00,351.6200,353.6600,351.5700,353.2900,1441248,349.5535,345.2248,69.15,17.63
2025-05-13 09:30:00,353.4800,356.8100,352.5400,354.6800,1978503,350.5788,346.0843,70.73,19.73
2025-05-13 13:30:00,354.6800,355.9800,354.0600,354.1000,1458012,351.2830,346.8130,69.13,21.68
2025-05-14 09:30:00,354.6200,356.3500,353.1700,353.5500,1492437,351.7364,347.4255,67.57,23.17
2025-05-14 13:30:00,353.4900,355.0200,353.4800,354.2700,1019964,352.2431,348.0477,68.57,24.54
2025-05-15 09:30:00,354.8400,361.6400,354.6200,359.6900,3582557,353.7325,349.1061,74.86,26.70
2025-05-15 13:30:00,359.7500,360.6500,359.3300,360.6000,1233923,355.1060,350.1510,75.74,28.69
2025-05-16 09:30:00,360.8600,364.0800,358.8200,363.1200,2780790,356.7088,351.3300,78.03,30.92
2025-05-16 13:30:00,363.1200,363.4500,362.3600,363.1500,1476682,357.9970,352.4045,78.05,32.98
2025-05-19 09:30:00,360.9300,367.0300,360.2400,366.8800,2201122,359.7736,353.7205,81.11,35.24
2025-05-19 13:30:00,366.9300,367.0000,365.2000,365.8000,1519845,360.9789,354.8186,77.73,37.35
2025-05-20 09:30:00,365.6700,366.1300,363.4000,364.2600,1688415,361.6351,355.6769,73.07,38.52
2025-05-20 13:30:00,364.2600,365.4700,362.5900,364.7400,1365307,362.2561,356.5009,73.60,39.28
2025-05-21 09:30:00,361.6300,363.8900,357.0500,357.0600,2087277,361.2169,356.5517,54.91,38.01
2025-05-21 13:30:00,357.0500,358.6600,356.0200,356.3100,1622028,360.2355,356.5297,53.48,36.52
2025-05-22 09:30:00,355.7000,357.2600,354.5100,357.1100,1894096,359.6104,356.5825,54.83,34.69
2025-05-22 13:30:00,357.1300,357.9300,355.7800,355.8000,1324233,358.8483,356.5113,52.16,33.14
2025-05-23 09:30:00,351.7100,353.4600,350.2000,353.1200,2153157,357.7027,356.2030,47.11,31.32
2025-05-23 13:30:00,353.0500,353.9500,351.3300,351.6500,1416905,356.4921,355.7891,44.56,29.49
2025-05-27 09:30:00,353.3700,356.9700,352.4400,356.7400,1985189,356.5417,355.8756,53.87,27.74
2025-05-27 13:30:00,356.7400,357.9300,356.6100,357.5000,1473013,356.7334,356.0232,55.08,26.34
2025-05-28 09:30:00,357.2700,358.8400,355.9800,358.1600,1594166,357.0187,356.2175,56.16,25.26
2025-05-28 13:30:00,358.1500,358.5400,357.0000,357.7900,922090,357.1730,356.3604,55.36,24.25
2025-05-29 09:30:00,358.2800,360.5100,356.6600,360.0700,1719977,357.7524,356.6977,59.22,23.81
2025-05-29 13:30:00,360.0400,360.9500,359.4200,360.4300,1536013,358.2879,357.0370,59.81,23.50
2025-05-30 09:30:00,359.2700,362.7000,359.2700,360.2700,1889344,358.6843,357.3309,59.40,23.63
2025-05-30 13:30:00,360.2700,364.9300,360.2400,362.9100,2017460,359.5294,357.8381,63.83,24.22
2025-06-02 09:30:00,360.6800,361.9600,357.8900,360.6700,2121663,359.7576,358.0955,58.04,23.91
2025-06-02 13:30:00,360.7300,363.3600,360.3100,363.3000,1125606,360.4660,358.5687,62.36,23.93
2025-06-03 09:30:00,362.4800,364.7700,359.4200,362.5000,2280319,360.8728,358.9261,60.33,24.27
2025-06-03 13:30:00,362.5000,364.2400,361.7700,363.7700,1461103,361.4523,359.3664,62.42,24.58
2025-06-04 09:30:00,364.6000,367.5300,364.2000,366.6200,1691160,362.4858,360.0258,66.67,25.55
2025-06-04 13:30:00,366.5400,366.8900,365.2200,365.9100,1210689,363.1707,360.5608,64.71,26.46
2025-06-05 09:30:00,367.8700,368.8700,365.4300,366.4300,2644899,363.8225,361.0943,65.51,27.67
2025-06-05 13:30:00,366.4900,366.9400,363.8300,364.8100,1461219,364.0200,361.4321,60.87,28.09
2025-06-06 09:30:00,366.8900,368.8700,365.4400,366.6700,1586318,364.5500,361.9083,64.02,28.87
2025-06-06 13:30:00,366.6300,368.5600,366.6100,367.9900,1043296,365.2380,362.4612,66.11,29.60
2025-06-09 09:30:00,367.6600,367.6600,359.9700,364.9500,2403047,365.1804,362.6874,57.80,27.81
2025-06-09 13:30:00,364.9500,365.6900,364.4500,364.4900,1301976,365.0423,362.8513,56.64,26.15
2025-06-10 09:30:00,364.8900,368.1600,364.5700,367.6900,1916880,365.5719,363.2912,62.31,25.26
2025-06-10 13:30:00,367.7200,369.3000,367.3700,368.7500,1383766,366.2075,363.7874,63.99,24.72
2025-06-11 09:30:00,367.8700,373.2700,367.2600,373.2400,2786030,367.6140,364.6468,70.07,25.09
2025-06-11 13:30:00,373.2300,373.3500,369.4500,371.3800,1632468,368.3672,365.2589,65.16,25.44
2025-06-12 09:30:00,370.0900,372.0200,368.7000,369.0000,1712830,368.4938,365.5990,59.42,25.48
2025-06-12 13:30:00,369.0000,369.5300,367.4200,369.2700,1281334,368.6490,365.9327,59.85,25.03
2025-06-13 09:30:00,359.4300,360.9200,343.0200,351.1300,9592051,365.1452,364.5870,33.82,26.35
2025-06-13 13:30:00,351.0500,351.2000,347.5400,350.9000,2966227,362.2962,363.3427,33.62,27.57
2025-06-16 09:30:00,354.4400,358.1500,352.9600,354.2100,3664006,360.6789,362.5125,39.18,27.19
2025-06-16 13:30:00,354.2100,354.7600,352.2900,353.5500,2458326,359.2531,361.6977,38.49,26.92
2025-06-17 09:30:00,351.4600,357.5400,351.2900,356.6600,2623213,358.7345,361.2397,43.55,26.11
2025-06-17 13:30:00,356.6400,357.2100,355.1100,355.8900,1737696,358.1656,360.7534,42.62,25.36
2025-06-18 09:30:00,355.7900,356.4100,338.1600,343.1300,6802340,355.1585,359.1513,30.81,26.53
2025-06-18 13:30:00,342.9300,345.7700,336.1000,338.4600,6020438,351.8188,357.2702,27.77,27.77
2025-06-20 09:30:00,337.0000,338.0500,332.9900,336.2000,7719002,348.6950,355.3548,26.42,29.17
2025-06-20 13:30:00,336.1500,337.4400,334.6100,336.3700,3735450,346.2300,353.6289,26.71,30.46
2025-06-23 09:30:00,335.5600,338.9800,333.7000,338.4900,3834429,344.6820,352.2526,30.39,31.32
2025-06-23 13:30:00,338.5600,342.3200,338.4300,341.7600,2774562,344.0976,351.2987,35.75,31.39
2025-06-24 09:30:00,349.5000,352.5200,345.9200,348.2400,4713420,344.9261,351.0207,44.82,29.65
2025-06-24 13:30:00,348.2900,350.6900,347.9000,349.6500,2731885,345.8709,350.8961,46.59,28.03
2025-06-25 09:30:00,348.4400,349.2700,345.6500,345.8300,2558959,345.8627,350.4355,42.61,26.84
2025-06-25 13:30:00,345.7600,345.9900,343.5900,344.1100,2553633,345.5122,349.8605,40.91,26.01
2025-06-26 09:30:00,341.8000,344.9200,340.0600,342.8600,4673797,344.9817,349.2241,39.68,25.69
2025-06-26 13:30:00,342.9800,344.6700,342.3900,344.2500,2574162,344.8354,348.7719,41.78,25.40
2025-06-27 09:30:00,344.6000,349.9900,343.6700,348.9200,2639712,345.6523,348.7853,48.31,24.12
2025-06-27 13:30:00,348.9200,349.2600,346.2700,346.7900,1888298,345.8798,348.6039,45.79,22.94
2025-06-30 09:30:00,347.3400,352.5500,347.0500,352.5300,2523526,347.2099,348.9609,52.92,21.35
2025-06-30 13:30:00,352.4800,353.5700,351.4300,352.7000,2314616,348.3079,349.3008,53.12,20.05
2025-07-01 09:30:00,351.7900,353.8800,349.4000,353.8200,3091794,349.4103,349.7116,54.47,18.77
2025-07-01 13:30:00,353.7900,354.9500,353.0500,353.5000,1923580,350.2283,350.0560,53.99,17.48
2025-07-02 09:30:00,352.5600,354.3100,348.1300,350.2500,2872779,350.2326,350.0737,49.26,17.05
2025-07-02 13:30:00,350.3700,352.3500,347.9900,352.0500,1557082,350.5961,350.2533,51.78,16.68
2025-07-03 09:30:00,352.5500,356.9400,351.5800,356.6400,4835089,351.8049,350.8339,57.57,15.57
2025-07-03 13:30:00,355.9500,357.1100,355.9500,356.6100,578255,352.7659,351.3590,57.52,14.58
2025-07-07 09:30:00,356.8600,357.5900,352.9400,353.5500,2492904,352.9227,351.5582,52.64,14.00
2025-07-07 13:30:00,353.5500,354.6500,352.4500,354.5200,1649396,353.2422,351.8275,53.97,13.57
2025-07-08 09:30:00,354.6300,356.2200,352.4600,353.0700,2300124,353.2077,351.9404,51.63,12.80
2025-07-08 13:30:00,353.1000,353.2900,351.2200,352.0700,2434758,352.9802,351.9522,50.02,12.36
2025-07-09 09:30:00,353.0300,354.9500,351.7200,353.0600,1842991,352.9962,352.0529,51.63,11.55
2025-07-09 13:30:00,353.1200,355.6400,352.8000,355.1200,1635404,353.4209,352.3317,54.88,10.81
2025-07-10 09:30:00,354.7800,355.5600,351.4200,354.9500,2263382,353.7267,352.5698,54.56,10.29
2025-07-10 13:30:00,354.9500,355.1300,353.3800,353.7100,1803455,353.7234,352.6734,52.12,9.80
2025-07-11 09:30:00,350.4800,351.7800,344.5200,345.1500,3266896,352.0087,351.9895,39.14,11.12
2025-07-11 13:30:00,345.1900,346.0300,342.4100,345.7500,2803870,350.7570,351.4222,40.27,12.66
2025-07-14 09:30:00,345.3900,349.9500,343.0300,349.0900,3154217,350.4236,351.2102,46.21,13.04
2025-07-14 13:30:00,349.0600,349.3400,347.7200,348.4700,1540720,350.0329,350.9611,45.31,13.40
2025-07-15 09:30:00,346.1200,348.2000,344.7700,346.4600,2487725,349.3183,350.5519,42.42,14.25
2025-07-15 13:30:00,346.4600,347.4500,344.8100,344.8300,1706733,348.4206,350.0317,40.18,15.03
2025-07-16 09:30:00,345.2900,347.3800,343.8100,347.1200,2338764,348.1605,349.7670,44.61,15.94
2025-07-16 13:30:00,347.0900,348.6500,347.0000,347.8500,1445708,348.0984,349.5928,45.98,16.38
2025-07-17 09:30:00,347.9900,349.3500,346.4800,347.8700,2181134,348.0527,349.4361,46.02,16.58
2025-07-17 13:30:00,347.8900,349.0900,347.4500,348.1800,1755359,348.0782,349.3220,46.67,16.76
2025-07-18 09:30:00,347.4900,347.4900,345.1600,346.6300,2812414,347.7885,349.0772,43.83,17.43
2025-07-18 13:30:00,346.6800,347.4300,346.5800,346.9300,1253525,347.6168,348.8820,44.53,18.05
2025-07-21 09:30:00,347.0500,351.6200,346.4000,350.8000,1864400,348.2535,349.0564,52.75,17.22
2025-07-21 13:30:00,350.8600,351.3600,348.8100,349.2100,1409475,348.4448,349.0704,49.51,16.45
2025-07-22 09:30:00,349.0800,352.4400,348.1900,349.7100,2233874,348.6978,349.1285,50.54,15.40
2025-07-22 13:30:00,349.7800,350.1700,348.6700,349.8100,1433511,348.9203,349.1905,50.75,14.42
2025-07-23 09:30:00,350.9700,353.3400,349.1900,353.0300,2356165,349.7422,349.5395,57.25,14.23
2025-07-23 13:30:00,353.0100,353.7300,352.6400,353.5900,1346135,350.5118,349.9077,58.28,14.15
2025-07-24 09:30:00,352.7800,355.1300,352.4600,353.9200,1787609,351.1934,350.2725,58.91,14.47
2025-07-24 13:30:00,353.9000,354.6700,351.8300,352.0800,2310742,351.3707,350.4368,54.02,14.52
2025-07-25 09:30:00,351.9600,355.0800,350.9800,354.3800,1757675,351.9726,350.7953,58.64,14.23
2025-07-25 13:30:00,354.3900,355.5900,354.3900,354.9900,1346416,352.5761,351.1766,59.79,14.12
2025-07-28 09:30:00,354.3300,356.2600,353.1100,353.2600,1806603,352.7129,351.3660,55.10,13.50
2025-07-28 13:30:00,353.2700,353.8100,352.6900,353.5000,1393961,352.8703,351.5600,55.62,12.75
2025-07-29 09:30:00,354.2400,356.2600,351.3200,352.3600,3013723,352.7682,351.6327,52.51,12.91
2025-07-29 13:30:00,352.4300,352.6000,348.7900,350.7900,2648663,352.3726,351.5561,48.48,12.07
2025-07-30 09:30:00,349.6800,354.5700,345.2300,350.8200,6269648,352.0621,351.4892,48.56,12.25
2025-07-30 13:30:00,350.8200,351.2200,346.7200,349.0100,4317877,351.4517,351.2638,44.05,12.41
2025-07-31 09:30:00,346.9200,350.7900,345.5600,347.4600,3526329,350.6533,350.9180,40.58,12.89
2025-07-31 13:30:00,347.4500,347.9300,343.1100,343.5200,3015041,349.2267,350.2455,33.38,13.99
2025-08-01 09:30:00,342.1200,344.1800,336.6100,336.7500,4553629,346.7313,349.0186,25.12,16.25
2025-08-01 13:30:00,336.6400,337.8100,336.1600,337.0900,3041401,344.8031,347.9342,26.11,18.41
2025-08-04 09:30:00,339.7300,342.2900,338.0500,342.0800,3019497,344.2584,347.4020,38.86,18.75
2025-08-04 13:30:00,342.0500,342.4000,339.6800,340.0700,3148376,343.4208,346.7354,36.16,19.03
2025-08-05 09:30:00,340.1800,340.4900,333.6200,337.0700,3384409,342.1506,345.8568,32.52,20.39
2025-08-05 13:30:00,337.0500,337.2300,334.9900,335.1800,2683722,340.7565,344.8862,30.44,21.65
2025-08-06 09:30:00,336.3500,339.4700,333.5000,338.2800,3308767,340.2612,344.2856,37.50,22.05
2025-08-06 13:30:00,338.1500,338.4700,337.0700,337.8500,1759506,339.7790,343.7005,36.94,22.42
2025-08-07 09:30:00,339.4700,340.1800,326.8100,326.8900,4418124,337.2012,342.1723,26.20,24.29
2025-08-07 13:30:00,326.8500,330.8000,326.8400,330.1200,3426568,335.7849,341.0766,32.43,26.03
2025-08-08 09:30:00,331.7600,334.7200,330.8200,333.9000,2667051,335.4079,340.4242,38.93,26.42
2025-08-08 13:30:00,333.8500,335.4400,333.8500,334.9400,2189405,335.3144,339.9257,40.63,26.58
2025-08-11 09:30:00,334.7900,335.9200,332.5900,333.6000,1812914,334.9715,339.3506,39.12,26.92
2025-08-11 13:30:00,333.5600,334.3000,333.1900,334.1500,1426664,334.8072,338.8778,40.10,27.25
2025-08-12 09:30:00,333.8600,337.2900,333.4700,334.3600,2381283,334.7177,338.4671,40.50,26.60
2025-08-12 13:30:00,334.4000,335.5400,333.6600,335.4000,1661271,334.8542,338.1883,42.51,26.01
2025-08-13 09:30:00,335.6300,342.1000,335.4300,341.1000,2717970,336.1034,338.4530,52.10,24.56
2025-08-13 13:30:00,341.1100,342.0500,340.3200,341.3100,1903125,337.1447,338.7127,52.41,23.22
2025-08-14 09:30:00,341.5700,344.3600,340.3000,342.7500,2537385,338.2658,339.0797,54.62,22.48
2025-08-14 13:30:00,342.8100,344.6900,342.1700,343.9700,2015077,339.4066,339.5243,56.46,21.88
2025-08-15 09:30:00,344.8600,346.9600,341.4900,342.9800,2772013,340.1213,339.8385,54.53,21.80
2025-08-15 13:30:00,342.9800,343.7400,342.5500,343.1100,1287082,340.7190,340.1359,54.74,21.73
2025-08-18 09:30:00,342.4600,344.3400,340.5100,340.5800,1750298,340.6912,340.1762,49.73,21.00
2025-08-18 13:30:00,340.5800,342.0400,339.5800,341.2700,1426021,340.8070,340.2757,51.05,20.04
2025-08-19 09:30:00,341.1900,344.9500,340.6400,341.6200,1694542,340.9696,340.3979,51.74,19.86
2025-08-19 13:30:00,341.6100,341.6200,340.5200,341.2000,1445153,341.0157,340.4708,50.81,19.66
2025-08-20 09:30:00,342.0200,346.0500,341.6800,342.9600,2382662,341.4045,340.6971,54.49,20.42
2025-08-20 13:30:00,342.8600,344.5200,341.4800,342.5200,1508600,341.6276,340.8628,53.41,21.06
2025-08-21 09:30:00,341.5200,343.1400,338.3600,342.0300,1494859,341.7081,340.9689,52.18,20.58
2025-08-21 13:30:00,342.0200,342.8300,341.8200,342.3100,1204208,341.8285,341.0908,52.85,20.14
2025-08-22 09:30:00,343.8400,349.7900,343.8400,348.4500,2456292,343.1528,341.7599,64.58,21.14
2025-08-22 13:30:00,348.4500,348.9100,347.7300,348.5400,1643825,344.2302,342.3762,64.72,22.06
2025-08-25 09:30:00,348.2100,349.3100,346.1100,348.8200,1890271,345.1482,342.9620,65.18,22.36
2025-08-25 13:30:00,348.8700,348.9200,347.3500,347.5400,1440287,345.6265,343.3782,61.28,22.64
2025-08-26 09:30:00,347.2900,351.9800,346.0500,347.0500,2197641,345.9112,343.7120,59.80,23.49
2025-08-26 13:30:00,347.1100,350.0100,346.8400,349.7400,1307852,346.6770,344.2600,64.81,24.28
2025-08-27 09:30:00,349.3000,352.0100,348.4400,348.4400,2186352,347.0296,344.6400,60.86,25.39
2025-08-27 13:30:00,348.5200,349.5100,348.4500,348.8400,1390387,347.3917,345.0218,61.64,26.42
2025-08-28 09:30:00,349.2000,349.6300,347.8000,349.4400,1379407,347.8013,345.4235,62.83,27.08
2025-08-28 13:30:00,349.4400,349.5400,347.2000,348.5100,1246963,347.9431,345.7041,59.74,27.43
2025-08-29 09:30:00,349.0600,351.0400,347.6000,350.5600,1415498,348.4665,346.1455,63.94,28.09
2025-08-29 13:30:00,350.5100,351.2200,349.7500,350.5600,1042860,348.8852,346.5468,63.94,28.74
2025-09-02 09:30:00,347.9100,348.7600,344.6900,347.3500,2253425,348.5781,346.6198,53.74,27.26
2025-09-02 13:30:00,347.3800,348.6200,346.7500,348.4500,1087376,348.5525,346.7862,56.31,25.88
2025-09-03 09:30:00,347.9400,348.9300,345.8700,347.0900,1707052,348.2600,346.8138,52.43,24.28
2025-09-03 13:30:00,347.0900,349.4800,346.2900,349.3300,1510333,348.4740,347.0426,57.61,22.98
2025-09-04 09:30:00,349.3200,350.3400,347.7500,350.3100,1551748,348.8412,347.3396,59.68,22.07
2025-09-04 13:30:00,350.3400,351.2200,348.5800,348.9300,1768896,348.8590,347.4842,55.57,21.52
2025-09-05 09:30:00,349.9700,351.2100,339.5600,340.0300,2383717,347.0932,346.8065,37.58,21.70
2025-09-05 13:30:00,340.0200,342.0500,338.8400,341.7200,1624083,346.0185,346.3441,41.45,22.02
2025-09-08 09:30:00,340.9700,343.0000,339.6300,342.9300,1876899,345.4008,346.0338,44.13,21.97
2025-09-08 13:30:00,342.8100,342.9800,339.9200,341.0200,1930406,344.5247,345.5780,40.95,21.93
2025-09-09 09:30:00,340.3200,344.9300,339.9200,342.6000,1876624,344.1397,345.3072,44.51,21.16
2025-09-09 13:30:00,342.6700,344.5600,342.5200,342.7400,1862974,343.8598,345.0739,44.83,20.45
2025-09-10 09:30:00,341.2400,341.2400,335.0900,338.8800,3364256,342.8638,344.5108,38.32,21.50
2025-09-10 13:30:00,338.8500,339.4900,336.1600,336.8800,1925939,341.6671,343.8171,35.44,22.48
2025-09-11 09:30:00,337.3700,340.5500,336.5200,340.2300,2582326,341.3796,343.4910,43.13,22.97
2025-09-11 13:30:00,340.1400,342.1500,339.9900,342.0900,1675829,341.5217,343.3636,46.92,22.83
2025-09-12 09:30:00,339.8500,341.8200,338.0600,339.1100,1599587,341.0394,342.9769,42.09,23.14
2025-09-12 13:30:00,339.1500,339.4700,337.8100,338.0200,1081982,340.4355,342.5263,40.45,23.48
2025-09-15 09:30:00,339.2500,341.3400,337.7500,337.8900,2006166,339.9264,342.1048,40.25,23.07
2025-09-15 13:30:00,337.7400,338.4100,337.0300,337.7000,1661797,339.4811,341.7044,39.93,22.87
2025-09-16 09:30:00,334.8900,337.8900,332.1300,337.3600,2668738,339.0569,341.3094,39.34,23.77
2025-09-16 13:30:00,337.3600,339.1800,337.1800,338.6800,1796662,338.9815,341.0704,42.87,24.12
2025-09-17 09:30:00,338.5800,342.9100,338.1600,342.1400,2481931,339.6132,341.1676,50.93,23.17
2025-09-17 13:30:00,342.2100,344.7200,341.2500,344.6000,1965103,340.6106,341.4797,55.71,21.77
2025-09-18 09:30:00,343.3500,343.8900,338.1700,340.3400,2258443,340.5565,341.3761,47.14,21.22
2025-09-18 13:30:00,340.3400,341.2600,336.8500,336.9400,2373655,339.8332,340.9728,41.64,21.00
2025-09-19 09:30:00,339.0900,340.1500,336.8900,339.5600,3387808,339.7785,340.8443,46.79,20.80
2025-09-19 13:30:00,339.4800,341.3200,338.7800,340.2200,2206956,339.8668,340.7876,48.04,20.21
2025-09-22 09:30:00,337.6500,342.4600,337.3000,341.7500,2101699,340.2435,340.8751,50.91,20.04
2025-09-22 13:30:00,341.8200,343.4800,340.9600,343.0000,1494787,340.7948,341.0683,53.18,19.53
2025-09-23 09:30:00,343.2100,343.8700,338.2000,338.3200,2422282,340.2998,340.8184,44.81,19.74
2025-09-23 13:30:00,338.2800,339.7300,336.2800,337.4900,1887653,339.7379,340.5158,43.50,20.36
2025-09-24 09:30:00,337.7700,338.5400,336.5700,338.1400,2355137,339.4183,340.2998,44.86,20.94
2025-09-24 13:30:00,338.1800,338.2400,336.9400,337.3000,1475243,338.9946,340.0271,43.41,21.47
2025-09-25 09:30:00,336.9900,338.8400,333.1700,334.7600,2286928,338.1477,339.5483,39.27,22.78
2025-09-25 13:30:00,334.7100,335.0700,333.4500,333.7000,1771560,337.2582,339.0166,37.66,23.99
2025-09-26 09:30:00,335.8800,338.1400,334.8800,337.3000,1732262,337.2665,338.8606,45.80,23.82
2025-09-26 13:30:00,337.3000,337.5300,335.5100,336.0200,1622126,337.0172,338.6023,43.62,23.66
2025-09-29 09:30:00,336.0300,338.2800,334.2100,337.2700,2137759,337.0678,338.4812,46.31,23.85
2025-09-29 13:30:00,337.5100,339.2800,337.0300,338.8700,1590265,337.4282,338.5166,49.62,23.59
2025-09-30 09:30:00,338.4600,344.2300,337.1500,338.8200,3396760,337.7066,338.5442,49.52,22.19
2025-09-30 13:30:00,338.7600,340.6100,338.7100,339.9400,1681230,338.1533,338.6710,51.92,20.89
2025-10-01 09:30:00,338.9500,347.9600,338.9500,345.9500,4527528,339.7126,339.3328,62.29,21.44
2025-10-01 13:30:00,345.9600,347.5100,345.1100,346.4500,2396005,341.0601,339.9798,63.01,21.96
2025-10-02 09:30:00,344.8300,345.7900,342.1800,343.7900,2550226,341.6061,340.3262,56.83,21.46
2025-10-02 13:30:00,343.7000,345.5200,343.4700,344.5700,1786988,342.1989,340.7120,58.13,21.00
2025-10-03 09:30:00,344.7200,351.7400,344.6100,350.5600,2156580,343.8711,341.6073,66.46,21.83
2025-10-03 13:30:00,350.5100,350.7000,348.2800,348.5300,1640987,344.8029,342.2366,61.96,22.61
2025-10-06 09:30:00,348.6100,349.7100,342.9700,347.9800,2524422,345.4383,342.7587,60.76,21.71
2025-10-06 13:30:00,347.9900,348.5300,347.0200,347.8700,1528132,345.9246,343.2234,60.51,20.87
2025-10-07 09:30:00,348.6600,353.0200,348.6600,351.0300,2327115,346.9457,343.9331,65.00,21.02
2025-10-07 13:30:00,351.0100,351.0600,349.4800,351.0600,1214525,347.7686,344.5810,65.04,21.15
2025-10-08 09:30:00,352.3600,353.5800,350.3100,352.3600,1912691,348.6869,345.2882,66.84,21.75
2025-10-08 13:30:00,352.3200,352.4100,349.6900,349.9900,1302888,348.9475,345.7156,60.71,22.10
2025-10-09 09:30:00,350.0600,351.4600,345.9300,346.5400,1631021,348.4660,345.7905,53.07,21.28
2025-10-09 13:30:00,346.5500,346.7400,344.2000,345.6300,1648444,347.8988,345.7760,51.24,20.06
2025-10-10 09:30:00,346.2400,349.0000,343.2200,344.2200,1935635,347.1630,345.6345,48.45,19.44
2025-10-10 13:30:00,344.2500,345.1300,341.8700,342.4100,1576764,346.2124,345.3414,45.06,18.50
2025-10-13 09:30:00,342.3400,346.2700,339.3600,341.4900,1623198,345.2679,344.9912,43.40,17.38
2025-10-13 13:30:00,341.5600,343.0000,340.8400,341.9000,1589099,344.5944,344.7102,44.39,16.35
2025-10-14 09:30:00,339.6300,347.5600,338.8600,346.9200,2031889,345.0595,344.9111,54.76,16.10
2025-10-14 13:30:00,346.9300,348.6100,345.4100,347.0100,1349953,345.4496,345.1019,54.92,16.10
2025-10-15 09:30:00,346.9800,348.6700,342.6200,343.6500,1430923,345.0897,344.9699,48.00,15.31
2025-10-15 13:30:00,343.6500,346.3900,343.5600,344.3400,1288665,344.9397,344.9127,49.41,14.58
2025-10-16 09:30:00,343.6200,344.3000,334.4300,337.3100,2906184,343.4138,344.2215,38.07,15.16
2025-10-16 13:30:00,337.3000,337.4500,332.8300,333.9900,2245965,341.5290,343.2914,34.10,15.96
2025-10-17 09:30:00,336.4200,341.1300,335.6500,340.4900,3331093,341.3212,343.0367,45.99,15.76
2025-10-17 13:30:00,340.4800,342.0700,339.2500,340.5200,1779229,341.1610,342.8079,46.04,15.34
2025-10-20 09:30:00,340.5300,342.3300,337.5800,342.0300,1626324,341.3348,342.7372,48.54,15.28
2025-10-20 13:30:00,342.0000,343.5800,341.8500,343.0700,1054863,341.6818,342.7674,50.25,14.90
2025-10-21 09:30:00,341.7500,348.2500,341.6300,345.9500,1583349,342.5355,343.0568,54.74,14.20
2025-10-21 13:30:00,345.9600,347.1800,345.4100,345.8200,1273604,343.1924,343.3080,54.50,13.55
2025-10-22 09:30:00,346.4300,346.7800,343.1200,345.3400,1943663,343.6219,343.4927,53.57,12.76
2025-10-22 13:30:00,345.1800,345.2800,343.6200,343.9700,1067895,343.6915,343.5361,50.90,12.03
2025-10-23 09:30:00,344.8100,345.5700,343.0800,343.9900,1372120,343.7512,343.5774,50.94,11.48
2025-10-23 13:30:00,344.0900,345.7600,343.9900,344.5900,1025483,343.9190,343.6694,52.15,10.92
2025-10-24 09:30:00,346.8000,347.6800,343.9400,346.2500,1601674,344.3852,343.9040,55.42,10.43
2025-10-24 13:30:00,346.2200,347.0600,345.6100,346.0300,1211637,344.7141,344.0973,54.89,9.97
2025-10-27 09:30:00,347.6000,348.1200,343.6300,346.5900,1791931,345.0893,344.3239,56.05,9.57
2025-10-27 13:30:00,346.6600,347.4000,346.0600,346.5200,1430871,345.3755,344.5235,55.86,9.20
2025-10-28 09:30:00,347.1800,348.4900,345.1100,346.9100,2788737,345.6824,344.7405,56.76,8.60
2025-10-28 13:30:00,347.0300,347.1800,345.4100,345.8600,2667536,345.7179,344.8423,53.59,8.04
2025-10-29 09:30:00,344.6100,349.5700,339.2500,341.3000,4629244,344.8343,344.5202,42.51,9.16
2025-10-29 13:30:00,341.3000,341.3700,337.6400,340.0800,2488258,343.8834,344.1166,40.12,10.56
2025-10-30 09:30:00,340.8500,348.3100,340.4200,345.7700,3090911,344.2608,344.2669,53.31,9.86
2025-10-30 13:30:00,345.7700,345.8300,342.3000,343.6400,2211302,344.1366,344.2099,48.96,9.22
2025-10-31 09:30:00,340.7100,341.6300,336.8200,337.5200,2830295,342.8133,343.6017,39.09,9.75
2025-10-31 13:30:00,337.5200,341.2800,336.9500,339.4100,1997399,342.1326,343.2207,42.92,10.25
2025-11-03 09:30:00,339.6300,339.8400,333.4800,334.8000,2648904,340.6661,342.4551,36.84,11.38
2025-11-03 13:30:00,334.8500,336.4900,334.7700,335.5600,1263085,339.6449,341.8283,38.39,12.43
2025-11-04 09:30:00,335.1300,338.8900,332.9100,338.2500,2827541,339.3659,341.5030,43.66,12.66
2025-11-04 13:30:00,338.2600,338.9600,337.0500,338.8600,1924030,339.2647,341.2627,44.81,12.85
2025-11-05 09:30:00,338.7700,340.7400,335.0100,337.1500,2669541,338.8418,340.8889,42.20,13.48
2025-11-05 13:30:00,337.1000,339.7300,336.9600,338.7100,1309183,338.8154,340.6908,45.33,14.07
2025-11-06 09:30:00,337.2300,337.2900,332.3700,334.2900,2740614,337.9103,340.1089,38.91,15.54
2025-11-06 13:30:00,334.2800,336.5500,333.7800,335.7100,1603189,337.4703,339.7090,41.76,16.90
2025-11-07 09:30:00,335.3800,336.9300,333.5100,333.9000,2426782,336.7562,339.1809,39.25,18.02
2025-11-07 13:30:00,333.9100,336.1400,333.8400,334.7400,1717422,336.3530,338.7772,41.02,19.05
2025-11-10 09:30:00,335.3000,337.3200,333.6900,333.8900,2109250,335.8604,338.3329,39.76,19.51
2025-11-10 13:30:00,333.8800,335.4300,332.9800,333.5700,1956215,335.4023,337.8999,39.27,20.11
2025-11-11 09:30:00,334.1600,336.7300,331.8600,336.1200,2070042,335.5458,337.7381,45.09,20.11
2025-11-11 13:30:00,336.1300,337.6400,335.4600,337.6000,1504825,335.9567,337.7255,48.19,19.73
2025-11-12 09:30:00,337.5600,343.5600,336.7100,341.3100,2752043,337.0273,338.0514,55.05,19.21
2025-11-12 13:30:00,341.2500,341.5900,338.2200,338.2900,2183149,337.2799,338.0731,49.33,18.73
2025-11-13 09:30:00,338.3400,340.7600,336.3300,338.2800,1912038,337.4799,338.0919,49.31,17.63
2025-11-13 13:30:00,338.2300,338.4800,334.9200,335.4400,2011062,337.0719,337.8508,44.29,16.58
2025-11-14 09:30:00,335.2100,335.4000,329.4200,329.5800,2958420,335.5735,337.0989,36.11,17.02
2025-11-14 13:30:00,329.5400,330.0500,328.3600,329.3300,2314444,334.3248,336.3927,35.81,17.65
2025-11-17 09:30:00,330.4900,332.6800,326.9400,327.2600,2648089,332.9119,335.5624,33.31,17.35
2025-11-17 13:30:00,327.1800,327.7200,324.2700,324.8600,2654971,331.3015,334.5895,30.64,17.67
2025-11-18 09:30:00,323.8400,324.3400,317.3500,319.9500,4528747,329.0312,333.2586,26.05,19.16
2025-11-18 13:30:00,320.0000,321.2500,318.1900,320.4400,2936529,327.3130,332.0933,27.22,20.54
2025-11-19 09:30:00,320.8600,323.9000,319.2200,321.0800,3559616,326.0664,331.0921,28.81,20.97
2025-11-19 13:30:00,321.0800,323.6200,320.5600,323.3300,2439410,325.5191,330.3864,34.24,21.36
2025-11-20 09:30:00,323.4600,327.7300,322.7400,325.6300,2637562,325.5413,329.9540,39.34,20.52
2025-11-20 13:30:00,325.5300,326.3100,322.4800,323.0500,2322608,325.0430,329.3264,35.97,19.79
2025-11-21 09:30:00,324.7200,330.2100,323.6300,329.0700,4142291,325.8484,329.3031,47.31,18.65
2025-11-21 13:30:00,329.0300,330.4000,327.1600,327.3500,2388153,326.1487,329.1255,44.87,17.63
2025-11-24 09:30:00,328.5700,330.0600,326.1600,327.3800,2307473,326.3950,328.9668,44.92,16.41
2025-11-24 13:30:00,327.3500,328.6300,325.3400,328.3300,2164036,326.7820,328.9089,46.68,15.42
2025-11-25 09:30:00,328.2300,333.9000,328.2300,333.5400,2571405,328.1336,329.3300,55.16,15.43
2025-11-25 13:30:00,333.5000,335.3800,333.2400,333.9700,2161465,329.3009,329.7518,55.78,15.75
2025-11-26 09:30:00,333.8500,334.8200,332.3800,334.4800,2120359,330.3367,330.1816,56.56,15.78
2025-11-26 13:30:00,334.4900,335.0300,333.0700,333.1400,1159615,330.8974,330.4506,53.89,15.86
2025-11-28 09:30:00,332.7500,334.3300,331.3200,334.1200,6876815,331.5419,330.7841,55.54,15.37
2025-11-28 13:30:00,332.3200,334.2100,324.4500,332.9000,1456313,331.8135,330.9765,53.00,15.35
2025-12-01 09:30:00,332.2600,332.6200,330.6400,331.5800,2507733,331.7668,331.0314,50.31,15.34
2025-12-01 13:30:00,331.6100,331.8200,329.4700,329.9600,1881968,331.4054,330.9340,47.16,15.58
2025-12-02 09:30:00,330.7700,332.1200,326.5400,329.2100,2668148,330.9664,330.7772,45.72,16.39
2025-12-02 13:30:00,329.2000,330.2400,328.5700,328.8800,1647414,330.5491,330.6048,45.08,17.15
2025-12-03 09:30:00,328.9400,331.6700,328.6800,330.8000,2513944,330.5993,330.6225,49.56,17.36
2025-12-03 13:30:00,330.8100,331.2100,328.8300,329.0800,1791162,330.2954,330.4823,45.94,17.55
2025-12-04 09:30:00,330.6000,331.7000,323.6200,326.0300,2833931,329.4423,330.0775,40.32,18.80
2025-12-04 13:30:00,326.0100,326.5200,324.2400,326.3600,1721555,328.8259,329.7396,41.16,19.95
2025-12-05 09:30:00,326.1600,333.4300,325.7300,332.4900,2552058,329.5587,329.9896,54.07,18.87
2025-12-05 13:30:00,332.5300,332.7500,329.6800,330.4300,1707355,329.7330,330.0296,50.09,17.87
2025-12-08 09:30:00,329.2100,330.6600,324.0500,325.2100,2727560,328.8284,329.5915,41.72,18.13
2025-12-08 13:30:00,325.1400,326.7000,324.8300,326.2000,1575919,328.3027,329.2832,43.64,18.36
2025-12-09 09:30:00,325.9400,327.5600,324.4100,325.2000,1961445,327.6822,328.9120,42.13,18.32
2025-12-09 13:30:00,325.2200,325.9700,324.5200,325.8900,1507447,327.3237,328.6373,43.58,18.29
2025-12-10 09:30:00,325.9700,328.0900,325.4100,326.4000,1829100,327.1390,328.4339,44.69,17.59
2025-12-10 13:30:00,326.3500,327.2000,324.6400,325.1000,1985535,326.7312,328.1308,42.41,17.13
2025-12-11 09:30:00,331.9200,342.0700,329.3900,341.5800,5192809,329.7009,329.3534,66.06,18.15
2025-12-11 13:30:00,341.5800,346.6100,341.3600,344.9500,5021415,332.7508,330.7713,68.88,19.65
2025-12-12 09:30:00,347.2900,349.1300,345.2700,347.3800,3959113,335.6766,332.2812,70.76,21.31
2025-12-12 13:30:00,347.3800,347.9500,345.9300,347.2000,1921222,337.9813,333.6374,70.42,22.86
2025-12-15 09:30:00,347.1200,347.7400,343.1300,344.0500,3079919,339.1950,334.5840,64.57,23.53
2025-12-15 13:30:00,344.0500,346.6200,343.3300,346.1700,2569640,340.5900,335.6373,66.58,24.15
2025-12-16 09:30:00,345.3000,346.9100,343.4000,344.3900,3477785,341.3500,336.4330,63.33,24.77
2025-12-16 13:30:00,344.3700,344.9800,343.0200,344.4000,1928629,341.9600,337.1573,63.34,25.23
2025-12-17 09:30:00,344.8500,347.0800,343.4300,343.7900,2101172,342.3260,337.7603,62.14,25.99
2025-12-17 13:30:00,343.7500,345.1500,342.9800,343.7000,2487387,342.6008,338.3002,61.95,26.55
2025-12-18 09:30:00,344.4700,346.8200,343.5700,345.3900,2439050,343.1586,338.9448,64.14,27.34
2025-12-18 13:30:00,345.4500,346.4700,344.3800,345.3000,1837160,343.5869,339.5225,63.93,28.08
2025-12-19 09:30:00,345.3400,348.2500,345.3400,347.9800,3906857,344.4655,340.2914,67.36,29.07
2025-12-19 13:30:00,347.9800,349.2000,346.9500,348.4900,2300635,345.2704,341.0367,67.99,30.14
2025-12-22 09:30:00,349.2900,352.7200,348.8800,351.8800,1984262,346.5923,342.0225,71.85,31.66
2025-12-22 13:30:00,351.8700,352.0500,351.1700,351.3800,1506475,347.5499,342.8731,70.50,33.06
2025-12-23 09:30:00,351.2800,355.6500,351.2800,353.2300,1719259,348.6859,343.8147,72.55,34.83
2025-12-23 13:30:00,353.2500,353.7200,352.5000,352.6600,1220610,349.4807,344.6188,70.91,36.48
2025-12-24 09:30:00,352.6600,355.2600,352.2900,354.2800,3204460,350.4406,345.4971,72.80,38.19
2025-12-24 13:30:00,354.3900,354.4200,353.8100,354.2800,662628,351.2085,346.2955,72.80,39.78
2025-12-26 09:30:00,354.3800,356.0000,352.9900,353.2000,906817,351.6068,346.9232,69.33,41.46
2025-12-26 13:30:00,353.1700,354.6300,353.0900,354.4100,682440,352.1674,347.6038,71.00,43.01
2025-12-29 09:30:00,354.7700,355.8200,353.0800,353.7200,1211360,352.4779,348.1598,68.70,44.60
2025-12-29 13:30:00,353.7500,354.4300,353.3100,353.9100,953777,352.7643,348.6826,69.00,46.08
2025-12-30 09:30:00,353.2800,354.1500,351.9400,353.5400,1313112,352.9195,349.1242,67.65,46.62
2025-12-30 13:30:00,353.5400,353.8800,352.8700,353.0400,1395551,352.9436,349.4802,65.79,47.12
2025-12-31 09:30:00,352.9300,354.4800,351.3200,351.9200,1095044,352.7389,349.7020,61.68,46.66
2025-12-31 13:30:00,351.9000,352.3500,349.9800,350.1600,1004143,352.2231,349.7436,55.79,45.50
2026-01-02 09:30:00,349.1600,349.3400,342.7800,345.0700,2957838,350.7925,349.3187,42.99,42.84
2026-01-02 13:30:00,345.1300,347.7300,344.7300,345.7300,1607623,349.7800,348.9925,44.76,40.38
2026-01-05 09:30:00,343.8000,356.8100,343.3500,354.8600,4059320,350.7960,349.5259,62.22,39.24
2026-01-05 13:30:00,354.8200,356.2400,352.9800,353.1300,2206641,351.2628,349.8535,58.45,38.19
2026-01-06 09:30:00,352.9600,356.7400,351.2800,355.9500,2659535,352.2002,350.4078,62.45,36.66
2026-01-06 13:30:00,355.9400,357.8900,355.3100,356.8600,2372837,353.1322,350.9943,63.66,35.49
2026-01-07 09:30:00,356.4200,357.5500,353.7900,354.4600,2520207,353.3977,351.3094,58.31,33.92
2026-01-07 13:30:00,354.5400,356.4800,354.4100,355.1700,2730497,353.7522,351.6604,59.40,32.45
2026-01-08 09:30:00,354.2800,355.6200,348.7900,351.6200,3075213,353.3258,351.6567,52.08,30.78
2026-01-08 13:30:00,351.6500,352.7300,351.1000,351.4300,1948486,352.9466,351.6361,51.71,29.23
2026-01-09 09:30:00,351.4400,353.9700,348.6000,349.9200,2051584,352.3413,351.4801,48.77,28.40
2026-01-09 13:30:00,349.9200,350.3800,348.4400,349.0600,1689353,351.6850,351.2601,47.12,27.66
2026-01-12 09:30:00,342.0800,345.8000,336.6300,343.0100,5612913,349.9500,350.5101,37.53,28.94
2026-01-12 13:30:00,343.0100,344.3000,342.3600,342.5400,2592918,348.4680,349.7855,36.90,30.12
2026-01-13 09:30:00,336.3100,336.8300,323.1700,330.3900,13237339,344.8524,348.0223,25.17,32.73
2026-01-13 13:30:00,330.4100,330.9200,326.8300,327.3500,5186807,341.3519,346.1430,23.18,35.16
2026-01-14 09:30:00,327.9900,328.8200,323.2800,325.7300,4854342,338.2275,344.2873,22.18,37.59
2026-01-14 13:30:00,325.7400,329.2300,325.5000,328.5800,2988382,336.2980,342.8593,28.08,39.73
2026-01-15 09:30:00,328.6600,331.0100,327.1300,327.8500,4231685,334.6084,341.4948,27.51,41.22
2026-01-15 13:30:00,327.8600,328.3200,325.7000,327.0800,2279721,333.1027,340.1844,26.88,42.70
2026-01-16 09:30:00,326.1100,328.3200,324.7400,328.2400,3432282,332.1302,339.0985,29.48,44.14
2026-01-16 13:30:00,328.2400,328.5800,327.3900,327.7000,2241117,331.2442,338.0623,28.97,45.39
2026-01-20 09:30:00,321.5700,327.6500,320.9000,325.2600,4218739,330.0473,336.8985,26.69,47.00
2026-01-20 13:30:00,325.2200,326.2900,323.1000,325.2400,2669203,329.0859,335.8386,26.67,48.49
2026-01-21 09:30:00,325.7600,328.0000,322.3400,322.7400,2859967,327.8167,334.6478,24.39,49.31
2026-01-21 13:30:00,322.6900,326.8600,322.5700,324.7800,3327053,327.2094,333.7507,29.67,50.07
2026-01-22 09:30:00,325.7900,327.7200,323.3400,324.1300,3416666,326.5935,332.8761,28.98,50.47
2026-01-22 13:30:00,324.0900,326.6700,324.0100,325.6200,2115744,326.3988,332.2165,32.85,50.84
2026-01-23 09:30:00,325.2000,327.1300,323.9600,324.6600,2869685,326.0510,331.5295,31.65,51.01
2026-01-23 13:30:00,324.6700,326.4900,324.4700,325.3100,1889392,325.9028,330.9641,33.43,51.16
2026-01-26 09:30:00,327.3300,328.6300,324.8400,325.6300,3160543,325.8483,330.4792,34.33,50.41
2026-01-26 13:30:00,325.5900,331.3200,324.3700,327.8400,3252675,326.2466,330.2393,40.34,48.72
2026-01-27 09:30:00,327.8100,328.2600,324.2700,325.6600,3323019,326.1293,329.8230,36.77,47.17
2026-01-27 13:30:00,325.6700,325.9900,324.2500,324.5400,1886701,325.8114,329.3427,35.05,45.74
2026-01-28 09:30:00,326.0600,327.7200,324.4800,325.4600,2672748,325.7411,328.9897,37.63,43.75
2026-01-28 13:30:00,325.4500,326.8700,324.2200,326.2500,2619162,325.8429,328.7407,39.84,41.96
2026-01-29 09:30:00,329.3300,330.8800,322.8500,330.6200,4747512,326.7983,328.9115,50.32,39.01
2026-01-29 13:30:00,330.6500,332.6800,329.8700,330.5700,3675700,327.5527,329.0623,50.21,36.78
2026-01-30 09:30:00,331.5400,332.3200,321.0500,323.3300,5499418,326.7081,328.5412,37.64,35.74
2026-01-30 13:30:00,323.3600,324.9900,320.9400,321.2700,3541948,325.6205,327.8802,34.95,34.79
2026-02-02 09:30:00,324.1700,332.4500,323.4400,331.0300,4277126,326.7024,328.1665,52.30,32.57
2026-02-02 13:30:00,331.0400,334.0100,330.4500,333.2200,2664321,328.0059,328.6259,55.19,30.83
2026-02-03 09:30:00,330.9700,334.9600,328.3300,332.3500,2245251,328.8747,328.9645,53.80,28.72
2026-02-03 13:30:00,332.3500,334.7200,330.6400,332.0400,53391,329.5078,329.2441,53.28,26.77
2026-02-04 09:30:00,326.4400,329.3300,323.7500,329.2600,2622795,329.4582,329.2455,48.76,26.15
2026-02-04 13:30:00,328.7100,329.5000,327.4400,328.8300,120419,329.3326,329.2077,48.08,25.53
2026-02-05 09:30:00,332.3200,336.9000,327.5000,329.3100,2510191,329.3281,329.2170,48.94,24.07
2026-02-05 13:30:00,329.2800,330.8800,326.9700,330.3700,96273,329.5365,329.3218,50.86,22.60
2026-02-06 09:30:00,331.1000,334.4400,327.2000,329.7700,1910948,329.5832,329.3626,49.72,21.90
2026-02-06 13:30:00,329.7700,334.2800,325.2600,329.7900,10745,329.6245,329.4014,49.76,20.82
2026-02-09 09:30:00,330.0900,332.1400,323.1500,330.3800,2581368,329.7756,329.4904,51.01,19.37
2026-02-09 13:30:00,330.3900,334.3200,325.0400,330.9000,181357,330.0005,329.6185,52.15,18.46
2026-02-10 09:30:00,324.7100,329.8800,324.5500,327.8000,2768958,329.5604,329.4532,45.40,17.50
2026-02-10 13:30:00,327.7500,328.6700,326.9400,328.2100,2048582,329.2903,329.3402,46.39,16.61
2026-02-11 09:30:00,326.9200,329.9000,326.4200,328.5400,3438450,329.1403,329.2675,47.22,16.06
2026-02-11 13:30:00,328.5500,331.0400,327.5200,329.2800,3606302,329.1682,329.2686,49.11,15.80
2026-02-12 09:30:00,328.8900,332.2400,324.9900,326.1200,4476614,328.5586,328.9824,42.15,14.88
2026-02-12 13:30:00,326.1300,328.5200,324.0000,324.1700,3327282,327.6809,328.5449,38.52,13.87
2026-02-13 09:30:00,323.8300,326.4800,314.3300,318.1400,5769330,325.7727,327.5990,29.93,14.83
2026-02-13 13:30:00,318.1300,318.2200,312.8200,314.0000,4092590,323.4181,326.3627,25.70,15.94
2026-02-17 09:30:00,314.4100,321.3800,314.4100,319.7100,4791996,322.6765,325.7579,38.60,16.15
2026-02-17 13:30:00,319.7000,320.5900,318.8500,319.4900,2822130,322.0392,325.1881,38.32,16.34
2026-02-18 09:30:00,319.5000,321.9000,316.7200,321.8500,3162732,322.0014,324.8846,43.03,16.90
2026-02-18 13:30:00,321.8700,322.2800,319.5000,320.3600,2485145,321.6731,324.4733,40.91,17.31
2026-02-19 09:30:00,317.4900,320.2000,315.7300,316.6700,3267138,320.6725,323.7639,36.15,18.32
2026-02-19 13:30:00,316.6500,319.0000,316.2600,318.9900,1861242,320.3360,323.3299,40.81,19.27
2026-02-20 09:30:00,318.1100,321.5400,317.8200,320.5600,2896087,320.3808,323.0781,43.80,19.37
2026-02-20 13:30:00,320.5600,322.3500,320.3500,321.0800,2224946,320.5206,322.8965,44.80,19.22
2026-02-23 09:30:00,319.0400,320.5200,309.5900,310.1200,5753349,318.4405,321.7350,31.96,20.76
2026-02-23 13:30:00,310.1000,310.1200,304.7000,306.5400,5668585,316.0604,320.3536,29.03,22.71
2026-02-24 09:30:00,305.5000,309.2600,303.0800,307.4300,5136598,314.3343,319.1787,30.73,24.67
2026-02-24 13:30:00,307.4200,308.2200,306.2700,307.2200,2768445,312.9115,318.0916,30.54,26.49
2026-02-25 09:30:00,308.5500,313.7000,308.2500,312.9500,4340767,312.9192,317.6242,41.02,26.68
2026-02-25 13:30:00,312.9500,313.9400,312.5200,313.0300,2250481,312.9413,317.2065,41.15,26.79
2026-02-26 09:30:00,314.4800,319.4200,313.9400,315.6700,4014483,313.4871,317.0668,45.53,25.61
2026-02-26 13:30:00,315.6700,317.6100,315.6000,316.6900,2236637,314.1277,317.0326,47.17,24.52
2026-02-27 09:30:00,314.4600,318.3300,311.9500,317.1800,3569824,314.7381,317.0460,47.98,24.13
2026-02-27 13:30:00,317.1700,320.2300,316.7900,319.9700,2570143,315.7845,317.3118,52.44,23.33
2026-03-02 09:30:00,315.5000,321.1700,314.6000,321.1400,3139788,316.8556,317.6598,54.21,22.96
2026-03-02 13:30:00,321.1800,322.6000,319.8700,320.3400,1913581,317.5525,317.9035,52.76,22.27
2026-03-03 09:30:00,315.8000,320.3400,314.3500,320.1600,2801917,318.0740,318.1086,52.43,22.53
2026-03-03 13:30:00,320.2100,322.0400,319.9500,320.8700,1547142,318.6332,318.3596,53.69,22.35
2026-03-04 09:30:00,321.4400,325.7700,319.8000,321.5000,2730060,319.2065,318.6451,54.84,21.36
2026-03-04 13:30:00,321.4400,322.3900,320.3600,320.3700,1616341,319.4392,318.8019,52.33,20.43
2026-03-05 09:30:00,319.3300,322.8000,314.7700,318.8200,3820418,319.3154,318.8036,49.02,20.52
2026-03-05 13:30:00,318.8200,319.7300,317.2900,319.5900,1916282,319.3703,318.8751,50.69,20.60
2026-03-06 09:30:00,316.0400,317.5400,312.3000,314.0300,2952417,318.3023,318.4346,40.41,21.41
2026-03-06 13:30:00,314.0300,317.6900,313.2000,317.2500,2050489,318.0918,318.3269,47.10,22.12
2026-03-09 09:30:00,313.4600,315.3800,310.1500,312.0200,3453153,316.8774,317.7536,39.37,23.19
2026-03-09 13:30:00,312.0400,316.4000,310.9300,315.9100,2462248,316.6840,317.5860,46.41,23.90
2026-03-10 09:30:00,315.4300,317.1300,311.4500,316.8500,2469866,316.7172,317.5191,47.99,24.34
2026-03-10 13:30:00,316.8100,316.8300,313.9800,314.5700,1727995,316.2877,317.2510,44.57,24.76
2026-03-11 09:30:00,313.2500,315.0800,308.3900,310.5000,2478525,315.1302,316.6372,39.20,25.97
2026-03-11 13:30:00,310.5100,310.6300,308.4300,309.0000,1770462,313.9041,315.9429,37.41,27.09
2026-03-12 09:30:00,308.1400,310.9500,306.3200,306.6800,3055993,312.4593,315.1009,34.77,28.41
2026-03-12 13:30:00,306.6800,308.0200,306.0200,306.3400,2303785,311.2355,314.3044,34.39,29.67
2026-03-13 09:30:00,307.5900,310.3500,306.5800,308.0500,2318321,310.5984,313.7358,38.08,30.03
2026-03-13 13:30:00,308.0600,308.6200,306.4200,307.1100,1610991,309.9007,313.1335,36.86,30.39
2026-03-16 09:30:00,307.8500,311.1300,307.3800,308.2600,2158300,309.5726,312.6904,39.43,29.86
2026-03-16 13:30:00,308.2600,310.3600,307.6000,310.2600,1987146,309.7100,312.4695,43.73,29.37
2026-03-17 09:30:00,311.3200,312.6900,309.4000,310.1800,2725250,309.8040,312.2614,43.60,28.15
2026-03-17 13:30:00,310.1600,310.1700,307.3800,308.3800,2565601,309.5192,311.9085,40.60,27.49
2026-03-18 09:30:00,307.4100,307.9400,300.0500,300.1500,2860481,307.6454,310.8396,30.33,28.19
2026-03-18 13:30:00,300.1500,300.8000,298.5000,298.9900,2992007,305.9143,309.7623,29.21,29.07
