Price,Close,High,Low,Open,Volume
Ticker,MSTR,MSTR,MSTR,MSTR,MSTR
Date,,,,,
2022-01-03,55.82600021362305,56.132999420166016,54.29999923706055,55.06100082397461,3458000
2022-01-04,55.106998443603516,57.625999450683594,53.50199890136719,56.01499938964844,3947000
2022-01-05,50.90999984741211,55.250999450683594,50.749000549316406,54.17599868774414,5470000
2022-01-06,49.86199951171875,50.849998474121094,47.78200149536133,50.0,4845000
2022-01-07,48.29499816894531,50.0,47.12099838256836,49.09000015258789,4258000
2022-01-10,48.19499969482422,48.22600173950195,44.82500076293945,46.36899948120117,5597000
2022-01-11,50.65599822998047,51.30799865722656,47.41699981689453,48.22999954223633,4742000
2022-01-12,51.4640007019043,52.99800109863281,51.071998596191406,52.400001525878906,3623000
2022-01-13,48.95899963378906,52.76900100708008,48.750999450683594,52.185001373291016,3251000
2022-01-14,49.95600128173828,50.262001037597656,48.183998107910156,48.41699981689453,2645000
2022-01-18,46.827999114990234,48.95600128173828,46.6619987487793,48.47999954223633,4083000
2022-01-19,46.04199981689453,49.19900131225586,45.84600067138672,48.27899932861328,4224000
2022-01-20,45.75299835205078,49.08700180053711,45.54999923706055,46.70899963378906,4393000
2022-01-21,37.5890007019043,43.40800094604492,36.5989990234375,42.284000396728516,15707000
2022-01-24,37.04499816894531,37.29999923706055,31.900999069213867,32.0,15052000
2022-01-25,36.505001068115234,37.939998626708984,35.5,36.999000549316406,8319000
2022-01-26,35.3650016784668,39.36600112915039,34.595001220703125,39.36600112915039,7892000
2022-01-27,31.94499969482422,36.0,31.759000778198242,36.0,8723000
2022-01-28,33.89500045776367,34.209999084472656,30.7189998626709,32.86899948120117,8143000
2022-01-31,36.80099868774414,37.08000183105469,33.29499816894531,33.78799819946289,7630000
2022-02-01,37.29999923706055,39.095001220703125,36.26900100708008,38.2859992980957,6406000
2022-02-02,34.88399887084961,36.86899948120117,33.604000091552734,36.67399978637695,7402000
2022-02-03,34.00899887084961,35.685001373291016,33.19599914550781,34.0,5536000
2022-02-04,39.16400146484375,39.858001708984375,33.9739990234375,34.07600021362305,9440000
2022-02-07,41.34700012207031,43.33300018310547,40.400001525878906,40.45100021362305,10874000
2022-02-08,42.542999267578125,42.67300033569336,40.347999572753906,40.875,4889000
2022-02-09,44.65999984741211,44.65999984741211,42.220001220703125,43.0,3989000
2022-02-10,43.14799880981445,46.30400085449219,42.45399856567383,43.95000076293945,6236000
2022-02-11,41.10100173950195,44.3650016784668,40.54999923706055,43.01100158691406,4972000
2022-02-14,40.94900131225586,42.94900131225586,40.5,41.470001220703125,3424000
2022-02-15,43.7239990234375,43.827999114990234,42.45000076293945,43.10100173950195,3136000
2022-02-16,43.49800109863281,43.750999450683594,41.60300064086914,42.85200119018555,3304000
2022-02-17,40.459999084472656,42.33000183105469,40.1879997253418,42.02299880981445,3753000
2022-02-18,39.59700012207031,40.74599838256836,38.52199935913086,40.45899963378906,4694000
2022-02-22,37.77000045776367,39.0,36.80400085449219,37.58100128173828,4672000
2022-02-23,36.50299835205078,39.31999969482422,36.29999923706055,39.04999923706055,3656000
2022-02-24,39.69599914550781,39.939998626708984,33.683998107910156,34.02399826049805,7313000
2022-02-25,40.5,41.20000076293945,39.257999420166016,40.29999923706055,4070000
2022-02-28,44.29999923706055,44.71200180053711,40.15700149536133,40.15700149536133,5982000
2022-03-01,46.472999572753906,47.30500030517578,44.96900177001953,46.512001037597656,6571000
2022-03-02,45.92900085449219,46.96900177001953,45.09299850463867,45.481998443603516,4028000
2022-03-03,42.869998931884766,46.01499938964844,42.61199951171875,45.5099983215332,3182000
2022-03-04,41.0359992980957,43.36199951171875,40.70600128173828,42.5,3406000
2022-03-07,38.89099884033203,42.5,38.84299850463867,41.5099983215332,4722000
2022-03-08,41.0359992980957,42.5,39.361000061035156,39.49800109863281,4432000
2022-03-09,43.67499923706055,45.44499969482422,43.42399978637695,44.20000076293945,4581000
2022-03-10,42.112998962402344,42.29800033569336,40.64699935913086,41.5,2919000
2022-03-11,39.082000732421875,42.917999267578125,39.04899978637695,42.70000076293945,3539000
2022-03-14,36.99300003051758,39.28799819946289,36.39099884033203,38.994998931884766,4932000
2022-03-15,39.61399841308594,39.6150016784668,36.31999969482422,36.90700149536133,3780000
2022-03-16,42.87799835205078,42.94900131225586,39.875,40.016998291015625,5694000
2022-03-17,43.409000396728516,44.209999084472656,42.5,42.79800033569336,3397000
2022-03-18,45.428001403808594,45.689998626708984,43.19200134277344,43.582000732421875,7102000
2022-03-21,43.64799880981445,45.45000076293945,43.02899932861328,45.106998443603516,3502000
2022-03-22,45.994998931884766,46.77000045776367,44.882999420166016,45.01599884033203,4344000
2022-03-23,45.069000244140625,47.03099822998047,44.70000076293945,45.51599884033203,2536000
2022-03-24,48.391998291015625,48.4739990234375,45.099998474121094,45.965999603271484,4390000
2022-03-25,47.242000579833984,49.393001556396484,46.09400177001953,49.369998931884766,4124000
2022-03-28,51.0,51.233001708984375,48.79999923706055,49.604000091552734,4265000
2022-03-29,52.0,52.279998779296875,49.5369987487793,51.0,3639000
2022-03-30,50.069000244140625,51.599998474121094,49.70399856567383,50.619998931884766,2784000
2022-03-31,48.63199996948242,50.654998779296875,48.56100082397461,50.49300003051758,3330000
2022-04-01,49.097999572753906,49.79999923706055,47.880001068115234,48.95600128173828,2708000
2022-04-04,50.125999450683594,50.33000183105469,48.85499954223633,49.172000885009766,2667000
2022-04-05,48.72800064086914,50.856998443603516,47.12200164794922,50.856998443603516,4540000
2022-04-06,45.51100158691406,47.685001373291016,44.7599983215332,47.29199981689453,4307000
2022-04-07,46.361000061035156,46.77000045776367,44.599998474121094,45.54999923706055,3427000
2022-04-08,45.32400131225586,47.060001373291016,45.28099822998047,45.90800094604492,2749000
2022-04-11,43.638999938964844,44.750999450683594,42.50299835205078,44.12200164794922,3567000
2022-04-12,44.345001220703125,47.606998443603516,43.749000549316406,44.79999923706055,4923000
2022-04-13,46.358001708984375,46.659000396728516,44.125,44.125,2613000
2022-04-14,44.91899871826172,46.974998474121094,44.643001556396484,46.402000427246094,2565000
2022-04-18,44.5890007019043,45.215999603271484,43.13100051879883,44.779998779296875,2523000
2022-04-19,47.11399841308594,47.117000579833984,44.29999923706055,45.0,2848000
2022-04-20,44.90299987792969,47.72800064086914,44.64500045776367,47.65999984741211,2821000
2022-04-21,42.7859992980957,47.1870002746582,42.58100128173828,46.10200119018555,4163000
2022-04-22,40.90800094604492,43.698001861572266,40.79999923706055,42.492000579833984,3543000
2022-04-25,42.79999923706055,42.79999923706055,40.39799880981445,40.507999420166016,3293000
2022-04-26,39.10100173950195,42.74399948120117,39.034000396728516,42.599998474121094,3749000
2022-04-27,38.577999114990234,40.59600067138672,38.3650016784668,39.31999969482422,3073000
2022-04-28,40.04899978637695,40.40599822998047,36.96500015258789,39.29999923706055,4053000
2022-04-29,35.41699981689453,41.0,35.29999923706055,39.29999923706055,5480000
2022-05-02,36.590999603271484,36.952999114990234,34.37099838256836,35.60100173950195,5159000
2022-05-03,34.34000015258789,36.89400100708008,34.00899887084961,36.400001525878906,4752000
2022-05-04,36.64400100708008,36.86199951171875,32.525001525878906,35.000999450683594,8104000
2022-05-05,31.45199966430664,35.73400115966797,30.559999465942383,35.6619987487793,8594000
2022-05-06,29.423999786376953,31.0,28.2549991607666,30.9060001373291,12082000
2022-05-09,21.905000686645508,27.125,21.41200065612793,27.125,19280000
2022-05-10,22.552000045776367,24.95199966430664,20.836999893188477,23.958999633789062,17051000
2022-05-11,16.81999969482422,21.775999069213867,16.5,20.0,36188000
2022-05-12,17.118000030517578,20.525999069213867,13.409000396728516,15.319000244140625,46929000
2022-05-13,20.457000732421875,22.0,19.329999923706055,20.20599937438965,25234000
2022-05-16,20.150999069213867,20.840999603271484,19.301000595092773,20.0,10089000
2022-05-17,22.48699951171875,22.59600067138672,20.503999710083008,21.0,10171000
2022-05-18,19.743999481201172,22.38800048828125,19.554000854492188,21.687999725341797,9953000
2022-05-19,21.07699966430664,22.031999588012695,19.80500030517578,20.479000091552734,8015000
2022-05-20,20.274999618530273,21.948999404907227,18.899999618530273,21.45199966430664,9193000
2022-05-23,20.437000274658203,21.5,19.829999923706055,21.163999557495117,8985000
2022-05-24,19.301000595092773,20.132999420166016,18.440000534057617,20.059999465942383,8067000
2022-05-25,19.812000274658203,20.343000411987305,19.02899932861328,19.072999954223633,5391000
2022-05-26,21.610000610351562,22.070999145507812,17.610000610351562,18.02199935913086,9678000
2022-05-27,21.93899917602539,23.386999130249023,21.280000686645508,22.027999877929688,9706000
2022-05-31,26.4689998626709,27.288000106811523,22.851999282836914,23.517000198364258,15527000
2022-06-01,23.81399917602539,26.700000762939453,23.299999237060547,26.135000228881836,8710000
2022-06-02,24.445999145507812,25.079999923706055,23.18199920654297,23.281999588012695,5960000
2022-06-03,22.722000122070312,23.937999725341797,22.354999542236328,23.937999725341797,4992000
2022-06-06,23.54400062561035,24.87700080871582,23.236000061035156,24.395000457763672,5854000
2022-06-07,24.0,24.249000549316406,21.808000564575195,22.170000076293945,6667000
2022-06-08,23.288999557495117,24.698999404907227,23.2189998626709,23.687999725341797,3108000
2022-06-09,21.775999069213867,23.35300064086914,21.63599967956543,23.132999420166016,5243000
2022-06-10,20.336000442504883,21.38599967956543,19.780000686645508,21.18899917602539,7816000
2022-06-13,15.21500015258789,16.79800033569336,14.390000343322754,14.930999755859375,36775000
2022-06-14,15.687000274658203,16.868000030517578,14.529999732971191,14.901000022888184,18926000
2022-06-15,17.134000778198242,17.687999725341797,15.609999656677246,16.024999618530273,18770000
2022-06-16,16.134000778198242,16.702999114990234,15.446000099182129,16.086999893188477,11403000
2022-06-17,16.760000228881836,16.856000900268555,15.75100040435791,15.803000450134277,12302000
2022-06-21,17.895999908447266,19.48200035095215,16.99799919128418,17.0939998626709,11347000
2022-06-22,17.090999603271484,18.700000762939453,16.827999114990234,17.725000381469727,7494000
2022-06-23,18.83099937438965,18.902999877929688,16.89299964904785,17.700000762939453,6691000
2022-06-24,20.54400062561035,20.798999786376953,19.399999618530273,19.5,9965000
2022-06-27,19.67300033569336,20.613000869750977,18.499000549316406,20.250999450683594,7685000
2022-06-28,18.61199951171875,20.3700008392334,18.47100067138672,19.763999938964844,6332000
2022-06-29,17.9689998626709,18.42300033569336,17.250999450683594,18.030000686645508,7621000
2022-06-30,16.43000030517578,17.54199981689453,16.273000717163086,17.280000686645508,7792000
2022-07-01,16.677000045776367,17.216999053955078,16.138999938964844,16.797000885009766,7855000
2022-07-05,18.76799964904785,18.839000701904297,16.00200080871582,16.583999633789062,8087000
2022-07-06,18.829999923706055,19.358999252319336,18.316999435424805,18.576000213623047,6360000
2022-07-07,21.951000213623047,22.052000045776367,18.98200035095215,19.06999969482422,11958000
2022-07-08,22.128000259399414,23.628000259399414,20.667999267578125,21.312000274658203,11523000
2022-07-11,20.09000015258789,21.329999923706055,19.799999237060547,21.03499984741211,6955000
2022-07-12,19.25200080871582,20.334999084472656,18.815000534057617,19.652000427246094,5886000
2022-07-13,19.55500030517578,20.32699966430664,18.2450008392334,18.674999237060547,5641000
2022-07-14,20.458999633789062,20.54800033569336,18.687999725341797,19.32900047302246,7228000
2022-07-15,21.398000717163086,21.41900062561035,20.229000091552734,20.899999618530273,4887000
2022-07-18,22.562999725341797,24.656999588012695,22.424999237060547,23.011999130249023,10676000
2022-07-19,26.716999053955078,26.8799991607666,23.033000946044922,23.94300079345703,11810000
2022-07-20,28.87700080871582,29.950000762939453,27.150999069213867,27.850000381469727,16179000
2022-07-21,28.97100067138672,29.049999237060547,27.13800048828125,27.90399932861328,8100000
2022-07-22,28.191999435424805,29.804000854492188,27.392000198364258,29.4060001373291,6543000
2022-07-25,26.586000442504883,27.559999465942383,26.201000213623047,26.70199966430664,4826000
2022-07-26,23.763999938964844,25.597999572753906,23.56800079345703,24.882999420166016,6626000
2022-07-27,26.239999771118164,26.815000534057617,24.125,24.72800064086914,7089000
2022-07-28,27.57200050354004,27.68199920654297,25.555999755859375,26.0,5934000
2022-07-29,28.606000900268555,28.797000885009766,26.756999969482422,27.0,6157000
2022-08-01,27.573999404907227,28.75,27.145999908447266,27.652999877929688,5203000
2022-08-02,27.826000213623047,29.52400016784668,27.573999404907227,28.089000701904297,6061000
2022-08-03,31.368000030517578,32.45500183105469,28.340999603271484,28.375999450683594,12502000
2022-08-04,30.930999755859375,33.222999572753906,30.452999114990234,31.98900032043457,8922000
2022-08-05,31.915000915527344,33.09700012207031,30.54400062561035,30.874000549316406,6914000
2022-08-08,33.000999450683594,35.194000244140625,32.744998931884766,33.564998626708984,6203000
2022-08-09,31.937999725341797,32.65299987792969,31.424999237060547,32.0,3268000
2022-08-10,33.58000183105469,34.70000076293945,32.75,34.70000076293945,5381000
2022-08-11,33.69900131225586,36.196998596191406,33.00600051879883,35.5,6054000
2022-08-12,35.284000396728516,35.33000183105469,33.099998474121094,33.69900131225586,4255000
2022-08-15,34.90800094604492,35.832000732421875,34.5,34.645999908447266,3050000
2022-08-16,34.263999938964844,35.027000427246094,33.0260009765625,34.448001861572266,3379000
2022-08-17,32.52000045776367,33.79999923706055,32.013999938964844,33.5,3292000
2022-08-18,32.4379997253418,32.79999923706055,31.843000411987305,32.10300064086914,2444000
2022-08-19,28.299999237060547,30.395000457763672,28.176000595092773,29.941999435424805,7575000
2022-08-22,26.80900001525879,27.9689998626709,26.607999801635742,27.301000595092773,4507000
2022-08-23,26.579999923706055,28.32699966430664,25.882999420166016,27.190000534057617,5319000
2022-08-24,27.44099998474121,27.67099952697754,26.398000717163086,26.56999969482422,2485000
2022-08-25,27.2810001373291,28.04599952697754,26.7189998626709,27.785999298095703,2764000
2022-08-26,24.920000076293945,27.5,24.799999237060547,27.5,6049000
2022-08-29,24.496000289916992,25.420000076293945,24.111000061035156,24.136999130249023,4928000
2022-08-30,24.023000717163086,25.299999237060547,23.500999450683594,25.003999710083008,4949000
2022-08-31,23.1560001373291,25.149999618530273,22.270999908447266,24.82699966430664,9374000
2022-09-01,22.091999053955078,22.854999542236328,21.32900047302246,22.000999450683594,5681000
2022-09-02,21.805999755859375,22.774999618530273,21.565000534057617,22.610000610351562,4235000
2022-09-06,20.424999237060547,22.0,20.290000915527344,21.85300064086914,8007000
2022-09-07,21.861000061035156,22.187999725341797,20.378000259399414,20.39900016784668,5632000
2022-09-08,23.450000762939453,23.469999313354492,21.17300033569336,21.44700050354004,5286000
2022-09-09,26.19700050354004,26.22100067138672,24.513999938964844,24.94099998474121,9128000
2022-09-12,26.29800033569336,26.798999786376953,25.011999130249023,26.320999145507812,8998000
2022-09-13,23.125,24.635000228881836,22.95199966430664,24.184999465942383,8111000
2022-09-14,22.599000930786133,23.125,22.135000228881836,23.010000228881836,5403000
2022-09-15,21.694000244140625,23.670000076293945,21.604999542236328,22.290000915527344,8432000
2022-09-16,20.634000778198242,21.5049991607666,20.32200050354004,21.152000427246094,9951000
2022-09-19,20.6200008392334,20.708999633789062,19.631999969482422,19.927000045776367,8184000
2022-09-20,19.65999984741211,20.149999618530273,19.341999053955078,20.0,7615000
2022-09-21,19.591999053955078,20.83300018310547,19.40399932861328,19.83099937438965,6621000
2022-09-22,19.23200035095215,19.843000411987305,18.62299919128418,19.68899917602539,7610000
2022-09-23,19.145000457763672,19.191999435424805,18.349000930786133,18.8700008392334,5995000
2022-09-26,20.01799964904785,20.549999237060547,19.149999618530273,19.18199920654297,5852000
2022-09-27,20.60700035095215,21.922000885009766,20.100000381469727,21.284000396728516,6754000
2022-09-28,22.047000885009766,22.18600082397461,20.75,20.760000228881836,4656000
2022-09-29,21.18199920654297,21.631000518798828,20.55500030517578,21.424999237060547,3967000
2022-09-30,21.22599983215332,22.604000091552734,20.711000442504883,20.85099983215332,4006000
2022-10-03,22.45199966430664,22.841999053955078,21.214000701904297,21.389999389648438,4335000
2022-10-04,24.874000549316406,24.91200065612793,23.5,23.583999633789062,6507000
2022-10-05,24.2189998626709,24.575000762939453,23.243999481201172,24.0939998626709,5251000
2022-10-06,24.16699981689453,24.91699981689453,23.625,24.2189998626709,2700000
2022-10-07,22.030000686645508,23.600000381469727,21.766000747680664,23.399999618530273,3726000
2022-10-10,22.065000534057617,23.18600082397461,21.525999069213867,21.961999893188477,3709000
2022-10-11,21.636999130249023,22.72599983215332,21.22100067138672,22.121000289916992,3473000
2022-10-12,21.83799934387207,21.886999130249023,20.551000595092773,21.81800079345703,2681000
2022-10-13,22.054000854492188,22.299999237060547,19.812999725341797,20.148000717163086,5920000
2022-10-14,20.930999755859375,22.878999710083008,20.743000030517578,22.333999633789062,3888000
2022-10-17,22.113000869750977,22.62700080871582,21.881000518798828,22.0,3344000
2022-10-18,23.5,23.5310001373291,21.964000701904297,23.020000457763672,6103000
2022-10-19,22.607999801635742,23.448999404907227,22.395999908447266,22.808000564575195,2712000
2022-10-20,22.10099983215332,23.48900032043457,21.922000885009766,22.822999954223633,2675000
2022-10-21,23.261999130249023,23.44300079345703,21.64900016784668,21.854999542236328,3626000
2022-10-24,23.760000228881836,24.493999481201172,22.63599967956543,23.299999237060547,3513000
2022-10-25,26.868999481201172,27.0,24.0,24.0,6402000
2022-10-26,27.27199935913086,29.0,26.687999725341797,26.954999923706055,6650000
2022-10-27,27.055999755859375,27.899999618530273,26.5,27.67300033569336,2473000
2022-10-28,27.999000549316406,28.093000411987305,26.461000442504883,26.91900062561035,4325000
2022-10-31,26.750999450683594,28.38800048828125,26.045000076293945,27.889999389648438,3519000
2022-11-01,25.719999313354492,27.844999313354492,25.7189998626709,27.594999313354492,3111000
2022-11-02,24.822999954223633,27.878999710083008,24.551000595092773,25.888999938964844,6411000
2022-11-03,24.8439998626709,26.139999389648438,24.13599967956543,24.201000213623047,2616000
2022-11-04,27.709999084472656,27.735000610351562,25.062999725341797,26.11199951171875,6713000
2022-11-07,26.663999557495117,27.3799991607666,26.0,27.141000747680664,3758000
2022-11-08,21.18400001525879,26.663999557495117,19.35099983215332,24.799999237060547,31238000
2022-11-09,17.035999298095703,20.9060001373291,16.850000381469727,19.5,27419000
2022-11-10,17.5,19.83799934387207,17.292999267578125,18.899999618530273,19092000
2022-11-11,17.51799964904785,17.809999465942383,15.529999732971191,16.25200080871582,16441000
2022-11-14,16.59000015258789,17.90999984741211,16.434999465942383,17.131000518798828,7970000
2022-11-15,17.152999877929688,17.746999740600586,16.51300048828125,17.399999618530273,7028000
2022-11-16,16.944000244140625,17.04800033569336,16.0,16.35300064086914,6819000
2022-11-17,17.38800048828125,17.549999237060547,16.21299934387207,16.565000534057617,4997000
2022-11-18,17.011999130249023,17.71500015258789,16.21299934387207,17.700000762939453,8230000
2022-11-21,15.722000122070312,17.065000534057617,15.234000205993652,16.5,9077000
2022-11-22,16.70800018310547,16.799999237060547,15.555999755859375,16.0,5856000
2022-11-23,17.638999938964844,17.672000885009766,16.621000289916992,16.844999313354492,4798000
2022-11-25,18.299999237060547,18.299999237060547,17.20199966430664,17.202999114990234,2634000
2022-11-28,17.66699981689453,18.14299964904785,16.916000366210938,17.871999740600586,6597000
2022-11-29,18.200000762939453,18.250999450683594,17.56399917602539,18.020000457763672,5440000
2022-11-30,19.80900001525879,19.832000732421875,18.100000381469727,18.920000076293945,6612000
2022-12-01,19.898000717163086,20.652999877929688,19.600000381469727,19.7189998626709,4236000
2022-12-02,20.694000244140625,21.14900016784668,19.534000396728516,19.56800079345703,5932000
2022-12-05,19.566999435424805,21.072999954223633,18.725000381469727,20.850000381469727,7714000
2022-12-06,19.552000045776367,19.784000396728516,18.73900032043457,19.459999084472656,3850000
2022-12-07,19.349000930786133,19.89699935913086,19.027999877929688,19.26099967956543,2965000
2022-12-08,20.256999969482422,20.32699966430664,19.023000717163086,19.450000762939453,3169000
2022-12-09,20.325000762939453,20.347999572753906,19.642000198364258,20.10099983215332,4064000
2022-12-12,19.615999221801758,20.048999786376953,19.479000091552734,19.899999618530273,4077000
2022-12-13,20.180999755859375,21.18400001525879,19.552000045776367,20.645000457763672,4384000
2022-12-14,20.273000717163086,21.378000259399414,20.19099998474121,20.299999237060547,5291000
2022-12-15,18.799999237060547,19.900999069213867,18.600000381469727,19.75,4405000
2022-12-16,17.375,18.56399917602539,17.232999801635742,18.375999450683594,7227000
2022-12-19,17.020999908447266,17.884000778198242,16.83799934387207,17.231000900268555,3684000
2022-12-20,16.885000228881836,17.542999267578125,16.799999237060547,17.03700065612793,3057000
2022-12-21,16.881999969482422,17.207000732421875,16.663999557495117,16.900999069213867,2184000
2022-12-22,16.62299919128418,16.829999923706055,16.091999053955078,16.829999923706055,4330000
2022-12-23,16.267000198364258,16.759000778198242,16.054000854492188,16.554000854492188,2858000
2022-12-27,14.77400016784668,16.006999969482422,14.567999839782715,16.0,7128000
2022-12-28,13.809000015258789,15.109000205993652,13.791000366210938,14.699999809265137,6920000
2022-12-29,13.663000106811523,14.300000190734863,13.376999855041504,13.890000343322754,7157000
2022-12-30,14.156999588012695,14.208999633789062,13.255999565124512,13.381999969482422,7034000
2023-01-03,14.501999855041504,14.652000427246094,13.937999725341797,14.567000389099121,6283000
2023-01-04,16.506000518798828,16.56999969482422,14.59000015258789,14.680000305175781,10101000
2023-01-05,15.656000137329102,16.054000854492188,14.97700023651123,16.054000854492188,4091000
2023-01-06,16.045000076293945,16.18899917602539,14.710000038146973,15.26099967956543,4929000
2023-01-09,17.500999450683594,18.187000274658203,16.540000915527344,17.0,7146000
2023-01-10,19.0,19.097000122070312,17.0,17.434999465942383,6524000
2023-01-11,19.47599983215332,19.645000457763672,18.410999298095703,18.899999618530273,6659000
2023-01-12,21.017000198364258,21.343000411987305,18.930999755859375,20.364999771118164,9960000
2023-01-13,21.69700050354004,22.216999053955078,20.270000457763672,20.600000381469727,8457000
2023-01-17,23.591999053955078,23.966999053955078,22.274999618530273,23.200000762939453,10863000
2023-01-18,22.118999481201172,24.202999114990234,20.961999893188477,23.700000762939453,11378000
2023-01-19,22.145000457763672,22.78700065612793,21.448999404907227,21.677000045776367,4942000
2023-01-20,24.003000259399414,24.187000274658203,21.902999877929688,22.41900062561035,7299000
2023-01-23,25.02199935913086,25.049999237060547,23.57699966430664,24.094999313354492,7276000
2023-01-24,24.75,25.101999282836914,24.184999465942383,24.700000762939453,3157000
2023-01-25,24.583999633789062,24.75200080871582,23.21500015258789,24.040000915527344,3746000
2023-01-26,24.531999588012695,25.499000549316406,23.698999404907227,25.30299949645996,4123000
2023-01-27,25.836000442504883,26.209999084472656,24.0,24.0,6292000
2023-01-30,24.569000244140625,25.885000228881836,23.941999435424805,25.235000610351562,5340000
2023-01-31,25.17300033569336,25.775999069213867,24.799999237060547,24.899999618530273,3788000
2023-02-01,26.79199981689453,27.360000610351562,24.424999237060547,25.100000381469727,6554000
2023-02-02,29.21299934387207,30.290000915527344,27.486000061035156,27.5,10415000
2023-02-03,28.47599983215332,30.34000015258789,27.83799934387207,27.910999298095703,6303000
2023-02-06,28.204999923706055,28.62299919128418,27.115999221801758,27.430999755859375,4206000
2023-02-07,28.386999130249023,28.732999801635742,27.038000106811523,27.975000381469727,5013000
2023-02-08,27.59600067138672,29.041000366210938,27.166000366210938,28.243000030517578,3156000
2023-02-09,24.90399932861328,27.76099967956543,24.558000564575195,27.60099983215332,7268000
2023-02-10,24.336999893188477,25.259000778198242,24.10099983215332,24.600000381469727,4362000
2023-02-13,24.924999237060547,25.065000534057617,23.65399932861328,23.902999877929688,2892000
2023-02-14,27.11400032043457,27.67799949645996,24.399999618530273,25.101999282836914,6728000
2023-02-15,29.84000015258789,29.972999572753906,27.208999633789062,27.558000564575195,7082000
2023-02-16,28.402999877929688,31.5,28.284000396728516,29.600000381469727,9707000
2023-02-17,29.405000686645508,29.740999221801758,27.385000228881836,28.32900047302246,5529000
2023-02-21,26.992000579833984,29.073999404907227,26.753999710083008,28.624000549316406,5715000
2023-02-22,26.857999801635742,27.347999572753906,26.243999481201172,26.63800048828125,4214000
2023-02-23,26.575000762939453,27.55900001525879,26.159000396728516,27.094999313354492,3015000
2023-02-24,25.579999923706055,26.204999923706055,24.886999130249023,26.142000198364258,5035000
2023-02-27,25.864999771118164,26.97100067138672,25.58300018310547,26.358999252319336,3493000
2023-02-28,26.226999282836914,26.975000381469727,25.604000091552734,25.979000091552734,4006000
2023-03-01,25.791000366210938,26.854999542236328,25.333999633789062,26.38800048828125,3452000
2023-03-02,25.288999557495117,25.386999130249023,24.16699981689453,24.89900016784668,4927000
2023-03-03,24.69099998474121,25.233999252319336,23.684999465942383,24.020000457763672,7604000
2023-03-06,23.7450008392334,25.20400047302246,23.704999923706055,24.934999465942383,4768000
2023-03-07,23.143999099731445,24.100000381469727,23.093000411987305,23.600000381469727,4936000
2023-03-08,23.27199935913086,23.493999481201172,22.700000762939453,23.040000915527344,4701000
2023-03-09,21.082000732421875,23.14299964904785,21.01099967956543,23.03499984741211,8242000
2023-03-10,19.201000213623047,20.757999420166016,18.829999923706055,20.575000762939453,13303000
2023-03-13,22.31599998474121,22.961999893188477,19.635000228881836,20.20199966430664,15330000
2023-03-14,22.94700050354004,24.44099998474121,22.208999633789062,23.908000946044922,11304000
2023-03-15,22.7549991607666,23.49799919128418,21.652999877929688,22.700000762939453,6895000
2023-03-16,24.107999801635742,24.51099967956543,22.32699966430664,22.51799964904785,7668000
2023-03-17,26.766000747680664,27.399999618530273,24.900999069213867,25.55299949645996,20224000
2023-03-20,26.395999908447266,28.17300033569336,25.836999893188477,28.042999267578125,12524000
2023-03-21,27.33799934387207,27.89299964904785,26.065000534057617,26.89900016784668,8811000
2023-03-22,24.68600082397461,27.80900001525879,24.60099983215332,27.600000381469727,11130000
2023-03-23,26.33300018310547,27.100000381469727,24.804000854492188,24.900999069213867,11250000
2023-03-24,25.66699981689453,26.347999572753906,24.731000900268555,25.913999557495117,6565000
2023-03-27,23.895999908447266,26.020999908447266,23.07200050354004,25.986000061035156,11331000
2023-03-28,24.826000213623047,24.854000091552734,23.25,23.677000045776367,6721000
2023-03-29,28.402999877929688,28.54199981689453,25.545000076293945,25.780000686645508,10109000
2023-03-30,27.92300033569336,28.850000381469727,27.457000732421875,28.790000915527344,7081000
2023-03-31,29.23200035095215,29.540000915527344,28.0,28.34600067138672,10380000
2023-04-03,29.73900032043457,30.100000381469727,28.81599998474121,29.099000930786133,7654000
2023-04-04,29.898000717163086,30.13599967956543,28.573999404907227,29.95800018310547,6235000
2023-04-05,29.083999633789062,30.700000762939453,28.35099983215332,30.344999313354492,8122000
2023-04-06,29.010000228881836,29.54800033569336,27.836999893188477,28.650999069213867,4260000
2023-04-10,31.277999877929688,31.29400062561035,28.5,29.0,10026000
2023-04-11,33.23500061035156,33.78200149536133,31.809999465942383,32.191001892089844,14267000
2023-04-12,32.28300094604492,33.57500076293945,31.833999633789062,33.42499923706055,8812000
2023-04-13,34.071998596191406,34.5,32.70000076293945,33.04199981689453,11132000
2023-04-14,33.375,34.76300048828125,32.46099853515625,34.28499984741211,8721000
2023-04-17,31.30299949645996,32.24700164794922,31.219999313354492,32.17300033569336,7702000
2023-04-18,32.98500061035156,33.400001525878906,32.400001525878906,32.5,10001000
2023-04-19,31.472000122070312,32.19900131225586,31.290000915527344,31.988000869750977,6235000
2023-04-20,29.47100067138672,31.290000915527344,29.226999282836914,31.027000427246094,8256000
2023-04-21,29.101999282836914,30.049999237060547,28.77400016784668,29.733999252319336,6576000
2023-04-24,28.533000946044922,29.795000076293945,28.299999237060547,29.10300064086914,5675000
2023-04-25,29.090999603271484,29.68899917602539,28.014999389648438,28.236000061035156,5700000
2023-04-26,29.945999145507812,32.16400146484375,29.6299991607666,31.049999237060547,10820000
2023-04-27,31.86400032043457,31.88800048828125,29.60099983215332,30.650999069213867,10165000
2023-04-28,32.8380012512207,32.89799880981445,30.80900001525879,31.304000854492188,7607000
2023-05-01,30.746999740600586,32.33599853515625,30.423999786376953,32.0,9055000
2023-05-02,32.80099868774414,33.292999267578125,30.51300048828125,31.013999938964844,13733000
2023-05-03,30.424999237060547,32.18899917602539,30.167999267578125,32.04899978637695,11930000
2023-05-04,31.224000930786133,32.11899948120117,30.75,31.114999771118164,7151000
2023-05-05,32.672000885009766,32.87200164794922,31.200000762939453,31.299999237060547,9082000
2023-05-08,29.466999053955078,31.174999237060547,29.399999618530273,31.114999771118164,10430000
2023-05-09,30.343000411987305,31.0,28.96299934387207,29.750999450683594,7219000
2023-05-10,31.51099967956543,32.564998626708984,30.5,31.323999404907227,12952000
2023-05-11,28.73699951171875,31.135000228881836,28.47599983215332,31.135000228881836,15422000
2023-05-12,27.100000381469727,28.659000396728516,26.650999069213867,28.489999771118164,10851000
2023-05-15,28.25,28.687999725341797,27.600000381469727,28.0,6507000
2023-05-16,27.3439998626709,28.299999237060547,27.23699951171875,27.75,4641000
2023-05-17,29.05699920654297,29.104999542236328,26.926000595092773,27.14900016784668,6113000
2023-05-18,28.757999420166016,29.72100067138672,28.000999450683594,28.899999618530273,6696000
2023-05-19,28.827999114990234,29.195999145507812,28.257999420166016,29.09000015258789,3732000
2023-05-22,29.41200065612793,29.70599937438965,28.601999282836914,28.777999877929688,5910000
2023-05-23,28.933000564575195,30.1200008392334,28.826000213623047,29.91900062561035,6433000
2023-05-24,28.44300079345703,28.69499969482422,27.663000106811523,28.200000762939453,8064000
2023-05-25,28.099000930786133,28.884000778198242,27.28499984741211,28.791000366210938,8783000
2023-05-26,28.510000228881836,29.48900032043457,27.920000076293945,27.979999542236328,6550000
2023-05-30,29.927000045776367,31.36400032043457,29.674999237060547,30.010000228881836,9466000
2023-05-31,30.163000106811523,30.277000427246094,28.899999618530273,29.400999069213867,6234000
2023-06-01,29.993999481201172,30.773000717163086,29.56399917602539,29.850000381469727,5489000
2023-06-02,30.21299934387207,30.600000381469727,29.06399917602539,30.527000427246094,7265000
2023-06-05,27.63599967956543,29.695999145507812,27.1200008392334,29.44700050354004,14040000
2023-06-06,29.881999969482422,30.457000732421875,26.655000686645508,27.0,18779000
2023-06-07,29.08099937438965,30.226999282836914,28.799999237060547,29.881999969482422,6755000
2023-06-08,29.093000411987305,29.724000930786133,28.35700035095215,28.9689998626709,4846000
2023-06-09,28.232999801635742,29.576000213623047,28.051000595092773,29.350000381469727,5673000
2023-06-12,27.770000457763672,28.166000366210938,27.5,27.913000106811523,3695000
2023-06-13,28.381999969482422,28.488000869750977,27.4950008392334,28.43000030517578,4436000
2023-06-14,28.288000106811523,28.614999771118164,27.67300033569336,28.410999298095703,3997000
2023-06-15,27.79199981689453,28.13800048828125,26.600000381469727,27.415000915527344,7857000
2023-06-16,29.339000701904297,29.799999237060547,28.09600067138672,28.499000549316406,14233000
2023-06-20,31.34000015258789,31.51799964904785,28.9689998626709,30.0,18899000
2023-06-21,33.13100051879883,33.79999923706055,32.03099822998047,32.400001525878906,19270000
2023-06-22,32.722999572753906,33.744998931884766,31.312999725341797,33.249000549316406,11344000
2023-06-23,32.9109992980957,33.70000076293945,31.729999542236328,32.70000076293945,15619000
2023-06-26,30.573999404907227,32.86000061035156,30.107999801635742,32.400001525878906,11273000
2023-06-27,32.487998962402344,32.79899978637695,31.152999877929688,31.229999542236328,8773000
2023-06-28,32.56100082397461,33.28099822998047,31.844999313354492,31.990999221801758,6591000
2023-06-29,34.0260009765625,34.07899856567383,32.849998474121094,33.56399917602539,8574000
2023-06-30,34.242000579833984,35.275001525878906,32.22600173950195,34.99700164794922,15255000
2023-07-03,37.784000396728516,37.82699966430664,34.5989990234375,34.70000076293945,11065000
2023-07-05,37.81100082397461,38.29899978637695,35.90999984741211,36.70100021362305,11849000
2023-07-06,37.654998779296875,38.500999450683594,36.20000076293945,38.058998107910156,8904000
2023-07-07,38.07400131225586,39.20000076293945,37.35900115966797,37.35900115966797,9418000
2023-07-10,40.770999908447266,40.80099868774414,37.005001068115234,38.117000579833984,9976000
2023-07-11,41.22999954223633,41.5,39.69200134277344,40.099998474121094,12039000
2023-07-12,41.3489990234375,42.097999572753906,40.52399826049805,41.79999923706055,9236000
2023-07-13,46.18299865722656,46.69900131225586,41.27799987792969,41.79999923706055,20783000
2023-07-14,45.88600158691406,47.50899887084961,44.71799850463867,45.54600143432617,17244000
2023-07-17,44.987998962402344,46.70000076293945,44.435001373291016,45.720001220703125,8613000
2023-07-18,44.58000183105469,45.400001525878906,43.5,44.948001861572266,7825000
2023-07-19,45.310001373291016,46.15999984741211,44.67599868774414,45.176998138427734,5502000
2023-07-20,44.08300018310547,46.13100051879883,43.52000045776367,45.520999908447266,6317000
2023-07-21,43.665000915527344,44.5880012512207,42.654998779296875,44.191001892089844,5633000
2023-07-24,43.09400177001953,43.1870002746582,41.292999267578125,42.763999938964844,6550000
2023-07-25,43.68199920654297,44.242000579833984,43.020999908447266,43.09400177001953,4479000
2023-07-26,44.34600067138672,44.792999267578125,43.62799835205078,43.68199920654297,5300000
2023-07-27,42.6150016784668,45.24599838256836,42.41699981689453,45.099998474121094,5655000
2023-07-28,43.46099853515625,43.874000549316406,42.48400115966797,43.400001525878906,4639000
2023-07-31,43.78799819946289,44.284000396728516,43.220001220703125,44.0,4863000
2023-08-01,43.49800109863281,43.79999923706055,42.0880012512207,43.0,6644000
2023-08-02,40.733001708984375,43.70000076293945,40.11800003051758,43.49800109863281,10556000
2023-08-03,38.99100112915039,40.23699951171875,38.762001037597656,40.000999450683594,6521000
2023-08-04,37.696998596191406,39.57600021362305,37.44499969482422,39.000999450683594,5512000
2023-08-07,37.082000732421875,37.35599899291992,35.77000045776367,37.10300064086914,6963000
2023-08-08,38.948001861572266,39.599998474121094,37.47200012207031,38.0,7719000
2023-08-09,37.784000396728516,39.650001525878906,37.599998474121094,39.59700012207031,5121000
2023-08-10,37.80099868774414,39.00600051879883,37.20100021362305,38.03200149536133,4114000
2023-08-11,38.430999755859375,38.79999923706055,37.209999084472656,37.80099868774414,3343000
2023-08-14,38.882999420166016,39.2599983215332,37.52799987792969,38.15700149536133,3822000
2023-08-15,37.6150016784668,39.26900100708008,37.58300018310547,38.90399932861328,4184000
2023-08-16,36.96699905395508,37.72800064086914,36.625999450683594,37.34600067138672,3136000
2023-08-17,34.67900085449219,36.558998107910156,34.5369987487793,36.15999984741211,8061000
2023-08-18,32.86199951171875,33.858001708984375,32.229000091552734,33.14899826049805,11012000
2023-08-21,33.525001525878906,33.698001861572266,32.50199890136719,33.02899932861328,4172000
2023-08-22,32.95100021362305,34.52299880981445,32.79999923706055,34.14799880981445,3817000
2023-08-23,34.63999938964844,35.051998138427734,32.75,33.0,5206000
2023-08-24,33.65599822998047,34.95000076293945,33.244998931884766,34.891998291015625,5075000
2023-08-25,33.60499954223633,34.5,32.90299987792969,33.96799850463867,3664000
2023-08-28,34.4370002746582,35.03799819946289,33.85499954223633,33.93600082397461,3533000
2023-08-29,38.152000427246094,38.79899978637695,34.19300079345703,34.222999572753906,15282000
2023-08-30,37.167999267578125,37.731998443603516,36.7599983215332,37.5099983215332,6051000
2023-08-31,35.75299835205078,37.56700134277344,35.42399978637695,37.5099983215332,6051000
2023-09-01,35.14799880981445,36.09400177001953,34.66299819946289,35.75400161743164,4067000
2023-09-05,34.92499923706055,35.39699935913086,34.45800018310547,35.14799880981445,3007000
2023-09-06,35.06999969482422,35.900001525878906,34.5260009765625,34.95000076293945,5724000
2023-09-07,35.30699920654297,35.68199920654297,33.784000396728516,34.650001525878906,4927000
2023-09-08,35.62799835205078,35.62799835205078,34.70000076293945,35.242000579833984,4593000
2023-09-11,34.268001556396484,35.6609992980957,33.599998474121094,35.5,7537000
2023-09-12,34.7760009765625,36.7599983215332,34.529998779296875,35.5,7655000
2023-09-13,34.183998107910156,35.25600051879883,34.060001373291016,34.72999954223633,4786000
2023-09-14,34.63999938964844,36.19900131225586,34.604000091552734,35.0,6699000
2023-09-15,34.077999114990234,34.63999938964844,33.63600158691406,34.63999938964844,4988000
2023-09-18,34.0620002746582,35.632999420166016,33.89899826049805,35.125,5781000
2023-09-19,33.92599868774414,35.02000045776367,33.349998474121094,34.4109992980957,5573000
2023-09-20,33.34700012207031,34.433998107910156,33.30400085449219,34.349998474121094,3826000
2023-09-21,32.60599899291992,32.86600112915039,32.159000396728516,32.58000183105469,3656000
2023-09-22,32.28099822998047,32.81399917602539,32.05699920654297,32.474998474121094,2825000
2023-09-25,32.7599983215332,32.76100158691406,31.56399917602539,31.950000762939453,3851000
2023-09-26,31.729999542236328,32.900001525878906,31.716999053955078,32.400001525878906,3857000
2023-09-27,31.562999725341797,32.689998626708984,31.010000228881836,32.262001037597656,3876000
2023-09-28,32.891998291015625,33.755001068115234,31.565000534057617,31.979999542236328,6432000
2023-09-29,32.827999114990234,33.448001861572266,32.4900016784668,33.27199935913086,3920000
2023-10-02,32.94900131225586,35.284000396728516,32.75199890136719,34.65700149536133,8535000
2023-10-03,31.132999420166016,32.599998474121094,31.100000381469727,32.38999938964844,6453000
2023-10-04,32.040000915527344,32.393001556396484,30.711000442504883,31.485000610351562,4938000
2023-10-05,32.34199905395508,32.79999923706055,31.51799964904785,32.37900161743164,4105000
2023-10-06,34.0629997253418,34.178001403808594,31.91699981689453,32.0,4732000
2023-10-09,34.04499816894531,34.42399978637695,33.143001556396484,33.15299987792969,3807000
2023-10-10,34.04600143432617,34.64699935913086,33.70100021362305,34.124000549316406,3866000
2023-10-11,33.46099853515625,34.027000427246094,33.03499984741211,33.86000061035156,3063000
2023-10-12,32.36000061035156,33.5,32.08599853515625,33.5,4451000
2023-10-13,31.82200050354004,32.762001037597656,31.424999237060547,32.762001037597656,3966000
2023-10-16,32.58000183105469,35.29999923706055,32.10499954223633,33.79999923706055,12584000
2023-10-17,33.54100036621094,34.090999603271484,32.13399887084961,32.13399887084961,6151000
2023-10-18,32.91400146484375,33.82600021362305,32.645999908447266,33.5890007019043,3687000
2023-10-19,34.23500061035156,34.87799835205078,32.81399917602539,33.071998596191406,5356000
2023-10-20,34.80400085449219,36.20000076293945,34.42100143432617,35.3650016784668,8764000
2023-10-23,37.749000549316406,38.38999938964844,34.60900115966797,35.53499984741211,12815000
2023-10-24,42.48699951171875,43.89899826049805,40.12699890136719,40.8390007019043,22467000
2023-10-25,43.321998596191406,44.94900131225586,42.51100158691406,43.479000091552734,12601000
2023-10-26,41.345001220703125,43.0,40.62300109863281,42.0,10069000
2023-10-27,40.67599868774414,42.145999908447266,39.81999969482422,42.0,7336000
2023-10-30,42.02199935913086,43.46500015258789,41.0,42.29999923706055,8258000
2023-10-31,42.3390007019043,42.37699890136719,41.005001068115234,41.650001525878906,6154000
2023-11-01,42.66699981689453,43.0,41.236000061035156,42.96200180053711,7522000
2023-11-02,45.362998962402344,45.404998779296875,42.400001525878906,44.04800033569336,11843000
2023-11-03,45.39500045776367,46.41899871826172,44.13999938964844,44.49800109863281,9453000
2023-11-06,45.9630012512207,47.29899978637695,45.10100173950195,46.10200119018555,7827000
2023-11-07,47.35499954223633,47.48699951171875,44.900001525878906,45.400001525878906,7248000
2023-11-08,47.45000076293945,47.86000061035156,45.8489990234375,46.90800094604492,7894000
2023-11-09,49.40700149536133,53.520999908447266,48.5890007019043,49.82899856567383,21139000
2023-11-10,50.917999267578125,51.332000732421875,49.45399856567383,50.400001525878906,9458000
2023-11-13,50.487998962402344,50.689998626708984,48.676998138427734,50.20000076293945,9251000
2023-11-14,48.0,50.69900131225586,46.0,50.66999816894531,16619000
2023-11-15,50.595001220703125,50.928001403808594,48.06700134277344,48.63399887084961,14502000
2023-11-16,48.90800094604492,50.277000427246094,48.297000885009766,49.400001525878906,11464000
2023-11-17,48.62200164794922,49.590999603271484,48.3390007019043,49.26499938964844,7497000
2023-11-20,50.85300064086914,51.25199890136719,49.20100021362305,49.20100021362305,10592000
2023-11-21,49.30400085449219,50.31399917602539,48.452999114990234,49.79899978637695,7956000
2023-11-22,50.78799819946289,50.944000244140625,48.108001708984375,49.400001525878906,7331000
2023-11-24,52.02399826049805,52.67900085449219,50.553001403808594,51.0,9074000
2023-11-27,49.53799819946289,51.47999954223633,49.529998779296875,50.57500076293945,10555000
2023-11-28,50.58700180053711,51.527000427246094,49.82500076293945,50.512001037597656,8877000
2023-11-29,50.709999084472656,51.349998474121094,49.70000076293945,50.79800033569336,6569000
2023-11-30,49.83000183105469,50.499000549316406,48.73099899291992,49.79999923706055,7405000
2023-12-01,52.768001556396484,52.97999954223633,50.33700180053711,50.35300064086914,14041000
2023-12-04,56.321998596191406,57.777000427246094,55.0,56.70000076293945,17530000
2023-12-05,57.75,58.9900016784668,56.3380012512207,56.599998474121094,14468000
2023-12-06,56.888999938964844,58.654998779296875,56.61399841308594,58.512001037597656,9566000
2023-12-07,57.10900115966797,57.805999755859375,55.209999084472656,55.720001220703125,5736000
2023-12-08,59.93899917602539,59.93899917602539,57.28099822998047,57.347999572753906,9531000
2023-12-11,55.58000183105469,57.78799819946289,54.61800003051758,57.4109992980957,13411000
2023-12-12,55.832000732421875,56.696998596191406,54.9010009765625,56.0,7119000
2023-12-13,58.599998474121094,58.599998474121094,55.229000091552734,55.75899887084961,9700000
2023-12-14,58.23699951171875,59.0,57.564998626708984,58.79999923706055,9167000
2023-12-15,57.04100036621094,57.52299880981445,56.46500015258789,57.5,9880000
2023-12-18,57.189998626708984,57.900001525878906,55.900001525878906,56.11000061035156,8503000
2023-12-19,57.130001068115234,59.04100036621094,56.45100021362305,58.349998474121094,8738000
2023-12-20,57.34700012207031,59.957000732421875,57.209999084472656,58.97700119018555,13785000
2023-12-21,58.19499969482422,59.13199996948242,57.439998626708984,58.810001373291016,7159000
2023-12-22,61.92399978637695,62.257999420166016,57.869998931884766,58.19599914550781,12620000
2023-12-26,60.388999938964844,61.55500030517578,59.64899826049805,60.94900131225586,12047000
2023-12-27,67.07099914550781,67.38200378417969,61.20100021362305,61.380001068115234,21273000
2023-12-28,66.78800201416016,68.93499755859375,65.35199737548828,65.46900177001953,15808000
2023-12-29,63.1619987487793,68.0,61.71699905395508,67.48300170898438,15818000
2024-01-02,68.51499938964844,72.7770004272461,68.0,69.2490005493164,22074000
2024-01-03,63.10599899291992,65.8550033569336,62.529998779296875,64.3219985961914,18806000
2024-01-04,65.58100128173828,66.80000305175781,62.845001220703125,63.86000061035156,11193000
2024-01-05,63.108001708984375,65.40299987792969,63.00299835205078,64.87100219726562,9323000
2024-01-08,59.80099868774414,64.68800354003906,58.652000427246094,64.0,25143000
2024-01-09,57.729000091552734,60.27799987792969,57.125,60.0,14346000
2024-01-10,56.56700134277344,58.70000076293945,55.38399887084961,56.667999267578125,16409000
2024-01-11,53.61800003051758,61.099998474121094,53.029998779296875,59.89899826049805,25704000
2024-01-12,48.553001403808594,52.5890007019043,48.099998474121094,52.50199890136719,27403000
2024-01-16,48.2140007019043,48.948001861572266,46.70000076293945,47.900001525878906,16453000
2024-01-17,49.900001525878906,49.90999984741211,47.42300033569336,47.42300033569336,9766000
2024-01-18,48.65999984741211,52.20000076293945,47.78499984741211,50.0,16605000
2024-01-19,48.099998474121094,48.720001220703125,46.5,48.45000076293945,11772000
2024-01-22,47.01900100708008,48.395999908447266,45.53900146484375,46.79999923706055,11431000
2024-01-23,45.01900100708008,45.981998443603516,43.874000549316406,45.0,11716000
2024-01-24,45.0989990234375,46.20000076293945,44.505001068115234,46.0,8233000
2024-01-25,45.77799987792969,46.400001525878906,44.5890007019043,45.231998443603516,6608000
2024-01-26,49.45000076293945,50.095001220703125,46.474998474121094,47.0,14660000
2024-01-29,51.38100051879883,52.49700164794922,49.020999908447266,50.0,13649000
2024-01-30,51.95100021362305,52.58000183105469,50.763999938964844,51.698001861572266,7388000
2024-01-31,50.12099838256836,52.78900146484375,49.94300079345703,50.79999923706055,9380000
2024-02-01,50.347999572753906,51.50600051879883,49.59600067138672,50.18000030517578,6281000
2024-02-02,50.0099983215332,50.900001525878906,49.099998474121094,49.724998474121094,6098000
2024-02-05,49.060001373291016,50.347999572753906,48.20000076293945,50.20000076293945,8599000
2024-02-06,49.79999923706055,50.91899871826172,49.3120002746582,49.33000183105469,6899000
2024-02-07,50.80099868774414,50.862998962402344,46.749000549316406,49.946998596191406,10997000
2024-02-08,58.78099822998047,58.84600067138672,52.505001068115234,53.0,22631000
2024-02-09,64.63200378417969,64.88999938964844,61.4119987487793,62.7400016784668,24685000
2024-02-12,71.75199890136719,72.5270004272461,65.01699829101562,65.1989974975586,23100000
2024-02-13,68.60199737548828,70.12200164794922,65.55500030517578,67.5,13915000
2024-02-14,76.98799896240234,77.48400115966797,73.41699981689453,74.5999984741211,20705000
2024-02-15,71.80000305175781,80.6780014038086,70.7509994506836,79.24400329589844,23828000
2024-02-16,69.95600128173828,74.0,68.93800354003906,73.5,13407000
2024-02-20,70.49800109863281,72.197998046875,67.0270004272461,71.0790023803711,9680000
2024-02-21,67.27999877929688,68.53800201416016,66.4260025024414,68.43000030517578,6942000
2024-02-22,71.31500244140625,72.32499694824219,67.9990005493164,68.37000274658203,10425000
2024-02-23,68.74400329589844,70.42900085449219,67.80599975585938,69.9010009765625,7393000
2024-02-26,79.64800262451172,80.99500274658203,68.79399871826172,68.79399871826172,22695000
2024-02-27,87.18000030517578,89.0,84.1760025024414,86.61000061035156,22748000
2024-02-28,96.29499816894531,100.88800048828125,91.55000305175781,95.19999694824219,48388000
2024-02-29,102.28399658203125,104.0,96.04399871826172,99.9000015258789,35206000
2024-03-01,107.93900299072266,108.0,99.19999694824219,99.5999984741211,26964000
2024-03-04,133.4010009765625,135.99099731445312,119.0009994506836,120.0,54250000
2024-03-05,105.10099792480469,133.7790069580078,103.50599670410156,124.41899871826172,57366000
2024-03-06,124.62100219726562,128.55499267578125,113.11000061035156,114.0,36940000
2024-03-07,130.0019989013672,132.10400390625,122.5,128.4980010986328,21677000
2024-03-08,142.5590057373047,145.17300415039062,128.36599731445312,132.8040008544922,37418000
2024-03-11,148.42300415039062,165.70599365234375,147.73500061035156,155.0,41024000
2024-03-12,159.3350067138672,159.4969940185547,143.8000030517578,154.39999389648438,35489000
2024-03-13,176.61500549316406,177.39999389648438,162.0,166.0,37759000
2024-03-14,167.68499755859375,174.60000610351562,155.07699584960938,170.80099487304688,49868000
2024-03-15,178.23599243164062,181.5,157.0,160.00100708007812,44750000
2024-03-18,150.2760009765625,173.49000549316406,144.50100708007812,171.84500122070312,45111000
2024-03-19,141.75,145.0,123.01200103759766,132.60699462890625,44644000
2024-03-20,154.65199279785156,155.0,136.30099487304688,142.30099487304688,33314000
2024-03-21,159.9290008544922,170.43600463867188,158.1020050048828,159.41200256347656,31590000
2024-03-22,152.3000030517578,159.44900512695312,149.0,152.0,20836000
2024-03-25,185.60000610351562,187.36500549316406,159.44200134277344,160.5,38840000
2024-03-26,187.69900512695312,190.9499969482422,179.1999969482422,188.2429962158203,23939000
2024-03-27,191.91600036621094,199.99899291992188,184.1999969482422,195.3000030517578,26226000
2024-03-28,170.45599365234375,198.89999389648438,164.552001953125,194.3000030517578,45559000
2024-04-01,163.6739959716797,169.0189971923828,158.656005859375,164.50100708007812,19930000
2024-04-02,157.88299560546875,159.22900390625,146.29400634765625,149.1999969482422,18546000
2024-04-03,160.61099243164062,169.94900512695312,156.83200073242188,158.00100708007812,19772000
2024-04-04,161.54200744628906,173.9720001220703,161.00999450683594,169.29800415039062,20171000
2024-04-05,143.89999389648438,167.4250030517578,143.1999969482422,157.0,22740000
2024-04-08,151.2989959716797,162.3780059814453,149.1199951171875,160.2100067138672,20574000
2024-04-09,144.1020050048828,148.01699829101562,137.5,147.80999755859375,16659000
2024-04-10,156.60000610351562,156.60000610351562,137.3769989013672,138.75,19392000
2024-04-11,155.18099975585938,157.83700561523438,151.00900268554688,154.3000030517578,14386000
2024-04-12,147.95799255371094,153.78199768066406,143.3000030517578,153.5,12906000
2024-04-15,133.58799743652344,148.9969940185547,132.10499572753906,147.0,16125000
2024-04-16,125.40299987792969,132.85000610351562,121.51499938964844,130.6020050048828,17292000
2024-04-17,118.80500030517578,126.4219970703125,113.1989974975586,125.80000305175781,20374000
2024-04-18,120.81600189208984,128.78799438476562,116.84300231933594,119.19999694824219,17697000
2024-04-19,117.41100311279297,125.86499786376953,116.6240005493164,123.69999694824219,14747000
2024-04-22,132.4010009765625,134.7899932861328,120.80000305175781,120.9000015258789,19411000
2024-04-23,133.86399841308594,139.44500732421875,129.88900756835938,131.10000610351562,10478000
2024-04-24,126.56700134277344,134.5,126.0,132.7010040283203,9512000
2024-04-25,124.04100036621094,126.77200317382812,120.11399841308594,122.5999984741211,7734000
2024-04-26,128.23800659179688,128.5970001220703,120.4010009765625,122.5,8815000
2024-04-29,129.2969970703125,130.8419952392578,122.84200286865234,125.0,10131000
2024-04-30,106.50299835205078,121.54199981689453,106.31700134277344,119.9010009765625,24936000
2024-05-01,102.8270034790039,110.93299865722656,101.0,101.5530014038086,19249000
2024-05-02,112.94200134277344,114.2300033569336,104.1760025024414,105.5,15402000
2024-05-03,122.3010025024414,124.19999694824219,117.28199768066406,120.10099792480469,15610000
2024-05-06,126.88099670410156,133.89999389648438,126.01000213623047,127.38500213623047,13870000
2024-05-07,125.74500274658203,131.89999389648438,125.12999725341797,127.81999969482422,9968000
2024-05-08,123.31199645996094,125.98999786376953,119.0,119.83899688720703,8590000
2024-05-09,126.36399841308594,130.3000030517578,120.0989990234375,123.0,10534000
2024-05-10,118.0479965209961,130.19900512695312,117.85299682617188,128.99899291992188,14038000
2024-05-13,124.59600067138672,126.41500091552734,120.30000305175781,121.79399871826172,8757000
2024-05-14,129.76300048828125,129.86900329589844,122.64800262451172,122.64800262451172,9268000
2024-05-15,150.3470001220703,152.03399658203125,135.10899353027344,137.9600067138672,20586000
2024-05-16,143.9980010986328,151.88999938964844,143.5449981689453,149.41000366210938,13656000
2024-05-17,158.4499969482422,158.5,146.89999389648438,150.09800720214844,16529000
2024-05-20,172.7239990234375,172.89599609375,155.14199829101562,159.6999969482422,16717000
2024-05-21,165.54200744628906,174.0,164.5,173.0,12978000
2024-05-22,164.6999969482422,171.8000030517578,162.01499938964844,166.3000030517578,10339000
2024-05-23,154.40699768066406,167.0,153.0330047607422,166.92100524902344,11588000
2024-05-24,168.48399353027344,168.5,152.8000030517578,154.0,12069000
2024-05-28,167.53500366210938,169.15499877929688,161.0019989013672,165.0,10799000
2024-05-29,161.8699951171875,165.90699768066406,161.1179962158203,165.0,7344000
2024-05-30,154.10000610351562,171.49899291992188,153.1959991455078,165.3000030517578,14708000
2024-05-31,152.44900512695312,161.48199462890625,144.1999969482422,159.6999969482422,22154000
2024-06-03,162.74099731445312,165.60000610351562,156.04200744628906,160.10000610351562,11222000
2024-06-04,163.8769989013672,169.6999969482422,161.5,161.74200439453125,13230000
2024-06-05,169.468994140625,171.78399658203125,163.62399291992188,167.5,10956000
2024-06-06,165.66299438476562,173.47000122070312,164.7050018310547,169.85899353027344,11623000
2024-06-07,159.6199951171875,171.77000427246094,158.5,167.1020050048828,12627000
2024-06-10,159.99200439453125,164.7760009765625,156.0290069580078,157.50100708007812,7239000
2024-06-11,155.5489959716797,156.4149932861328,148.66000366210938,154.1999969482422,11412000
2024-06-12,160.36700439453125,169.27099609375,159.177001953125,162.0,13681000
2024-06-13,148.38800048828125,157.37600708007812,144.1009979248047,156.3300018310547,21108000
2024-06-14,149.5540008544922,153.8000030517578,146.1510009765625,150.5,13790000
2024-06-17,150.7259979248047,156.9010009765625,142.11700439453125,149.97999572753906,12076000
2024-06-18,146.9429931640625,151.09500122070312,144.60000610351562,145.79299926757812,8934000
2024-06-20,146.5399932861328,150.5590057373047,142.20599365234375,148.21099853515625,9098000
2024-06-21,148.37600708007812,149.10499572753906,140.90199279785156,142.0,11353000
2024-06-24,137.21499633789062,144.88999938964844,132.5540008544922,139.8000030517578,16081000
2024-06-25,149.57400512695312,149.89999389648438,139.33900451660156,141.3769989013672,13537000
2024-06-26,145.7729949951172,150.5019989013672,144.5,147.22900390625,7502000
2024-06-27,152.5399932861328,153.89999389648438,146.35000610351562,148.5,9308000
2024-06-28,137.7480010986328,151.89999389648438,136.70199584960938,151.64199829101562,34113000
2024-07-01,136.5970001220703,143.59500122070312,136.30799865722656,141.0,14129000
2024-07-02,132.0189971923828,138.4409942626953,130.65699768066406,136.55099487304688,9229000
2024-07-03,130.20899963378906,132.8000030517578,127.34700012207031,129.8000030517578,6659000
2024-07-05,128.1719970703125,129.91700744628906,120.23200225830078,121.55000305175781,15029000
2024-07-08,129.05799865722656,132.5,125.87799835205078,131.4530029296875,8736000
2024-07-09,130.177001953125,132.0,127.80899810791016,131.38800048828125,8903000
2024-07-10,130.57200622558594,134.5,129.60000610351562,131.97000122070312,6387000
2024-07-11,135.8560028076172,143.1999969482422,132.9239959716797,139.60000610351562,13513000
2024-07-12,139.67599487304688,143.5399932861328,132.41900634765625,133.9199981689453,10641000
2024-07-15,161.1280059814453,163.89999389648438,149.2429962158203,152.39999389648438,24671000
2024-07-16,166.42999267578125,167.5780029296875,157.63999938964844,161.5,15810000
2024-07-17,159.0,167.4080047607422,153.0,161.10000610351562,17212000
2024-07-18,155.51600646972656,163.6999969482422,151.625,163.38999938964844,10236000
2024-07-19,177.85000610351562,178.5,156.5,157.33999633789062,20458000
2024-07-22,180.00900268554688,181.0659942626953,173.61300659179688,178.40199279785156,15391000
2024-07-23,172.177001953125,179.8000030517578,171.5019989013672,176.3990020751953,10747000
2024-07-24,167.2689971923828,176.95199584960938,166.70199584960938,175.0,13774000
2024-07-25,160.64700317382812,167.78599548339844,150.76600646972656,161.64999389648438,14772000
2024-07-26,175.27099609375,177.69700622558594,168.6009979248047,170.0,14138000
2024-07-29,168.48500061035156,183.6999969482422,167.1269989013672,181.99899291992188,12802000
2024-07-30,160.40699768066406,169.5,159.24899291992188,168.7989959716797,9155000
2024-07-31,161.44400024414062,168.5,160.85499572753906,164.60299682617188,7534000
2024-08-01,151.18099975585938,163.43600463867188,148.20199584960938,161.5,11930000
2024-08-02,144.7989959716797,159.13999938964844,141.7100067138672,148.58099365234375,14126000
2024-08-05,130.89999389648438,135.427001953125,102.4020004272461,105.16500091552734,22678000
2024-08-06,136.92100524902344,139.49400329589844,126.21800231933594,132.60000610351562,12260000
2024-08-07,124.68499755859375,142.1580047607422,124.01300048828125,140.8780059814453,10934000
2024-08-08,135.99000549316406,136.75999450683594,128.05999755859375,130.22999572753906,10378300
2024-08-09,135.3699951171875,136.69000244140625,129.5500030517578,135.88999938964844,7330400
2024-08-12,131.4600067138672,139.2100067138672,129.22000122070312,133.49000549316406,6932300
2024-08-13,135.3800048828125,140.0,130.25999450683594,132.27999877929688,8123100
2024-08-14,130.3699951171875,137.39999389648438,129.3300018310547,136.3699951171875,8535900
2024-08-15,131.92999267578125,139.0,130.72999572753906,132.6999969482422,10856900
2024-08-16,133.0399932861328,136.32000732421875,126.58999633789062,133.25,11360400
2024-08-19,135.35000610351562,137.44000244140625,131.16000366210938,133.6999969482422,6595700
2024-08-20,133.69000244140625,141.36000061035156,130.6300048828125,139.74000549316406,11274600
2024-08-21,141.4199981689453,142.5800018310547,132.8699951171875,134.33999633789062,11774500
2024-08-22,133.80999755859375,141.77999877929688,133.69000244140625,141.38999938964844,7963400
2024-08-23,150.00999450683594,151.80999755859375,135.50999450683594,137.39999389648438,17791300
2024-08-26,146.89999389648438,152.35000610351562,146.60000610351562,148.1199951171875,10418800
2024-08-27,140.00999450683594,145.24000549316406,138.19000244140625,144.47999572753906,10943100
2024-08-28,132.08999633789062,138.39999389648438,130.72999572753906,138.16000366210938,8860100
2024-08-29,132.55999755859375,139.42999267578125,131.0,137.0,8431400
2024-08-30,132.4199981689453,135.25,128.3000030517578,134.0,7803000
2024-09-03,122.31999969482422,132.72999572753906,122.19000244140625,132.0,8258800
2024-09-04,124.8499984741211,125.9800033569336,117.94000244140625,120.25,8191100
2024-09-05,119.56999969482422,126.83000183105469,119.43000030517578,122.3499984741211,6066600
2024-09-06,114.30000305175781,124.69000244140625,113.69000244140625,122.93000030517578,8795500
2024-09-09,124.81999969482422,125.2300033569336,117.5,118.93000030517578,9771200
2024-09-10,129.63999938964844,129.82000732421875,121.55000305175781,123.0,7738000
2024-09-11,129.27999877929688,131.0,121.30000305175781,124.80999755859375,8731200
2024-09-12,130.77000427246094,134.10000610351562,127.2699966430664,129.0,6031600
2024-09-13,141.47000122070312,143.0,129.83999633789062,131.10000610351562,12239100
2024-09-16,134.52999877929688,137.8800048828125,132.6699981689453,137.02000427246094,8765900
2024-09-17,131.27000427246094,140.16000366210938,128.82000732421875,138.3699951171875,21043400
2024-09-18,132.6699981689453,139.49000549316406,128.50999450683594,130.44000244140625,16345600
2024-09-19,144.66000366210938,148.9600067138672,139.6199951171875,140.4499969482422,20177300
2024-09-20,144.77999877929688,148.02999877929688,141.63999938964844,144.38999938964844,12332300
2024-09-23,149.97000122070312,151.58999633789062,145.00999450683594,147.47999572753906,10090300
2024-09-24,153.8800048828125,154.3300018310547,146.7100067138672,150.16000366210938,9365200
2024-09-25,151.94000244140625,157.8800048828125,151.5,152.3000030517578,7839400
2024-09-26,165.97999572753906,167.50999450683594,156.3800048828125,157.6300048828125,17068500
2024-09-27,176.22000122070312,179.60000610351562,168.30999755859375,170.47999572753906,17321200
2024-09-30,168.60000610351562,175.50999450683594,167.30999755859375,168.6300048828125,13338100
2024-10-01,162.69000244140625,169.42999267578125,157.02000427246094,168.52000427246094,14103300
2024-10-02,164.63999938964844,173.8800048828125,159.16000366210938,160.50999450683594,12557500
2024-10-03,163.41000366210938,165.86000061035156,157.82000732421875,163.38999938964844,8814200
2024-10-04,176.50999450683594,176.5500030517578,163.97000122070312,166.72000122070312,14030100
2024-10-07,186.08999633789062,191.99000549316406,178.8000030517578,179.7100067138672,19826000
2024-10-08,192.1999969482422,198.49000549316406,184.4499969482422,186.10000610351562,20984800
2024-10-09,188.91000366210938,198.38999938964844,185.25,189.77000427246094,13445300
2024-10-10,183.33999633789062,192.1999969482422,178.0,191.88999938964844,15937500
2024-10-11,212.58999633789062,212.80999755859375,187.41000366210938,188.5,29933800
2024-10-14,201.6699981689453,227.14999389648438,201.42999267578125,224.47999572753906,31736600
2024-10-15,194.30999755859375,211.16000366210938,189.6999969482422,206.72999572753906,23114600
2024-10-16,194.08999633789062,200.6199951171875,191.9600067138672,199.89999389648438,12434600
2024-10-17,193.4199981689453,198.8800048828125,185.80999755859375,192.8000030517578,11414300
2024-10-18,215.86000061035156,218.64999389648438,197.10000610351562,197.58999633789062,22814800
2024-10-21,219.0500030517578,223.14999389648438,208.4499969482422,214.49000549316406,18028600
2024-10-22,219.6999969482422,221.39999389648438,212.0800018310547,216.2100067138672,13758100
2024-10-23,213.9499969482422,222.85000610351562,204.91000366210938,215.0800018310547,17025500
2024-10-24,235.88999938964844,236.2899932861328,218.25,220.08999633789062,23221500
2024-10-25,234.33999633789062,245.57000732421875,227.75,236.38999938964844,25093200
2024-10-28,255.33999633789062,259.5,242.77000427246094,244.63999938964844,23182000
2024-10-29,258.239990234375,267.8900146484375,251.24000549316406,264.25,25958500
2024-10-30,247.30999755859375,255.8000030517578,239.0,246.5,20593300
2024-10-31,244.5,252.8800048828125,237.0,251.1199951171875,21954100
2024-11-01,229.7100067138672,255.75,225.92999267578125,245.3300018310547,26258900
2024-11-04,222.99000549316406,231.67999267578125,220.82000732421875,226.97000122070312,13438800
2024-11-05,227.8000030517578,243.4600067138672,225.42999267578125,233.33999633789062,17993900
2024-11-06,257.80999755859375,261.20001220703125,242.69000244140625,260.0,26270400
2024-11-07,270.80999755859375,280.79998779296875,252.6999969482422,256.79998779296875,23931700
2024-11-08,270.4200134277344,279.3800048828125,262.6000061035156,275.5799865722656,18764200
2024-11-11,340.0,351.7300109863281,293.29998779296875,297.0,47315700
2024-11-12,356.5899963378906,360.8900146484375,325.5,334.7699890136719,39705800
2024-11-13,328.3800048828125,383.3999938964844,321.70001220703125,366.9800109863281,46238500
2024-11-14,327.6700134277344,348.0,318.6199951171875,341.7699890136719,26605700
2024-11-15,340.6499938964844,349.94000244140625,324.1000061035156,336.6000061035156,25842000
2024-11-18,384.7900085449219,388.489990234375,339.3800048828125,345.4200134277344,32612800
2024-11-19,430.5400085449219,449.0,381.0,389.5,50954500
2024-11-20,473.8299865722656,504.8299865722656,457.29998779296875,463.3999938964844,70212600
2024-11-21,397.2799987792969,543.0,371.8399963378906,535.6300048828125,100444000
2024-11-22,421.8800048828125,453.0,393.1000061035156,403.6000061035156,55935000
2024-11-25,403.45001220703125,440.75,383.79998779296875,440.75,40180400
2024-11-26,353.69000244140625,403.0,338.6700134277344,382.7799987792969,47891000
2024-11-27,388.8399963378906,397.6600036621094,372.5,384.2900085449219,34921200
2024-11-29,387.4700012207031,417.6199951171875,381.0,405.75,21987600
2024-12-02,380.29998779296875,398.7900085449219,374.3599853515625,393.6400146484375,23404300
2024-12-03,373.42999267578125,393.1199951171875,362.6700134277344,367.8500061035156,22817500
2024-12-04,406.0,409.9700012207031,365.6000061035156,380.0,29862200
2024-12-05,386.3999938964844,444.94000244140625,379.3500061035156,440.1199951171875,46189800
2024-12-06,395.010009765625,405.0,384.0199890136719,395.2900085449219,26206200
2024-12-09,365.3399963378906,399.79998779296875,363.44000244140625,394.0,22606100
2024-12-10,377.32000732421875,379.79998779296875,356.04998779296875,373.3699951171875,20139900
2024-12-11,411.3999938964844,412.67999267578125,385.5,385.6600036621094,27594400
2024-12-12,392.19000244140625,415.79998779296875,386.1099853515625,413.7099914550781,21074300
2024-12-13,408.6700134277344,409.7099914550781,388.8800048828125,400.07000732421875,21536900
2024-12-16,408.5,437.6099853515625,406.4599914550781,424.8699951171875,31099400
2024-12-17,386.4200134277344,415.67999267578125,386.010009765625,413.45001220703125,21822000
2024-12-18,349.6400146484375,390.32000732421875,338.0,386.0,24422900
2024-12-19,326.4599914550781,367.5,323.4800109863281,365.44000244140625,26922900
2024-12-20,364.20001220703125,364.8800048828125,317.0,319.3699951171875,44889900
2024-12-23,332.2300109863281,359.739990234375,329.0799865722656,358.0,21742500
2024-12-24,358.17999267578125,361.0,342.70001220703125,343.5,16377800
2024-12-26,341.04998779296875,351.79998779296875,340.0,350.30999755859375,13249000
2024-12-27,330.0,342.7099914550781,323.20001220703125,342.29998779296875,13778500
2024-12-30,302.9599914550781,320.010009765625,301.75,319.3999938964844,25771200
2024-12-31,289.6199951171875,317.9100036621094,285.010009765625,316.9599914550781,22486100
2025-01-02,300.010009765625,310.79998779296875,292.32000732421875,300.1099853515625,17933900
2025-01-03,339.6600036621094,343.3999938964844,301.7699890136719,303.0,25039000
2025-01-06,379.0899963378906,383.0199890136719,335.5,349.8500061035156,26707300
2025-01-07,341.42999267578125,371.2799987792969,335.29998779296875,366.4700012207031,24736800
2025-01-08,331.70001220703125,344.3900146484375,317.2200012207031,335.25,18274800
2025-01-10,327.9100036621094,337.0,317.9100036621094,330.30999755859375,16478700
2025-01-13,328.3999938964844,329.6000061035156,303.79998779296875,309.95001220703125,15914500
2025-01-14,342.1700134277344,354.8999938964844,331.29998779296875,343.0,17889500
2025-01-15,360.6199951171875,368.4200134277344,353.010009765625,357.80999755859375,19941300
2025-01-16,367.0,370.260009765625,345.79998779296875,357.8900146484375,14826600
2025-01-17,396.5,398.67999267578125,380.1499938964844,383.2799987792969,24339100
2025-01-21,389.1000061035156,404.4200134277344,367.760009765625,395.4599914550781,26215800
2025-01-22,377.30999755859375,390.3500061035156,371.04998779296875,384.9100036621094,16000300
2025-01-23,373.1199951171875,390.20001220703125,370.70001220703125,371.75,23306500
2025-01-24,353.6700134277344,378.1099853515625,351.0,377.6700134277344,22943800
2025-01-27,347.9200134277344,356.8800048828125,322.29998779296875,340.5,21224400
2025-01-28,335.92999267578125,348.9200134277344,333.0899963378906,344.67999267578125,11461400
2025-01-29,341.25,343.6300048828125,329.3299865722656,338.20001220703125,11716800
2025-01-30,340.0899963378906,356.1099853515625,338.5199890136719,345.8299865722656,12607800
2025-01-31,334.7900085449219,352.7099914550781,332.0,340.1099853515625,15533300
2025-02-03,347.0899963378906,348.8500061035156,308.8999938964844,310.0,18207300
2025-02-04,348.30999755859375,353.7900085449219,340.45001220703125,341.20001220703125,12486000
2025-02-05,336.70001220703125,352.3599853515625,333.54998779296875,349.0,10874100
2025-02-06,325.4599914550781,344.5,320.7099914550781,338.70001220703125,12795200
2025-02-07,327.55999755859375,344.3999938964844,327.0,335.0,15049700
2025-02-10,334.6199951171875,340.3800048828125,328.29998779296875,333.5,10104100
2025-02-11,319.4599914550781,338.5,318.70001220703125,332.9800109863281,12017200
2025-02-12,326.82000732421875,331.1700134277344,314.19000244140625,315.9599914550781,9837900
2025-02-13,324.9200134277344,330.5899963378906,317.3500061035156,325.5,9848100
2025-02-14,337.7300109863281,344.8900146484375,323.7099914550781,325.1499938964844,13912800
2025-02-18,333.9700012207031,340.489990234375,326.7900085449219,337.3500061035156,10179800
2025-02-19,318.6700134277344,340.19000244140625,317.2200012207031,337.29998779296875,17043100
2025-02-20,323.9200134277344,327.8299865722656,314.95001220703125,323.7300109863281,12291700
2025-02-21,299.69000244140625,329.0,299.0400085449219,327.92999267578125,17930800
2025-02-24,282.760009765625,304.0400085449219,276.3999938964844,304.0,17974900
2025-02-25,250.50999450683594,270.2900085449219,243.6999969482422,268.1000061035156,31379600
2025-02-26,263.2699890136719,264.4599914550781,244.00999450683594,245.38999938964844,19876900
2025-02-27,240.0500030517578,271.4599914550781,239.47999572753906,267.42999267578125,18520300
2025-02-28,255.42999267578125,257.5,231.9199981689453,238.32000732421875,22662600
2025-03-03,250.9199981689453,295.1000061035156,246.10000610351562,293.1499938964844,30575700
2025-03-04,275.1499938964844,293.0400085449219,237.00999450683594,240.27999877929688,30130200
2025-03-05,308.54998779296875,311.2799987792969,271.7699890136719,278.30999755859375,26199800
2025-03-06,304.1099853515625,320.94000244140625,292.1700134277344,298.95001220703125,25309500
2025-03-07,287.17999267578125,310.44000244140625,281.44000244140625,298.1499938964844,22764500
2025-03-10,239.27000427246094,272.0,231.6199951171875,268.0,31478300
2025-03-11,260.5899963378906,263.1000061035156,231.50999450683594,245.0,22076100
2025-03-12,262.54998779296875,269.7699890136719,248.22000122070312,264.6000061035156,14328600
2025-03-13,263.260009765625,270.3999938964844,253.75999450683594,262.0,13804700
2025-03-14,297.489990234375,298.70001220703125,272.6199951171875,273.989990234375,23714000
2025-03-17,294.2699890136719,296.80999755859375,281.6000061035156,292.1499938964844,12998700
2025-03-18,283.19000244140625,290.989990234375,272.5,283.20001220703125,15398200
2025-03-19,304.2300109863281,309.0799865722656,287.1199951171875,290.29998779296875,19378800
2025-03-20,302.07000732421875,309.3999938964844,293.3999938964844,298.7900085449219,15058100
2025-03-21,304.0,306.3900146484375,293.04998779296875,295.70001220703125,21774000
2025-03-24,335.7200012207031,336.7699890136719,311.3599853515625,316.1400146484375,23099700
2025-03-25,341.80999755859375,343.5899963378906,329.5,333.4800109863281,15053700
2025-03-26,329.30999755859375,340.3399963378906,319.7300109863281,336.5,16732400
2025-03-27,324.5899963378906,333.489990234375,318.0,322.5299987792969,13838300
2025-03-28,289.4100036621094,320.79998779296875,289.25,318.3800048828125,21058900
2025-03-31,288.2699890136719,294.8900146484375,272.79998779296875,281.8699951171875,14866300
2025-04-01,306.0199890136719,307.6000061035156,280.6499938964844,293.5299987792969,16780100
2025-04-02,312.5400085449219,319.4700012207031,296.9800109863281,297.8599853515625,16293800
2025-04-03,282.2799987792969,299.2200012207031,276.0299987792969,286.75,18223000
2025-04-04,293.6099853515625,299.1400146484375,265.29998779296875,285.0199890136719,24847100
2025-04-07,268.1400146484375,297.6000061035156,252.60000610351562,260.1400146484375,28449300
2025-04-08,237.9499969482422,282.8399963378906,235.92999267578125,278.1499938964844,22952700
2025-04-09,296.8599853515625,302.3399963378906,241.69000244140625,242.02000427246094,38346400
2025-04-10,272.3399963378906,288.30999755859375,261.3699951171875,282.5,19237800
2025-04-11,299.9800109863281,304.1499938964844,276.29998779296875,281.29998779296875,21334100
2025-04-14,311.45001220703125,314.6000061035156,300.1000061035156,309.79998779296875,15635400
2025-04-15,310.7200012207031,319.75,306.80999755859375,312.2200012207031,11217800
2025-04-16,311.6600036621094,318.6000061035156,304.0,306.05999755859375,12847200
2025-04-17,317.20001220703125,320.0,306.0,313.8900146484375,13511100
2025-04-21,317.760009765625,330.989990234375,309.0,324.989990234375,16053200
2025-04-22,343.0299987792969,348.9599914550781,327.010009765625,328.7099914550781,24036500
2025-04-23,345.7300109863281,355.8299865722656,339.0,354.70001220703125,16690700
2025-04-24,350.3399963378906,351.0299987792969,343.239990234375,344.9700012207031,10781400
2025-04-25,368.7099914550781,373.2300109863281,353.1199951171875,354.0,19338600
2025-04-28,369.25,373.6600036621094,354.5299987792969,373.2900085449219,11490900
2025-04-29,381.45001220703125,383.95001220703125,366.79998779296875,369.0199890136719,13038800
2025-04-30,380.1099853515625,384.0,362.3900146484375,373.7799987792969,13762900
2025-05-01,381.6000061035156,403.8999938964844,381.0299987792969,392.2900085449219,16944100
2025-05-02,394.3699951171875,401.70001220703125,387.510009765625,393.8800048828125,15948000
2025-05-05,386.5299987792969,391.92999267578125,374.20001220703125,383.3299865722656,14424100
2025-05-06,385.6000061035156,387.8599853515625,377.7699890136719,378.55999755859375,9695600
2025-05-07,392.4800109863281,396.3500061035156,388.260009765625,393.79998779296875,10555300
2025-05-08,414.3800048828125,423.1099853515625,404.5,408.1700134277344,22135600
2025-05-09,416.0299987792969,430.3500061035156,406.2200012207031,420.0,17161800
2025-05-12,404.8999938964844,422.0400085449219,400.8299865722656,420.9200134277344,16245500
2025-05-13,421.6099853515625,422.54998779296875,404.1199951171875,412.54998779296875,12925000
2025-05-14,416.75,425.94000244140625,410.4100036621094,420.3999938964844,10722700
2025-05-15,397.0299987792969,415.3599853515625,394.1400146484375,411.70001220703125,14674700
2025-05-16,399.79998779296875,406.8999938964844,389.010009765625,399.0,12461100
2025-05-19,413.4200134277344,414.5899963378906,392.6199951171875,392.80999755859375,12822000
2025-05-20,416.9200134277344,417.8500061035156,406.1000061035156,413.5,11532200
2025-05-21,402.69000244140625,423.3399963378906,395.5299987792969,415.9200134277344,18698500
2025-05-22,399.4599914550781,426.32000732421875,398.9100036621094,413.20001220703125,16511400
2025-05-23,369.510009765625,392.19000244140625,367.30999755859375,391.510009765625,21448800
2025-05-27,372.20001220703125,381.29998779296875,364.17999267578125,381.1199951171875,14116000
2025-05-28,364.25,370.6499938964844,358.5,368.5299987792969,9936800
2025-05-29,370.6300048828125,373.8599853515625,362.739990234375,370.7900085449219,10175500
2025-05-30,369.05999755859375,372.55999755859375,359.1600036621094,369.0,12564000
2025-06-02,372.2699890136719,378.42999267578125,367.0199890136719,367.8900146484375,8102800
2025-06-03,387.42999267578125,391.010009765625,371.3699951171875,379.3999938964844,11351800
2025-06-04,378.1000061035156,386.1199951171875,375.6600036621094,385.79998779296875,8472200
2025-06-05,368.7900085449219,385.3800048828125,364.29998779296875,383.8500061035156,11871400
2025-06-06,374.4700012207031,380.6000061035156,369.7099914550781,377.3999938964844,9384200
2025-06-09,392.1199951171875,394.7900085449219,377.6000061035156,380.67999267578125,10924600
2025-06-10,391.17999267578125,394.0,383.6000061035156,393.239990234375,7074800
2025-06-11,387.1099853515625,392.7699890136719,380.5,391.2300109863281,6812200
2025-06-12,379.760009765625,391.2200012207031,373.9800109863281,378.3999938964844,9423900
2025-06-13,382.8699951171875,383.55999755859375,370.6199951171875,375.2300109863281,9378900
2025-06-16,382.25,388.1499938964844,377.3999938964844,387.6099853515625,8105200
2025-06-17,375.17999267578125,378.4800109863281,367.0,375.260009765625,11218500
2025-06-18,369.0299987792969,374.9100036621094,367.4200134277344,371.42999267578125,9200500
2025-06-20,369.70001220703125,376.1000061035156,365.1099853515625,372.75,12821800
2025-06-23,367.17999267578125,370.29998779296875,358.79998779296875,362.4800109863281,10614700
2025-06-24,377.0199890136719,384.3599853515625,371.0,373.67999267578125,10174900
2025-06-25,388.6700134277344,389.489990234375,379.30999755859375,384.8299865722656,10606600
2025-06-26,386.44000244140625,392.6700134277344,384.1499938964844,386.3500061035156,10202300
2025-06-27,383.8800048828125,397.989990234375,383.4100036621094,385.2300109863281,18694400
2025-06-30,404.2300109863281,407.3900146484375,384.25,389.7799987792969,13752900
2025-07-01,373.29998779296875,397.8699951171875,372.9100036621094,395.70001220703125,17289600
2025-07-02,402.2799987792969,405.29998779296875,379.8800048828125,383.3399963378906,17454400
2025-07-03,403.989990234375,414.6000061035156,400.3999938964844,400.8699951171875,10013900
2025-07-07,395.6700134277344,405.6400146484375,395.20001220703125,402.6400146484375,8848200
2025-07-08,396.94000244140625,402.20001220703125,393.2099914550781,399.69000244140625,7022700
2025-07-09,415.4100036621094,416.3399963378906,395.95001220703125,401.6000061035156,13065400
2025-07-10,421.739990234375,422.3999938964844,411.20001220703125,412.57000732421875,13208600
2025-07-11,434.5799865722656,438.8399963378906,423.5,430.5400085449219,18448500
2025-07-14,451.0199890136719,456.45001220703125,440.6499938964844,447.20001220703125,17952500
2025-07-15,442.30999755859375,456.6600036621094,441.0199890136719,445.2200012207031,14315400
2025-07-16,455.8999938964844,457.2200012207031,445.55999755859375,448.30999755859375,10575400
2025-07-17,451.3399963378906,456.0,446.5799865722656,451.67999267578125,8901400
2025-07-18,423.2200012207031,454.3299865722656,422.2200012207031,451.7200012207031,19105400
2025-07-21,426.2799987792969,437.0,425.0199890136719,430.1000061035156,9984500
2025-07-22,426.3999938964844,433.94000244140625,413.6000061035156,428.8500061035156,10524200
2025-07-23,412.6700134277344,424.0,406.1000061035156,422.8299865722656,12990000
2025-07-24,414.9200134277344,419.95001220703125,406.1700134277344,414.5799865722656,7407300
2025-07-25,405.8900146484375,410.95001220703125,402.20001220703125,405.6700134277344,8380200
2025-07-28,403.79998779296875,417.010009765625,403.4599914550781,416.95001220703125,6996500
2025-07-29,394.6600036621094,407.0,390.4100036621094,405.9599914550781,10580000
2025-07-30,395.0400085449219,404.3900146484375,392.5899963378906,396.7799987792969,7543800
2025-07-31,401.8599853515625,410.80999755859375,397.0799865722656,399.1300048828125,10467500
2025-08-01,366.6300048828125,392.6400146484375,365.70001220703125,390.4100036621094,21808900
2025-08-04,389.239990234375,390.0199890136719,366.20001220703125,372.7699890136719,12362400
2025-08-05,375.4599914550781,388.30999755859375,373.3500061035156,384.17999267578125,8467100
2025-08-06,383.4100036621094,384.4200134277344,373.0,374.75,7242600
2025-08-07,402.010009765625,406.239990234375,387.1400146484375,388.3999938964844,13051200
2025-08-08,395.1300048828125,409.6499938964844,389.0299987792969,397.6000061035156,11200100
2025-08-11,400.25,414.3599853515625,398.9200134277344,403.9200134277344,10394400
2025-08-12,394.3900146484375,401.6700134277344,390.1400146484375,400.5,8333600
2025-08-13,389.8999938964844,399.44000244140625,383.54998779296875,397.7300109863281,10884900
2025-08-14,372.94000244140625,381.0,365.0,380.0,16461700
2025-08-15,366.32000732421875,372.6199951171875,360.0299987792969,372.2099914550781,13125300
2025-08-18,363.6000061035156,367.57000732421875,358.010009765625,359.95001220703125,9002000
2025-08-19,336.57000732421875,364.6300048828125,333.3999938964844,363.19000244140625,18254600
2025-08-20,344.3699951171875,345.5,325.55999755859375,339.3800048828125,13807200
2025-08-21,337.5799865722656,343.2699890136719,334.8500061035156,340.0,8398500
2025-08-22,358.1300048828125,359.5299987792969,332.6099853515625,335.20001220703125,17386900
2025-08-25,343.20001220703125,351.510009765625,339.2099914550781,344.9100036621094,10983400
2025-08-26,351.3599853515625,351.989990234375,340.67999267578125,341.80999755859375,9144200
2025-08-27,342.05999755859375,351.7699890136719,341.8399963378906,348.67999267578125,8454300
2025-08-28,338.8399963378906,348.1700134277344,336.6499938964844,346.1600036621094,8116100
2025-08-29,334.4100036621094,339.6300048828125,332.6400146484375,334.6000061035156,10162300
2025-09-02,341.6199951171875,348.6000061035156,331.57000732421875,334.92999267578125,11123000
2025-09-03,330.260009765625,344.5,327.6099853515625,341.7699890136719,9180200
2025-09-04,327.5899963378906,332.55999755859375,317.75,330.0,10530000
2025-09-05,335.8699951171875,337.20001220703125,320.0,334.80999755859375,14047600
2025-09-08,329.8999938964844,333.1000061035156,321.5,328.1099853515625,9954500
2025-09-09,328.5299987792969,331.9599914550781,324.45001220703125,330.2300109863281,6587800
2025-09-10,326.45001220703125,340.010009765625,321.9599914550781,332.79998779296875,9741400
2025-09-11,326.0199890136719,329.75,322.7699890136719,326.8699951171875,7506900
2025-09-12,331.44000244140625,336.1300048828125,327.6000061035156,329.1499938964844,10809900
2025-09-15,327.7900085449219,331.3299865722656,320.45001220703125,329.3999938964844,9527700
2025-09-16,335.0899963378906,335.44000244140625,324.8399963378906,329.2300109863281,8651300
2025-09-17,329.7099914550781,340.1099853515625,323.2099914550781,335.6600036621094,9691000
2025-09-18,349.1199951171875,358.25,334.6300048828125,335.8599853515625,19697300
2025-09-19,344.75,352.9200134277344,337.07000732421875,347.45001220703125,17699700
2025-09-22,335.92999267578125,341.5899963378906,329.0,337.0199890136719,10053500
2025-09-23,327.7799987792969,339.0,327.7699890136719,337.05999755859375,9468800
2025-09-24,323.30999755859375,337.05999755859375,323.1400146484375,330.6300048828125,9153100
2025-09-25,300.70001220703125,317.0,292.3599853515625,316.6099853515625,22087000
2025-09-26,309.05999755859375,310.0,297.7099914550781,301.29998779296875,11693400
2025-09-29,326.4200134277344,327.989990234375,311.0,313.7300109863281,12652000
2025-09-30,322.2099914550781,324.5,316.19000244140625,320.8299865722656,7798800
2025-10-01,338.4100036621094,343.7300109863281,331.20001220703125,332.4700012207031,13994800
2025-10-02,352.3299865722656,353.2200012207031,341.1499938964844,348.57000732421875,13666800
2025-10-03,351.6300048828125,358.5400085449219,344.3999938964844,350.8699951171875,12107900
2025-10-06,359.69000244140625,365.2099914550781,354.70001220703125,362.95001220703125,9551000
2025-10-07,328.3999938964844,359.44000244140625,328.1600036621094,358.8800048828125,19584100
2025-10-08,330.79998779296875,336.3599853515625,322.29998779296875,335.6199951171875,12996300
2025-10-09,320.2900085449219,328.989990234375,318.2200012207031,327.3999938964844,11213200
2025-10-10,304.7900085449219,323.42999267578125,303.57000732421875,323.17999267578125,13643700
2025-10-13,315.4700012207031,315.95001220703125,300.5899963378906,306.6700134277344,11575000
2025-10-14,300.6700134277344,312.7099914550781,297.3399963378906,301.0,11480500
2025-10-15,296.760009765625,308.8800048828125,294.6199951171875,303.6000061035156,10625600
2025-10-16,283.8399963378906,301.5799865722656,282.19000244140625,299.8999938964844,13817900
2025-10-17,289.8699951171875,292.79998779296875,279.0,279.2699890136719,13110700
2025-10-20,296.6099853515625,306.1600036621094,294.3999938964844,297.2099914550781,9679700
2025-10-21,301.9100036621094,305.989990234375,291.5199890136719,293.95001220703125,7902800
2025-10-22,280.80999755859375,297.9599914550781,276.6000061035156,293.0199890136719,15129500
2025-10-23,284.9200134277344,289.07000732421875,278.0,285.4700012207031,9082100
2025-10-24,289.0799865722656,292.1499938964844,286.1099853515625,290.42999267578125,7881700
2025-10-27,295.6300048828125,299.79998779296875,293.0,299.5,8135900
2025-10-28,284.6400146484375,297.20001220703125,284.25,295.1400146484375,7996800
2025-10-29,275.3599853515625,286.17999267578125,274.0,284.3800048828125,10184100
2025-10-30,254.57000732421875,271.3699951171875,254.0,269.989990234375,15564200
2025-10-31,269.510009765625,276.32000732421875,263.0,269.9800109863281,14071800
2025-11-03,264.6700134277344,270.3599853515625,259.8500061035156,264.19000244140625,11074600
2025-11-04,246.99000549316406,258.2099914550781,245.86000061035156,255.16000366210938,15735100
2025-11-05,255.0,255.36000061035156,247.02000427246094,250.1999969482422,9676200
2025-11-06,237.1999969482422,252.33999633789062,235.02999877929688,252.13999938964844,14468300
2025-11-07,241.92999267578125,243.72999572753906,219.67999267578125,222.66000366210938,16976100
2025-11-10,238.8800048828125,249.9600067138672,234.60000610351562,249.67999267578125,9527200
2025-11-11,231.35000610351562,239.24000549316406,230.5500030517578,236.4600067138672,8340300
2025-11-12,224.61000061035156,234.83999633789062,219.8000030517578,233.89999389648438,10800400
2025-11-13,208.5399932861328,226.0,207.02999877929688,223.8000030517578,16474500
2025-11-14,199.75,208.83999633789062,194.55999755859375,200.5800018310547,23233800
2025-11-17,195.4199981689453,204.14999389648438,189.52999877929688,197.02999877929688,19545000
2025-11-18,206.8000030517578,213.8300018310547,196.0,196.36000061035156,22049500
2025-11-19,186.5,203.9499969482422,181.72999572753906,202.36000061035156,28025400
2025-11-20,177.1300048828125,193.52999877929688,171.47999572753906,192.44000244140625,27684400
2025-11-21,170.5,181.19000244140625,166.30999755859375,172.74000549316406,29651300
2025-11-24,179.0399932861328,179.83999633789062,166.00999450683594,171.6199951171875,23282600
2025-11-25,172.19000244140625,176.75999450683594,166.77999877929688,173.7100067138672,19112700
2025-11-26,175.63999938964844,180.6300048828125,169.6999969482422,173.69000244140625,20016500
2025-11-28,177.17999267578125,187.2899932861328,175.0500030517578,182.99000549316406,15114300
2025-12-01,171.4199981689453,172.17999267578125,155.61000061035156,168.25999450683594,42940200
2025-12-02,181.3300018310547,188.3699951171875,176.88999938964844,177.75,31285600
2025-12-03,188.38999938964844,190.44000244140625,177.82000732421875,183.39999389648438,26686100
2025-12-04,186.00999450683594,191.0,182.35000610351562,186.02000427246094,16474400
2025-12-05,178.99000549316406,185.38999938964844,176.3000030517578,183.33999633789062,20750700
2025-12-08,183.69000244140625,185.58999633789062,178.0,182.10000610351562,16328100
2025-12-09,188.99000549316406,198.39999389648438,179.9199981689453,181.49000549316406,24269600
2025-12-10,184.63999938964844,191.07000732421875,182.1999969482422,189.32000732421875,22459000
2025-12-11,183.3000030517578,183.5,171.41000366210938,179.7899932861328,19542400
2025-12-12,176.4499969482422,185.25,176.22000122070312,182.97000122070312,14532100
2025-12-15,162.0800018310547,176.5,160.5399932861328,176.0,25393400
2025-12-16,167.5,171.49000549316406,161.9499969482422,164.97000122070312,21181000
2025-12-17,160.3800048828125,171.16000366210938,160.30999755859375,167.75,19144900
2025-12-18,158.24000549316406,169.50999450683594,157.42999267578125,167.80999755859375,17534700
2025-12-19,164.82000732421875,167.75,161.6300048828125,163.39999389648438,22062400
2025-12-22,164.32000732421875,170.6699981689453,163.69000244140625,168.82000732421875,19234500
2025-12-23,157.8800048828125,162.72999572753906,156.5,162.25,15891200
2025-12-24,158.7100067138672,159.27999877929688,155.10000610351562,157.1999969482422,7097600
2025-12-26,158.80999755859375,159.91000366210938,154.1199951171875,159.88999938964844,12298200
2025-12-29,155.38999938964844,162.92999267578125,155.32000732421875,157.9499969482422,14073500
2025-12-30,155.61000061035156,159.3800048828125,154.1300048828125,155.82000732421875,12740200
2025-12-31,151.9499969482422,156.8000030517578,151.4199981689453,156.24000549316406,15918100
2026-01-02,157.16000366210938,160.7899932861328,149.75,154.58999633789062,20185600
2026-01-05,164.72000122070312,167.6999969482422,160.9600067138672,163.4199981689453,22859000
2026-01-06,157.97000122070312,167.13999938964844,154.0500030517578,166.8800048828125,22627800
2026-01-07,161.8300018310547,170.16000366210938,158.4499969482422,163.4499969482422,28406900
2026-01-08,166.97000122070312,170.6199951171875,156.1699981689453,158.6300048828125,25159400
2026-01-09,157.3300018310547,167.1999969482422,155.4600067138672,166.75,27962600
2026-01-12,162.22999572753906,163.82000732421875,154.69000244140625,156.27000427246094,16182000
2026-01-13,172.99000549316406,173.75999450683594,159.92999267578125,164.4499969482422,27656200
2026-01-14,179.3300018310547,190.1999969482422,176.1199951171875,178.63999938964844,40257000
2026-01-15,170.91000366210938,179.25,170.08999633789062,179.1300048828125,21486500
2026-01-16,173.7100067138672,173.8800048828125,167.58999633789062,171.92999267578125,19462500
2026-01-20,160.22999572753906,165.72000122070312,158.85000610351562,165.1699981689453,25666700
2026-01-21,163.80999755859375,165.72000122070312,156.00999450683594,161.27000427246094,18440800
2026-01-22,160.97999572753906,164.63999938964844,159.44000244140625,163.72999572753906,11116000
2026-01-23,163.11000061035156,168.9600067138672,158.72000122070312,160.94000244140625,14879300
2026-01-26,160.5800018310547,163.9199981689453,158.6199951171875,159.41000366210938,14516500
2026-01-27,161.5800018310547,161.6699981689453,156.97999572753906,160.30999755859375,13962200
2026-01-28,158.4499969482422,165.72000122070312,157.0,164.4499969482422,14082600
2026-01-29,143.19000244140625,156.0,139.36000061035156,155.9499969482422,34618500
2026-01-30,149.7100067138672,151.14999389648438,139.89999389648438,140.0,22768000
2026-02-02,139.6300048828125,147.8800048828125,138.0,139.77000427246094,27171500
2026-02-03,133.25999450683594,140.22999572753906,126.73999786376953,140.13999938964844,26169000
2026-02-04,129.08999633789062,130.82000732421875,121.19000244140625,130.00999450683594,25775600
2026-02-05,106.98999786376953,122.0,104.16999816894531,120.25,60129700
2026-02-06,134.92999267578125,135.6699981689453,114.68000030517578,114.94999694824219,57771000
2026-02-09,138.44000244140625,139.5800018310547,125.12999725341797,127.37000274658203,34291600
2026-02-10,133.0,139.16000366210938,132.67999267578125,133.66000366210938,23002100
2026-02-11,126.06999969482422,133.91000366210938,123.91999816894531,133.69000244140625,25837800
2026-02-12,123.0,128.99000549316406,120.63999938964844,127.56999969482422,20960700
2026-02-13,133.8800048828125,135.25,125.76000213623047,127.0,24573900
2026-02-17,128.6699981689453,132.1199951171875,125.91000366210938,129.00999450683594,18881000
2026-02-18,125.19999694824219,132.25,123.62000274658203,127.62999725341797,17307700
2026-02-19,129.4499969482422,130.0399932861328,121.87000274658203,123.48999786376953,15457200
2026-02-20,131.0500030517578,136.13999938964844,129.41000366210938,130.50999450683594,17625400
2026-02-23,123.70999908447266,130.3800048828125,122.83000183105469,127.9000015258789,18858900
2026-02-24,124.61000061035156,126.73999786376953,118.4000015258789,121.70999908447266,15352700
2026-02-25,135.64999389648438,137.86000061035156,128.94000244140625,130.0500030517578,24152100
2026-02-26,133.39999389648438,135.75,128.63999938964844,133.6999969482422,18110800
2026-02-27,129.5,131.1199951171875,127.86000061035156,128.9499969482422,14027700
2026-03-02,137.64999389648438,140.13999938964844,128.94000244140625,129.13999938964844,25456100
2026-03-03,132.67999267578125,136.4600067138672,127.80000305175781,133.33999633789062,19405900
2026-03-04,146.44000244140625,149.5399932861328,142.19000244140625,143.8300018310547,37382600
2026-03-05,139.80999755859375,146.44000244140625,137.2100067138672,145.0399932861328,21286000
2026-03-06,133.52999877929688,136.36000061035156,131.77000427246094,134.89999389648438,19538800
2026-03-09,138.9499969482422,140.19000244140625,135.3000030517578,136.0,20433000
2026-03-10,138.4600067138672,142.4600067138672,133.94000244140625,141.92999267578125,18325000
2026-03-11,138.3300018310547,142.6699981689453,135.13999938964844,139.80999755859375,15637600
2026-03-12,137.33999633789062,138.8000030517578,133.3800048828125,137.16000366210938,15229400
2026-03-13,139.6699981689453,147.25999450683594,138.44000244140625,143.86000061035156,23685400
2026-03-16,147.52000427246094,148.24000549316406,143.30999755859375,145.35000610351562,22933200
2026-03-17,150.27999877929688,152.27000427246094,145.22999572753906,145.97000122070312,18448500
2026-03-18,140.55999755859375,146.75999450683594,140.35000610351562,144.99000549316406,21314100
2026-03-19,138.24000549316406,139.77999877929688,132.75999450683594,135.02000427246094,19227700
2026-03-20,135.66000366210938,139.69000244140625,134.1300048828125,139.47000122070312,28568300
2026-03-23,138.1999969482422,139.92999267578125,133.97000122070312,138.61000061035156,21633700
2026-03-24,136.25,140.0500030517578,134.27999877929688,138.72999572753906,19098500
2026-03-25,139.1300048828125,143.85000610351562,136.8000030517578,140.39999389648438,18708000
2026-03-26,132.92999267578125,139.0800018310547,132.69000244140625,136.5500030517578,15285500
2026-03-27,126.02999877929688,130.64999389648438,123.9800033569336,129.8800048828125,21475100
2026-03-30,121.44000244140625,130.33999633789062,120.80000305175781,129.5500030517578,15800400
2026-03-31,124.80000305175781,125.30000305175781,117.75,123.16000366210938,21290300
