ticker,date,gap_pct,gap_sign,reversal_dir,entry_price,exit_price,return_pct,bars_held,exit_reason,year
AAPL,2025-04-03,-8.1583,1,LONG,203.13,187.21,-7.837345542263568,10,fixed_10,2025
AAPL,2025-04-04,-4.5156,1,LONG,190.17,195.99,3.06041962454647,10,fixed_10,2025
AAPL,2025-04-07,-5.9338,1,LONG,180.76,202.99,12.298074795308708,10,fixed_10,2025
AAPL,2025-04-10,-4.9192,1,LONG,187.21,195.87,4.625821270231289,10,fixed_10,2025
AAPL,2025-04-14,6.781,-1,SHORT,202.99,197.69,2.6109660574412588,10,fixed_10,2025
AAPL,2025-04-23,3.2258,-1,SHORT,204.06,210.18,-2.999117906498091,10,fixed_10,2025
AAPL,2025-05-12,6.3938,-1,SHORT,209.29,208.29,0.4778059152372307,10,fixed_10,2025
AAPL,2025-05-23,-3.8304,1,LONG,196.02,200.25,2.1579430670339708,10,fixed_10,2025
AAPL,2025-09-03,3.2579,-1,SHORT,236.97,226.37,4.473140059923194,10,fixed_10,2025
AMD,2025-03-24,3.1006,-1,SHORT,113.44,101.22,10.772214386459801,10,fixed_10,2025
AMD,2025-03-27,-3.7027,1,LONG,105.72,96.03,-9.165720771850168,10,fixed_10,2025
AMD,2025-04-03,-5.0214,1,LONG,96.03,86.94,-9.465791940018747,10,fixed_10,2025
AMD,2025-04-04,-3.9343,1,LONG,86.33,92.06,6.637321904320635,10,fixed_10,2025
AMD,2025-04-07,-5.9016,1,LONG,83.83,94.81,13.097936299654068,10,fixed_10,2025
AMD,2025-04-08,3.0013,-1,SHORT,81.47,95.48,-17.196514054253107,10,fixed_10,2025
AMD,2025-04-10,-5.914,1,LONG,86.94,86.84,-0.11502185415228239,10,fixed_10,2025
AMD,2025-04-14,4.0836,-1,SHORT,94.81,85.67,9.640333298175298,10,fixed_10,2025
AMD,2025-04-16,-7.992,1,LONG,88.79,94.32,6.228178848969463,10,fixed_10,2025
AMD,2025-04-23,6.5893,-1,SHORT,91.64,95.69,-4.4194674814491455,10,fixed_10,2025
AMD,2025-05-12,7.3811,-1,SHORT,109.32,114.79,-5.003658982802793,10,fixed_10,2025
AMD,2025-05-14,6.5819,-1,SHORT,117.22,112.6,3.9413069442074766,10,fixed_10,2025
AMD,2025-07-10,3.2864,-1,SHORT,144.07,159.22,-10.515721524259044,10,fixed_10,2025
AMD,2025-07-15,5.1426,-1,SHORT,155.53,154.41,0.7201183051501348,10,fixed_10,2025
AMD,2025-08-01,-3.4936,1,LONG,171.28,171.04,-0.14012143858010806,10,fixed_10,2025
AMD,2025-08-06,-5.3504,1,LONG,163.74,185.0,12.983999022841083,10,fixed_10,2025
AMD,2025-08-26,3.2446,-1,SHORT,166.79,161.53,3.153666286947653,10,fixed_10,2025
AMD,2025-09-10,4.9477,-1,SHORT,160.74,158.39,1.4619883040935815,10,fixed_10,2025
AMD,2025-09-18,-5.1103,1,LONG,155.73,160.6,3.1272073460476495,10,fixed_10,2025
AMD,2025-10-06,37.5364,-1,SHORT,209.9,216.55,-3.168175321581708,10,fixed_10,2025
AMD,2025-10-07,5.5048,-1,SHORT,210.96,224.58,-6.456200227531288,10,fixed_10,2025
AMD,2025-10-24,3.553,-1,SHORT,251.3,255.26,-1.5758058097890886,10,fixed_10,2025
AMD,2025-11-04,-3.5817,1,LONG,252.85,238.28,-5.76230966976468,10,fixed_10,2025
AMD,2025-11-10,3.6736,-1,SHORT,245.22,242.07,1.2845608025446562,10,fixed_10,2025
AMD,2025-11-12,6.5586,-1,SHORT,255.6,220.86,13.59154929577464,10,fixed_10,2025
AMD,2025-11-14,-3.1775,1,LONG,250.26,201.52,-19.47574522496603,10,fixed_10,2025
AMD,2025-11-20,4.0977,-1,SHORT,213.02,217.54,-2.1218664914092487,10,fixed_10,2025
AMD,2025-11-25,-6.2579,1,LONG,200.16,216.32,8.073541167066345,10,fixed_10,2025
AMD,2025-12-22,3.0397,-1,SHORT,214.7,215.2,-0.2328830926874709,10,fixed_10,2025
AMD,2026-01-05,3.0433,-1,SHORT,221.48,209.02,5.625790139064466,10,fixed_10,2026
AMD,2026-01-13,3.5778,-1,SHORT,220.96,245.18,-10.96125995655322,10,fixed_10,2026
AMD,2026-01-30,-6.0137,1,LONG,238.39,199.2,-16.439447963421284,10,fixed_10,2026
AMD,2026-02-04,-14.2641,1,LONG,220.69,211.04,-4.372649417735287,10,fixed_10,2026
AMD,2026-02-05,-7.6789,1,LONG,203.31,207.6,2.1100782056957317,10,fixed_10,2026
AMD,2026-02-09,4.237,-1,SHORT,206.65,203.43,1.5581901766271467,10,fixed_10,2026
AMD,2026-02-10,3.249,-1,SHORT,214.86,202.17,5.9061714604859095,10,fixed_10,2026
AMD,2026-02-24,7.645,-1,SHORT,216.21,191.43,11.461079506035798,10,fixed_10,2026
AMD,2026-03-02,-3.1768,1,LONG,196.75,196.44,-0.1575603557814497,10,fixed_10,2026
AMD,2026-03-03,-3.6,1,LONG,191.43,205.91,7.56412265580107,10,fixed_10,2026
AMZN,2025-04-03,-6.6136,1,LONG,181.05,180.26,-0.4363435515051204,10,fixed_10,2025
AMZN,2025-04-04,-6.2906,1,LONG,174.8,182.89,4.62814645308923,10,fixed_10,2025
AMZN,2025-04-07,-5.2521,1,LONG,174.78,180.38,3.204027920814735,10,fixed_10,2025
AMZN,2025-04-08,5.5742,-1,SHORT,173.72,179.12,-3.1084503799217162,10,fixed_10,2025
AMZN,2025-04-23,5.9608,-1,SHORT,181.96,181.69,0.14838426027698956,10,fixed_10,2025
AMZN,2025-05-12,9.1309,-1,SHORT,208.24,206.26,0.9508259700345842,10,fixed_10,2025
AMZN,2025-11-03,4.5829,-1,SHORT,256.51,248.62,3.075903473548784,10,fixed_10,2025
AVGO,2025-02-05,5.1767,-1,SHORT,234.88,232.29,1.1026907356948243,10,fixed_10,2025
AVGO,2025-03-12,3.2937,-1,SHORT,194.42,190.67,1.928813908034153,10,fixed_10,2025
AVGO,2025-03-17,-3.7945,1,LONG,191.73,191.85,0.06258801439524568,10,fixed_10,2025
AVGO,2025-04-03,-6.6565,1,LONG,157.03,170.18,8.374196013500608,10,fixed_10,2025
AVGO,2025-04-04,-3.8328,1,LONG,141.6,176.86,24.901129943502838,10,fixed_10,2025
AVGO,2025-04-08,8.703,-1,SHORT,159.0,177.9,-11.886792452830191,10,fixed_10,2025
AVGO,2025-04-10,-5.201,1,LONG,170.18,170.09,-0.05288518039722847,10,fixed_10,2025
AVGO,2025-04-16,-4.7295,1,LONG,172.64,186.23,7.8718721037998165,10,fixed_10,2025
AVGO,2025-04-23,4.9032,-1,SHORT,177.5,188.23,-6.045070422535206,10,fixed_10,2025
AVGO,2025-05-02,3.3554,-1,SHORT,203.59,205.8,-1.0855150056486114,10,fixed_10,2025
AVGO,2025-05-12,5.4672,-1,SHORT,217.95,229.34,-5.225969259004366,10,fixed_10,2025
AVGO,2025-06-06,-3.3901,1,LONG,248.06,249.31,0.5039103442715472,10,fixed_10,2025
AVGO,2025-09-10,4.4121,-1,SHORT,362.12,344.18,4.954158842372693,10,fixed_10,2025
AVGO,2025-10-02,4.2925,-1,SHORT,340.95,340.81,0.041061739257951715,10,fixed_10,2025
AVGO,2025-10-13,8.7232,-1,SHORT,355.61,349.92,1.6000674896656444,10,fixed_10,2025
AVGO,2025-10-15,3.0045,-1,SHORT,348.25,336.72,3.3108399138549816,10,fixed_10,2025
AVGO,2025-11-20,3.2621,-1,SHORT,357.33,402.19,-12.554221587887952,10,fixed_10,2025
AVGO,2025-12-08,3.1585,-1,SHORT,400.41,338.75,15.399215803801109,10,fixed_10,2025
AVGO,2025-12-18,3.026,-1,SHORT,328.8,351.34,-6.8552311435523,10,fixed_10,2025
AVGO,2026-02-04,-4.3383,1,LONG,317.7,341.83,7.595215612212779,10,fixed_10,2026
AVGO,2026-02-10,5.4633,-1,SHORT,341.88,335.21,1.9509769509769557,10,fixed_10,2026
AVGO,2026-02-27,-3.4193,1,LONG,317.26,340.11,7.202294647922846,10,fixed_10,2026
AVGO,2026-03-02,-3.2101,1,LONG,314.56,341.78,8.653357070193277,10,fixed_10,2026
BA,2025-04-03,-5.1065,1,LONG,155.18,152.79,-1.5401469261502865,10,fixed_10,2025
BA,2025-04-04,-5.049,1,LONG,137.59,154.55,12.326477214913881,10,fixed_10,2025
BA,2025-04-07,-3.3167,1,LONG,136.62,159.39,16.66666666666665,10,fixed_10,2025
BA,2025-04-08,5.7616,-1,SHORT,141.14,157.4,-11.520476122998456,10,fixed_10,2025
BA,2025-04-10,-3.5474,1,LONG,152.79,162.57,6.4009424700569415,10,fixed_10,2025
BA,2025-06-12,-5.5501,1,LONG,204.59,198.46,-2.9962363751894006,10,fixed_10,2025
BA,2025-09-26,4.6281,-1,SHORT,222.15,217.43,2.124690524420436,10,fixed_10,2025
BA,2025-12-02,6.253,-1,SHORT,204.06,201.0,1.4995589532490454,10,fixed_10,2025
BABA,2025-02-07,4.0843,-1,SHORT,102.53,122.37,-19.350434019311425,10,fixed_10,2025
BABA,2025-02-10,3.675,-1,SHORT,107.61,124.72,-15.900009292816652,10,fixed_10,2025
BABA,2025-02-14,5.9234,-1,SHORT,122.37,127.29,-4.020593282667321,10,fixed_10,2025
BABA,2025-02-24,-5.5331,1,LONG,127.29,130.4,2.4432398460208966,10,fixed_10,2025
BABA,2025-02-26,4.4547,-1,SHORT,137.21,137.16,0.036440492675469255,10,fixed_10,2025
BABA,2025-02-28,-4.1685,1,LONG,129.26,137.61,6.45984836763115,10,fixed_10,2025
BABA,2025-03-05,3.4942,-1,SHORT,137.16,134.06,2.2601341498979255,10,fixed_10,2025
BABA,2025-03-10,-3.2771,1,LONG,131.34,144.94,10.354804324653566,10,fixed_10,2025
BABA,2025-03-11,4.2681,-1,SHORT,133.91,141.4,-5.593308938839526,10,fixed_10,2025
BABA,2025-03-20,-4.2119,1,LONG,134.17,133.89,-0.20869046731758303,10,fixed_10,2025
BABA,2025-04-03,-3.1365,1,LONG,126.91,102.91,-18.911039319202587,10,fixed_10,2025
BABA,2025-04-04,-9.1345,1,LONG,112.03,103.28,-7.810407926448272,10,fixed_10,2025
BABA,2025-04-07,-8.4941,1,LONG,103.81,112.5,8.371062518061843,10,fixed_10,2025
BABA,2025-04-14,3.7841,-1,SHORT,112.5,112.61,-0.09777777777777727,10,fixed_10,2025
BABA,2025-04-16,-3.6946,1,LONG,105.82,116.79,10.36666036666038,10,fixed_10,2025
BABA,2025-04-17,3.8304,-1,SHORT,106.97,118.45,-10.731980929232499,10,fixed_10,2025
BABA,2025-04-22,3.8518,-1,SHORT,112.61,117.17,-4.049373945475537,10,fixed_10,2025
BABA,2025-04-23,3.1497,-1,SHORT,117.42,116.53,0.7579628683358888,10,fixed_10,2025
BABA,2025-05-02,4.5666,-1,SHORT,124.01,123.62,0.3144907668736397,10,fixed_10,2025
BABA,2025-05-12,6.8697,-1,SHORT,131.11,120.45,8.130577377774395,10,fixed_10,2025
BABA,2025-07-15,5.9313,-1,SHORT,116.75,121.11,-3.734475374732334,10,fixed_10,2025
BABA,2025-07-18,3.5489,-1,SHORT,120.27,120.09,0.1496632576702358,10,fixed_10,2025
BABA,2025-08-13,3.488,-1,SHORT,126.05,119.8,4.958349861166203,10,fixed_10,2025
BABA,2025-08-29,7.7952,-1,SHORT,135.68,139.88,-3.0955188679245196,10,fixed_10,2025
BABA,2025-09-05,3.1236,-1,SHORT,135.33,155.08,-14.593955516145716,10,fixed_10,2025
BABA,2025-09-08,3.1487,-1,SHORT,139.88,158.66,-13.425793537317702,10,fixed_10,2025
BABA,2025-09-24,7.9168,-1,SHORT,176.87,181.21,-2.4537796121445146,10,fixed_10,2025
BABA,2025-09-29,3.5831,-1,SHORT,178.9,189.32,-5.824482951369473,10,fixed_10,2025
BABA,2025-10-02,3.1845,-1,SHORT,189.21,172.81,8.667617990592467,10,fixed_10,2025
BABA,2025-10-13,5.522,-1,SHORT,167.94,174.24,-3.7513397642015076,10,fixed_10,2025
BABA,2025-10-14,-4.0813,1,LONG,165.12,166.92,1.0901162790697572,10,fixed_10,2025
BABA,2025-10-15,3.1737,-1,SHORT,165.5,164.27,0.7432024169184228,10,fixed_10,2025
BABA,2025-10-30,-3.1502,1,LONG,175.73,167.84,-4.489842371820399,10,fixed_10,2025
BABA,2025-11-04,-3.0296,1,LONG,164.69,162.33,-1.432995324549144,10,fixed_10,2025
BABA,2025-11-13,3.8501,-1,SHORT,159.17,156.13,1.9099076459131696,10,fixed_10,2025
BABA,2025-11-24,4.623,-1,SHORT,160.54,160.02,0.32390681450104764,10,fixed_10,2025
BABA,2026-01-02,4.1419,-1,SHORT,155.72,150.49,3.3585923452350306,10,fixed_10,2026
BABA,2026-01-12,4.3124,-1,SHORT,166.82,163.84,1.7863565519721796,10,fixed_10,2026
BABA,2026-01-21,3.2342,-1,SHORT,167.0,176.09,-5.443113772455091,10,fixed_10,2026
BABA,2026-01-22,4.6131,-1,SHORT,178.12,175.01,1.746013923197852,10,fixed_10,2026
BABA,2026-02-13,-3.6558,1,LONG,156.02,153.46,-1.6408152800922973,10,fixed_10,2026
BABA,2026-03-02,-3.3872,1,LONG,142.56,130.63,-8.368406285072956,10,fixed_10,2026
BABA,2026-03-03,-4.3283,1,LONG,136.11,139.02,2.137976636543969,10,fixed_10,2026
BIDU,2025-02-11,-4.1023,1,LONG,89.66,88.27,-1.5503011376310514,10,fixed_10,2025
BIDU,2025-02-13,4.3287,-1,SHORT,95.58,92.11,3.630466624816906,10,fixed_10,2025
BIDU,2025-02-14,3.1677,-1,SHORT,97.96,88.27,9.891792568395262,10,fixed_10,2025
BIDU,2025-02-18,-4.8112,1,LONG,90.38,88.59,-1.9805266651914053,10,fixed_10,2025
BIDU,2025-03-05,3.0171,-1,SHORT,91.25,91.4,-0.16438356164384185,10,fixed_10,2025
BIDU,2025-03-20,-3.4616,1,LONG,94.31,97.99,3.9020252359240724,10,fixed_10,2025
BIDU,2025-03-28,-3.2415,1,LONG,93.38,80.43,-13.868065967016479,10,fixed_10,2025
BIDU,2025-04-03,-3.1749,1,LONG,89.92,79.7,-11.365658362989322,10,fixed_10,2025
BIDU,2025-04-04,-7.7848,1,LONG,80.43,80.63,0.24866343404200997,10,fixed_10,2025
BIDU,2025-04-07,-4.9375,1,LONG,80.14,85.8,7.062640379336157,10,fixed_10,2025
BIDU,2025-05-02,3.2427,-1,SHORT,90.34,86.9,3.8078370599955695,10,fixed_10,2025
BIDU,2025-05-12,4.3533,-1,SHORT,91.76,89.07,2.931560592850928,10,fixed_10,2025
BIDU,2025-05-14,3.1394,-1,SHORT,92.99,85.94,7.581460372083017,10,fixed_10,2025
BIDU,2025-07-15,5.2999,-1,SHORT,93.5,92.56,1.0053475935828853,10,fixed_10,2025
BIDU,2025-07-16,-4.3627,1,LONG,86.51,92.68,7.132123453935963,10,fixed_10,2025
BIDU,2025-08-20,-3.2113,1,LONG,87.27,89.55,2.6125816431763504,10,fixed_10,2025
BIDU,2025-09-08,7.4902,-1,SHORT,108.0,115.16,-6.629629629629627,10,fixed_10,2025
BIDU,2025-09-12,3.8276,-1,SHORT,113.98,136.86,-20.073697139849102,10,fixed_10,2025
BIDU,2025-09-17,8.1267,-1,SHORT,132.98,135.28,-1.7295833959994071,10,fixed_10,2025
BIDU,2025-09-18,-3.0334,1,LONG,135.54,135.48,-0.04426737494466746,10,fixed_10,2025
BIDU,2025-09-23,-3.0747,1,LONG,126.64,131.12,3.5375868603916643,10,fixed_10,2025
BIDU,2025-09-24,3.7806,-1,SHORT,135.28,134.15,0.8353045535186245,10,fixed_10,2025
BIDU,2025-10-02,4.4393,-1,SHORT,139.7,131.97,5.533285612025763,10,fixed_10,2025
BIDU,2025-10-13,4.0266,-1,SHORT,124.48,123.04,1.1568123393316176,10,fixed_10,2025
BIDU,2025-10-14,-4.4377,1,LONG,120.9,119.1,-1.4888337468982724,10,fixed_10,2025
BIDU,2025-10-27,5.2044,-1,SHORT,129.16,121.65,5.814493651285221,10,fixed_10,2025
BIDU,2025-10-30,-3.6668,1,LONG,123.25,127.11,3.1318458417849895,10,fixed_10,2025
BIDU,2025-11-06,3.2112,-1,SHORT,127.11,120.41,5.271025096373223,10,fixed_10,2025
BIDU,2025-11-10,3.2151,-1,SHORT,131.64,115.83,12.010027347310839,10,fixed_10,2025
BIDU,2025-11-18,-4.178,1,LONG,116.76,118.58,1.5587529976019125,10,fixed_10,2025
BIDU,2025-11-24,4.5184,-1,SHORT,119.2,118.27,0.780201342281885,10,fixed_10,2025
BIDU,2025-12-05,5.9636,-1,SHORT,125.69,126.04,-0.2784628848754941,10,fixed_10,2025
BIDU,2025-12-09,-3.4223,1,LONG,124.18,118.43,-4.630375261716862,10,fixed_10,2025
BIDU,2025-12-30,4.6838,-1,SHORT,132.24,148.01,-11.925287356321824,10,fixed_10,2025
BIDU,2026-01-02,10.623,-1,SHORT,148.6,144.52,2.7456258411843772,10,fixed_10,2026
BIDU,2026-01-05,-3.7266,1,LONG,148.68,152.2,2.3675006725854058,10,fixed_10,2026
BIDU,2026-01-12,3.5311,-1,SHORT,152.2,153.54,-0.8804204993429722,10,fixed_10,2026
BIDU,2026-01-21,5.6804,-1,SHORT,159.9,157.78,1.3258286429018165,10,fixed_10,2026
BIDU,2026-02-13,-3.2291,1,LONG,136.8,134.5,-1.6812865497076106,10,fixed_10,2026
BIDU,2026-02-20,-3.654,1,LONG,135.12,124.66,-7.7412670219064585,10,fixed_10,2026
BIDU,2026-03-02,-4.1553,1,LONG,123.59,121.04,-2.0632737276478657,10,fixed_10,2026
BIDU,2026-03-03,-4.7253,1,LONG,118.74,127.99,7.790129695132222,10,fixed_10,2026
C,2025-03-04,-3.4286,1,LONG,70.71,65.11,-7.919671899307021,10,fixed_10,2025
C,2025-04-03,-7.7506,1,LONG,62.45,58.91,-5.6685348278623,10,fixed_10,2025
C,2025-04-04,-4.4264,1,LONG,56.63,59.42,4.926717287656717,10,fixed_10,2025
C,2025-04-07,-3.0802,1,LONG,57.04,62.11,8.88849929873773,10,fixed_10,2025
C,2025-04-08,4.0976,-1,SHORT,57.88,63.9,-10.400829302004139,10,fixed_10,2025
C,2025-04-09,-3.4043,1,LONG,59.95,61.29,2.2351959966638804,10,fixed_10,2025
C,2025-04-10,-3.183,1,LONG,58.91,61.59,4.5493125106094165,10,fixed_10,2025
C,2025-05-12,4.4457,-1,SHORT,73.87,74.88,-1.3672668200893336,10,fixed_10,2025
C,2026-01-12,-3.6374,1,LONG,116.45,113.79,-2.2842421640188895,10,fixed_10,2026
C,2026-01-20,-3.0564,1,LONG,113.79,113.8,0.008788118463828898,10,fixed_10,2026
C,2026-02-09,4.8211,-1,SHORT,122.51,113.42,7.419802465104892,10,fixed_10,2026
C,2026-03-02,-3.5666,1,LONG,111.12,103.12,-7.199424046076314,10,fixed_10,2026
C,2026-03-03,-3.5724,1,LONG,111.12,110.81,-0.27897768178545923,10,fixed_10,2026
C,2026-03-06,-3.4423,1,LONG,106.29,106.19,-0.0940822278671639,10,fixed_10,2026
COIN,2025-02-21,4.0248,-1,SHORT,243.64,210.61,13.556887210638639,10,fixed_10,2025
COIN,2025-02-25,-3.1225,1,LONG,209.48,208.18,-0.6205843039908263,10,fixed_10,2025
COIN,2025-03-03,7.7533,-1,SHORT,211.99,188.71,10.98165007783386,10,fixed_10,2025
COIN,2025-03-06,-3.6387,1,LONG,219.88,179.43,-18.396398035291973,10,fixed_10,2025
COIN,2025-03-10,-5.5671,1,LONG,188.71,187.61,-0.5829049864871996,10,fixed_10,2025
COIN,2025-03-11,3.7483,-1,SHORT,183.89,182.24,0.8972755451628569,10,fixed_10,2025
COIN,2025-03-14,3.5258,-1,SHORT,182.21,186.13,-2.1513638109873154,10,fixed_10,2025
COIN,2025-03-24,3.9474,-1,SHORT,201.5,170.64,15.315136476426805,10,fixed_10,2025
COIN,2025-04-03,-7.8093,1,LONG,168.03,163.61,-2.63048265190739,10,fixed_10,2025
COIN,2025-04-07,-8.5764,1,LONG,158.62,174.66,10.112217879208165,10,fixed_10,2025
COIN,2025-04-08,5.0423,-1,SHORT,152.4,173.52,-13.858267716535435,10,fixed_10,2025
COIN,2025-04-10,-4.8721,1,LONG,163.61,175.3,7.145040034227734,10,fixed_10,2025
COIN,2025-04-23,4.1228,-1,SHORT,197.35,199.89,-1.2870534583227728,10,fixed_10,2025
COIN,2025-04-30,-3.1809,1,LONG,199.89,196.26,-1.8159987993396347,10,fixed_10,2025
COIN,2025-05-12,4.8001,-1,SHORT,210.8,264.33,-25.393738140417444,10,fixed_10,2025
COIN,2025-05-13,11.921,-1,SHORT,253.84,264.03,-4.01433974156948,10,fixed_10,2025
COIN,2025-05-23,-3.291,1,LONG,264.94,246.33,-7.0242319015626125,10,fixed_10,2025
COIN,2025-06-25,4.6734,-1,SHORT,350.09,352.88,-0.796937930246514,10,fixed_10,2025
COIN,2025-07-01,-3.0097,1,LONG,337.7,364.33,7.8856973645247255,10,fixed_10,2025
COIN,2025-07-30,3.0988,-1,SHORT,381.76,300.54,21.275146689019273,10,fixed_10,2025
COIN,2025-08-01,-11.2447,1,LONG,316.86,304.06,-4.039638957268197,10,fixed_10,2025
COIN,2025-08-05,-3.4913,1,LONG,303.57,319.36,5.20143624205291,10,fixed_10,2025
COIN,2025-08-11,3.7393,-1,SHORT,324.65,323.91,0.22793777914675875,10,fixed_10,2025
COIN,2025-08-12,3.0346,-1,SHORT,319.36,305.06,4.477705410821646,10,fixed_10,2025
COIN,2025-10-14,-4.4917,1,LONG,352.29,340.85,-3.2473246473076154,10,fixed_10,2025
COIN,2025-10-17,-3.256,1,LONG,329.24,350.06,6.323654476977279,10,fixed_10,2025
COIN,2025-10-24,3.8084,-1,SHORT,350.06,346.55,1.002685253956462,10,fixed_10,2025
COIN,2025-11-04,-3.4474,1,LONG,310.11,311.69,0.5094966302279785,10,fixed_10,2025
COIN,2025-11-10,4.4628,-1,SHORT,319.66,262.06,18.019145341925803,10,fixed_10,2025
COIN,2025-11-14,-4.8171,1,LONG,289.0,239.1,-17.26643598615917,10,fixed_10,2025
COIN,2025-11-17,-3.2415,1,LONG,262.06,254.28,-2.968785774250172,10,fixed_10,2025
COIN,2025-11-25,-3.1809,1,LONG,247.7,275.33,11.154622527250705,10,fixed_10,2025
COIN,2025-11-28,3.4079,-1,SHORT,273.89,272.35,0.5622695242615516,10,fixed_10,2025
COIN,2025-12-01,-5.2586,1,LONG,258.82,274.19,5.938490070319142,10,fixed_10,2025
COIN,2025-12-18,3.6488,-1,SHORT,245.45,236.91,3.479323691179463,10,fixed_10,2025
COIN,2026-01-05,4.4688,-1,SHORT,254.06,244.68,3.6920412500984003,10,fixed_10,2026
COIN,2026-01-20,-3.5329,1,LONG,228.04,209.54,-8.112611822487283,10,fixed_10,2026
COIN,2026-02-04,-6.7214,1,LONG,179.06,150.35,-16.033731710041334,10,fixed_10,2026
COIN,2026-02-05,-8.8466,1,LONG,163.34,140.49,-13.989224929594707,10,fixed_10,2026
COIN,2026-02-06,-3.1882,1,LONG,155.17,164.35,5.91609202809822,10,fixed_10,2026
COIN,2026-02-09,3.0443,-1,SHORT,161.15,169.26,-5.032578343158538,10,fixed_10,2026
COIN,2026-02-23,-3.0289,1,LONG,160.73,182.45,13.513345361786847,10,fixed_10,2026
COIN,2026-02-25,6.0174,-1,SHORT,184.78,210.23,-13.77313562073817,10,fixed_10,2026
COIN,2026-02-27,-3.1537,1,LONG,173.98,196.76,13.093459018277965,10,fixed_10,2026
COIN,2026-03-03,-4.3098,1,LONG,183.87,199.77,8.647413933757548,10,fixed_10,2026
COIN,2026-03-04,7.5129,-1,SHORT,210.23,198.6,5.532036341150167,10,fixed_10,2026
COIN,2026-03-06,-3.888,1,LONG,196.76,197.38,0.3151046960764406,10,fixed_10,2026
COST,2025-04-03,-3.4914,1,LONG,967.1,949.1,-1.8612346189639126,10,fixed_10,2025
COST,2025-04-07,-3.1312,1,LONG,900.97,973.03,7.998046549829622,10,fixed_10,2025
GOOGL,2025-03-10,-3.0842,1,LONG,164.78,164.3,-0.2912974875591636,10,fixed_10,2025
GOOGL,2025-04-03,-3.7125,1,LONG,151.53,152.48,0.6269385600211105,10,fixed_10,2025
GOOGL,2025-04-08,3.0055,-1,SHORT,146.14,155.05,-6.096893389900114,10,fixed_10,2025
GOOGL,2025-05-12,3.0918,-1,SHORT,157.67,165.2,-4.775797551848799,10,fixed_10,2025
GOOGL,2025-07-24,3.5096,-1,SHORT,192.58,191.74,0.4361823657700713,10,fixed_10,2025
GOOGL,2025-09-03,7.0477,-1,SHORT,229.68,240.48,-4.702194357366764,10,fixed_10,2025
GOOGL,2025-11-17,3.3662,-1,SHORT,285.53,317.04,-11.035617973592986,10,fixed_10,2025
GOOGL,2025-11-20,4.0123,-1,SHORT,294.95,319.82,-8.431937616545179,10,fixed_10,2025
GOOGL,2025-11-24,3.7992,-1,SHORT,317.04,316.02,0.3217259651779077,10,fixed_10,2025
GOOGL,2026-02-06,3.5445,-1,SHORT,328.13,307.41,6.314570444640835,10,fixed_10,2026
GS,2025-03-10,-3.0473,1,LONG,516.65,540.9,4.693699796767638,10,fixed_10,2025
GS,2025-04-03,-6.7222,1,LONG,509.11,474.18,-6.860992712773273,10,fixed_10,2025
GS,2025-04-04,-4.6996,1,LONG,462.91,478.06,3.272774405391972,10,fixed_10,2025
GS,2025-04-07,-4.9577,1,LONG,456.57,497.09,8.87487132312679,10,fixed_10,2025
GS,2025-04-08,5.0347,-1,SHORT,455.52,501.94,-10.190551457674749,10,fixed_10,2025
GS,2025-05-12,5.1799,-1,SHORT,580.49,601.17,-3.5625075367361965,10,fixed_10,2025
GS,2025-06-30,3.3823,-1,SHORT,695.94,688.08,1.1294077075609985,10,fixed_10,2025
GS,2026-02-05,-3.7688,1,LONG,907.54,904.36,-0.3503977786103037,10,fixed_10,2026
GS,2026-02-09,3.1071,-1,SHORT,940.62,912.09,3.0331058238183295,10,fixed_10,2026
JPM,2025-04-03,-4.697,1,LONG,226.01,221.4,-2.039732755187817,10,fixed_10,2025
JPM,2025-04-04,-5.223,1,LONG,208.98,231.53,10.790506268542451,10,fixed_10,2025
JPM,2025-04-08,4.2719,-1,SHORT,215.68,231.37,-7.274666172106824,10,fixed_10,2025
JPM,2025-05-12,3.9288,-1,SHORT,256.27,262.15,-2.2944550669216044,10,fixed_10,2025
MARA,2025-02-07,3.1566,-1,SHORT,17.23,16.84,2.2634939059779486,10,fixed_10,2025
MARA,2025-03-03,9.8996,-1,SHORT,14.04,13.77,1.92307692307692,10,fixed_10,2025
MARA,2025-03-04,-3.9884,1,LONG,14.21,12.81,-9.852216748768475,10,fixed_10,2025
MARA,2025-03-10,-4.5625,1,LONG,13.77,12.79,-7.116920842411041,10,fixed_10,2025
MARA,2025-03-24,3.8835,-1,SHORT,14.22,11.64,18.143459915611814,10,fixed_10,2025
MARA,2025-03-31,-4.0931,1,LONG,11.64,11.48,-1.3745704467353963,10,fixed_10,2025
MARA,2025-04-03,-8.4677,1,LONG,11.28,11.46,1.5957446808510771,10,fixed_10,2025
MARA,2025-04-07,-10.2837,1,LONG,11.48,12.83,11.759581881533098,10,fixed_10,2025
MARA,2025-04-08,5.3286,-1,SHORT,10.67,12.27,-14.995313964386126,10,fixed_10,2025
MARA,2025-04-10,-4.2311,1,LONG,11.46,12.36,7.853403141361244,10,fixed_10,2025
MARA,2025-04-14,3.3654,-1,SHORT,12.83,13.34,-3.9750584567420097,10,fixed_10,2025
MARA,2025-04-22,3.7398,-1,SHORT,13.34,14.44,-8.245877061469264,10,fixed_10,2025
MARA,2025-04-23,3.9146,-1,SHORT,14.47,13.36,7.671043538355225,10,fixed_10,2025
MARA,2025-05-01,4.2665,-1,SHORT,14.33,14.37,-0.27913468248429274,10,fixed_10,2025
MARA,2025-05-05,-3.5221,1,LONG,13.21,16.04,21.423164269492794,10,fixed_10,2025
MARA,2025-05-12,4.0506,-1,SHORT,16.04,16.27,-1.4339152119700775,10,fixed_10,2025
MARA,2025-05-19,-3.0826,1,LONG,16.27,16.35,0.4917025199754263,10,fixed_10,2025
MARA,2025-05-22,5.3662,-1,SHORT,15.96,14.26,10.651629072681711,10,fixed_10,2025
MARA,2025-05-23,-3.9003,1,LONG,15.11,14.22,-5.8901389808074045,10,fixed_10,2025
MARA,2025-05-27,3.3265,-1,SHORT,16.35,15.14,7.400611620795111,10,fixed_10,2025
MARA,2025-06-09,3.0496,-1,SHORT,15.94,15.3,4.0150564617314854,10,fixed_10,2025
MARA,2025-06-25,3.293,-1,SHORT,14.98,17.5,-16.82242990654205,10,fixed_10,2025
MARA,2025-07-14,3.4501,-1,SHORT,19.56,19.17,1.9938650306748316,10,fixed_10,2025
MARA,2025-07-16,3.9467,-1,SHORT,19.84,17.56,11.491935483870975,10,fixed_10,2025
MARA,2025-07-23,-5.835,1,LONG,17.56,16.95,-3.4738041002277877,10,fixed_10,2025
MARA,2025-07-30,4.6875,-1,SHORT,16.95,15.84,6.548672566371678,10,fixed_10,2025
MARA,2025-08-01,-3.8557,1,LONG,15.71,15.49,-1.4003819223424612,10,fixed_10,2025
MARA,2025-08-11,3.381,-1,SHORT,15.82,16.3,-3.0341340075853376,10,fixed_10,2025
MARA,2025-09-22,-3.2293,1,LONG,17.98,18.08,0.5561735261401438,10,fixed_10,2025
MARA,2025-10-01,3.2859,-1,SHORT,18.76,20.89,-11.35394456289978,10,fixed_10,2025
MARA,2025-10-02,3.0645,-1,SHORT,18.85,19.73,-4.668435013262593,10,fixed_10,2025
MARA,2025-10-06,4.572,-1,SHORT,20.04,20.22,-0.8982035928143698,10,fixed_10,2025
MARA,2025-10-13,3.7554,-1,SHORT,20.22,21.66,-7.121661721068256,10,fixed_10,2025
MARA,2025-10-14,-4.2038,1,LONG,22.14,20.16,-8.943089430894311,10,fixed_10,2025
MARA,2025-10-17,-3.4534,1,LONG,19.4,19.58,0.9278350515463903,10,fixed_10,2025
MARA,2025-10-20,5.0102,-1,SHORT,21.66,20.03,7.525392428439515,10,fixed_10,2025
MARA,2025-10-27,4.2477,-1,SHORT,20.03,18.03,9.98502246630055,10,fixed_10,2025
MARA,2025-11-05,3.6101,-1,SHORT,17.18,14.1,17.92782305005821,10,fixed_10,2025
MARA,2025-11-10,4.2165,-1,SHORT,15.97,11.37,28.804007514088926,10,fixed_10,2025
MARA,2025-11-14,-3.2031,1,LONG,12.39,10.02,-19.12832929782083,10,fixed_10,2025
MARA,2025-11-20,3.4234,-1,SHORT,10.74,11.83,-10.148975791433891,10,fixed_10,2025
MARA,2025-11-24,3.1809,-1,SHORT,10.84,12.01,-10.793357933579335,10,fixed_10,2025
MARA,2025-11-28,5.6706,-1,SHORT,11.83,11.81,0.16906170752324237,10,fixed_10,2025
MARA,2025-12-01,-6.3398,1,LONG,11.44,11.83,3.4090909090909145,10,fixed_10,2025
MARA,2025-12-02,4.1739,-1,SHORT,12.01,12.37,-2.997502081598663,10,fixed_10,2025
MARA,2025-12-11,-3.0151,1,LONG,11.58,9.87,-14.76683937823835,10,fixed_10,2025
MARA,2026-01-05,4.6465,-1,SHORT,10.45,10.72,-2.583732057416281,10,fixed_10,2026
MARA,2026-01-20,-4.8415,1,LONG,10.74,10.12,-5.772811918063324,10,fixed_10,2026
MARA,2026-02-02,-3.5714,1,LONG,9.28,7.99,-13.900862068965509,10,fixed_10,2026
MARA,2026-02-04,-3.2538,1,LONG,8.96,7.38,-17.63392857142858,10,fixed_10,2026
MARA,2026-02-05,-11.8644,1,LONG,7.95,7.24,-8.930817610062892,10,fixed_10,2026
MARA,2026-02-06,-7.4264,1,LONG,7.23,7.88,8.990318118948815,10,fixed_10,2026
MARA,2026-02-09,7.5342,-1,SHORT,7.99,7.51,6.007509386733422,10,fixed_10,2026
MARA,2026-02-13,3.3058,-1,SHORT,7.88,7.74,1.7766497461928894,10,fixed_10,2026
MARA,2026-03-02,-3.6954,1,LONG,9.49,8.38,-11.696522655426758,10,fixed_10,2026
MARA,2026-03-03,-4.5503,1,LONG,8.94,8.69,-2.796420581655481,10,fixed_10,2026
MARA,2026-03-04,5.075,-1,SHORT,9.13,8.45,7.44797371303397,10,fixed_10,2026
MARA,2026-03-06,-3.7543,1,LONG,8.26,9.48,14.769975786924947,10,fixed_10,2026
META,2025-03-12,4.0445,-1,SHORT,619.99,574.46,7.343666833336017,10,fixed_10,2025
META,2025-03-24,3.1417,-1,SHORT,614.08,569.95,7.186360083376757,10,fixed_10,2025
META,2025-04-03,-6.4538,1,LONG,543.09,545.62,0.4658528052440613,10,fixed_10,2025
META,2025-04-04,-4.7001,1,LONG,507.02,536.48,5.810421679618169,10,fixed_10,2025
META,2025-04-07,-3.8938,1,LONG,518.99,528.91,1.9114048440239617,10,fixed_10,2025
META,2025-04-08,5.1709,-1,SHORT,513.57,519.21,-1.0981949880249986,10,fixed_10,2025
META,2025-04-23,5.6391,-1,SHORT,520.8,539.42,-3.5752688172043023,10,fixed_10,2025
META,2025-05-12,6.4746,-1,SHORT,636.68,639.26,-0.40522711566250563,10,fixed_10,2025
META,2025-12-04,5.6678,-1,SHORT,664.25,648.86,2.31689875799774,10,fixed_10,2025
META,2026-02-05,-3.1129,1,LONG,667.24,653.7,-2.0292548408368747,10,fixed_10,2026
MSFT,2026-02-10,3.5826,-1,SHORT,415.15,400.31,3.5746115861736665,10,fixed_10,2026
MU,2025-02-12,-4.7868,1,LONG,92.05,103.29,12.210755024443246,10,fixed_10,2025
MU,2025-02-18,3.1354,-1,SHORT,106.1,93.22,12.139491046182844,10,fixed_10,2025
MU,2025-03-06,-3.6159,1,LONG,90.05,94.44,4.87506940588562,10,fixed_10,2025
MU,2025-03-10,-3.6366,1,LONG,87.23,102.95,18.021322939355723,10,fixed_10,2025
MU,2025-03-12,3.9355,-1,SHORT,96.41,101.04,-4.802406389378705,10,fixed_10,2025
MU,2025-03-14,4.0596,-1,SHORT,100.12,94.35,5.763084298841401,10,fixed_10,2025
MU,2025-04-03,-6.402,1,LONG,75.85,69.05,-8.965062623599206,10,fixed_10,2025
MU,2025-04-04,-4.9602,1,LONG,65.04,67.87,4.351168511685114,10,fixed_10,2025
MU,2025-04-08,4.734,-1,SHORT,67.02,70.87,-5.744553864518068,10,fixed_10,2025
MU,2025-04-10,-6.8486,1,LONG,69.05,67.82,-1.7813178855901577,10,fixed_10,2025
MU,2025-04-14,7.4085,-1,SHORT,70.31,68.83,2.1049637320438115,10,fixed_10,2025
MU,2025-04-16,-4.3595,1,LONG,70.02,76.83,9.725792630676953,10,fixed_10,2025
MU,2025-04-23,4.9515,-1,SHORT,73.66,75.31,-2.240021721422761,10,fixed_10,2025
MU,2025-04-30,-4.2107,1,LONG,75.31,81.42,8.113132386137298,10,fixed_10,2025
MU,2025-05-01,3.2308,-1,SHORT,78.6,85.84,-9.211195928753192,10,fixed_10,2025
MU,2025-05-12,8.0737,-1,SHORT,93.13,98.46,-5.7231826479115195,10,fixed_10,2025
MU,2025-07-14,-3.3357,1,LONG,119.45,114.17,-4.420259522812893,10,fixed_10,2025
MU,2025-08-01,-3.3654,1,LONG,104.91,117.88,12.362977790487085,10,fixed_10,2025
MU,2025-08-07,4.9131,-1,SHORT,111.83,124.51,-11.338639005633558,10,fixed_10,2025
MU,2025-08-11,5.1019,-1,SHORT,122.53,122.61,-0.06529013302864466,10,fixed_10,2025
MU,2025-09-10,3.5381,-1,SHORT,139.95,157.97,-12.876027152554492,10,fixed_10,2025
MU,2025-09-11,5.49,-1,SHORT,153.16,169.24,-10.498824758422574,10,fixed_10,2025
MU,2025-09-19,-3.6275,1,LONG,163.07,157.46,-3.440240387563614,10,fixed_10,2025
MU,2025-10-06,3.8187,-1,SHORT,194.54,191.12,1.7579932147630244,10,fixed_10,2025
MU,2025-10-13,5.1146,-1,SHORT,191.12,206.84,-8.22519882796149,10,fixed_10,2025
MU,2025-10-16,4.1584,-1,SHORT,203.56,204.21,-0.31931617213598235,10,fixed_10,2025
MU,2025-10-20,3.5783,-1,SHORT,206.84,217.91,-5.351962869851089,10,fixed_10,2025
MU,2025-10-29,3.2233,-1,SHORT,229.42,236.37,-3.0293784325690947,10,fixed_10,2025
MU,2025-11-03,4.5341,-1,SHORT,236.57,253.98,-7.3593439573910455,10,fixed_10,2025
MU,2025-11-04,-5.3455,1,LONG,222.55,243.52,9.422601662547741,10,fixed_10,2025
MU,2025-11-05,3.5388,-1,SHORT,236.37,245.9,-4.031814528070399,10,fixed_10,2025
MU,2025-11-10,4.2304,-1,SHORT,253.98,244.7,3.653831010315774,10,fixed_10,2025
MU,2025-12-22,4.2131,-1,SHORT,273.35,294.7,-7.810499359795122,10,fixed_10,2025
MU,2026-01-02,3.3949,-1,SHORT,311.55,340.2,-9.19595570534424,10,fixed_10,2026
MU,2026-01-05,3.1046,-1,SHORT,312.3,345.2,-10.53474223503041,10,fixed_10,2026
MU,2026-01-15,3.5939,-1,SHORT,343.05,399.25,-16.38245153767672,10,fixed_10,2026
MU,2026-01-16,4.8957,-1,SHORT,354.21,390.9,-10.358262047937664,10,fixed_10,2026
MU,2026-01-27,3.9915,-1,SHORT,414.1,440.85,-6.459792320695485,10,fixed_10,2026
MU,2026-02-04,-7.2092,1,LONG,418.9,403.77,-3.6118405347338256,10,fixed_10,2026
MU,2026-02-05,-10.6551,1,LONG,377.98,417.5,10.455579660299481,10,fixed_10,2026
MU,2026-02-11,5.9631,-1,SHORT,403.77,413.13,-2.3181514228397386,10,fixed_10,2026
MU,2026-02-27,-3.346,1,LONG,410.05,385.0,-6.109011096207782,10,fixed_10,2026
MU,2026-03-03,-6.3182,1,LONG,383.63,414.91,8.153689753147573,10,fixed_10,2026
MU,2026-03-04,3.644,-1,SHORT,403.42,420.75,-4.2957711566109715,10,fixed_10,2026
MU,2026-03-06,-4.2517,1,LONG,385.0,422.7,9.79220779220779,10,fixed_10,2026
NVDA,2025-03-06,-3.2148,1,LONG,111.51,115.24,3.3449914805846914,10,fixed_10,2025
NVDA,2025-03-12,5.0548,-1,SHORT,116.09,117.44,-1.1628908605392319,10,fixed_10,2025
NVDA,2025-03-31,-4.1055,1,LONG,105.7,98.22,-7.076631977294233,10,fixed_10,2025
NVDA,2025-04-03,-6.1656,1,LONG,103.0,106.45,3.3495145631067986,10,fixed_10,2025
NVDA,2025-04-07,-7.2353,1,LONG,98.22,110.42,12.421095499898192,10,fixed_10,2025
NVDA,2025-04-08,6.2442,-1,SHORT,98.75,111.82,-13.235443037974676,10,fixed_10,2025
NVDA,2025-04-10,-4.2721,1,LONG,106.45,100.81,-5.298262094880226,10,fixed_10,2025
NVDA,2025-04-14,3.0903,-1,SHORT,110.42,98.08,11.175511682666187,10,fixed_10,2025
NVDA,2025-04-16,-6.7363,1,LONG,103.92,106.28,2.270977675134718,10,fixed_10,2025
NVDA,2025-04-23,5.705,-1,SHORT,103.94,106.45,-2.414854723879166,10,fixed_10,2025
NVDA,2025-04-30,-4.0863,1,LONG,106.45,113.92,7.017379051197745,10,fixed_10,2025
NVDA,2025-05-01,3.9537,-1,SHORT,113.54,117.88,-3.8224414303329124,10,fixed_10,2025
NVDA,2025-05-12,4.5973,-1,SHORT,122.64,135.25,-10.282126549249837,10,fixed_10,2025
NVDA,2025-07-15,4.3401,-1,SHORT,170.51,168.25,1.3254354583308843,10,fixed_10,2025
NVDA,2025-09-10,3.4438,-1,SHORT,177.99,170.23,4.359795494128894,10,fixed_10,2025
NVDA,2025-10-29,3.4574,-1,SHORT,206.78,200.94,2.8242576651513702,10,fixed_10,2025
NVDA,2025-11-10,3.6388,-1,SHORT,196.7,186.72,5.073716319267916,10,fixed_10,2025
NVDA,2025-11-25,-4.1854,1,LONG,176.2,180.64,2.5198637911464234,10,fixed_10,2025
NVDA,2026-02-04,-3.9756,1,LONG,180.67,191.42,5.9500747218686,10,fixed_10,2026
NVDA,2026-02-09,4.0429,-1,SHORT,183.85,185.34,-0.8104432961653572,10,fixed_10,2026
NVDA,2026-02-10,3.9941,-1,SHORT,189.23,188.93,0.1585372298261285,10,fixed_10,2026
PLTR,2025-02-20,-8.1735,1,LONG,102.89,89.65,-12.868111575468944,10,fixed_10,2025
PLTR,2025-02-24,-5.3785,1,LONG,93.76,86.13,-8.137798634812295,10,fixed_10,2025
PLTR,2025-02-28,-5.6506,1,LONG,82.37,82.43,0.07284205414592967,10,fixed_10,2025
PLTR,2025-03-03,4.2746,-1,SHORT,86.13,76.83,10.797631487286658,10,fixed_10,2025
PLTR,2025-03-04,-4.0345,1,LONG,83.14,76.78,-7.649747414000481,10,fixed_10,2025
PLTR,2025-03-10,-3.4158,1,LONG,76.83,85.59,11.401796173369783,10,fixed_10,2025
PLTR,2025-03-12,6.9982,-1,SHORT,83.72,85.99,-2.711419015766837,10,fixed_10,2025
PLTR,2025-03-14,4.2075,-1,SHORT,85.75,89.05,-3.848396501457722,10,fixed_10,2025
PLTR,2025-03-31,-6.7925,1,LONG,83.3,78.06,-6.290516206482587,10,fixed_10,2025
PLTR,2025-04-03,-7.0579,1,LONG,84.58,87.0,2.861196500354696,10,fixed_10,2025
PLTR,2025-04-04,-4.2797,1,LONG,73.91,87.07,17.805439047490186,10,fixed_10,2025
PLTR,2025-04-07,-9.8472,1,LONG,78.06,92.65,18.690750704586222,10,fixed_10,2025
PLTR,2025-04-08,7.0566,-1,SHORT,79.5,96.92,-21.911949685534594,10,fixed_10,2025
PLTR,2025-04-10,-3.8399,1,LONG,87.0,92.77,6.632183908045973,10,fixed_10,2025
PLTR,2025-04-14,8.2364,-1,SHORT,92.65,94.09,-1.5542363734484594,10,fixed_10,2025
PLTR,2025-04-23,5.1926,-1,SHORT,101.96,116.88,-14.633189486072972,10,fixed_10,2025
PLTR,2025-04-30,-3.8094,1,LONG,116.88,108.68,-7.015742642026,10,fixed_10,2025
PLTR,2025-05-19,-3.6837,1,LONG,126.2,123.32,-2.2820919175911327,10,fixed_10,2025
PLTR,2025-06-06,3.1857,-1,SHORT,126.16,138.96,-10.14584654407103,10,fixed_10,2025
PLTR,2025-06-30,5.3924,-1,SHORT,137.57,139.05,-1.0758159482445433,10,fixed_10,2025
PLTR,2025-08-20,-3.4365,1,LONG,154.1,157.44,2.167423750811164,10,fixed_10,2025
PLTR,2025-09-02,-3.5099,1,LONG,157.54,161.69,2.6342516186365406,10,fixed_10,2025
PLTR,2025-10-06,3.5363,-1,SHORT,180.07,176.84,1.7937468762148,10,fixed_10,2025
PLTR,2025-11-10,3.5566,-1,SHORT,193.72,171.26,11.59405327276482,10,fixed_10,2025
PLTR,2025-11-20,4.0201,-1,SHORT,158.23,168.9,-6.743348290463261,10,fixed_10,2025
PLTR,2026-01-05,4.1945,-1,SHORT,173.38,178.83,-3.143384473411014,10,fixed_10,2026
PLTR,2026-02-03,11.6863,-1,SHORT,164.45,139.66,15.074490726664635,10,fixed_10,2026
PLTR,2026-02-04,-5.0119,1,LONG,157.09,134.47,-14.399388885352348,10,fixed_10,2026
PLTR,2026-02-05,-11.386,1,LONG,139.72,128.58,-7.973089035213274,10,fixed_10,2026
TSLA,2025-03-04,-4.8634,1,LONG,271.14,223.81,-17.4559268274692,10,fixed_10,2025
TSLA,2025-03-10,-3.8492,1,LONG,227.05,236.36,4.100418410041842,10,fixed_10,2025
TSLA,2025-03-12,7.2538,-1,SHORT,250.24,234.35,6.3499040920716165,10,fixed_10,2025
TSLA,2025-03-18,-4.0538,1,LONG,227.0,277.24,22.132158590308375,10,fixed_10,2025
TSLA,2025-03-24,3.5967,-1,SHORT,274.04,254.25,7.221573492920748,10,fixed_10,2025
TSLA,2025-03-31,-5.3996,1,LONG,254.25,233.17,-8.29105211406097,10,fixed_10,2025
TSLA,2025-04-02,-5.1698,1,LONG,283.58,246.37,-13.121517737499111,10,fixed_10,2025
TSLA,2025-04-03,-6.1485,1,LONG,268.28,245.85,-8.360667958848957,10,fixed_10,2025
TSLA,2025-04-04,-4.4022,1,LONG,241.02,245.55,1.8795120736868314,10,fixed_10,2025
TSLA,2025-04-07,-6.5012,1,LONG,233.17,247.99,6.355877685808648,10,fixed_10,2025
TSLA,2025-04-08,5.006,-1,SHORT,229.65,252.15,-9.797517962116263,10,fixed_10,2025
TSLA,2025-04-10,-4.4118,1,LONG,245.85,239.34,-2.647956070774859,10,fixed_10,2025
TSLA,2025-04-21,-4.67,1,LONG,223.46,276.51,23.74026671440078,10,fixed_10,2025
TSLA,2025-04-30,-4.1471,1,LONG,278.03,275.37,-0.9567312879904933,10,fixed_10,2025
TSLA,2025-05-12,8.0141,-1,SHORT,318.29,342.01,-7.452323352917141,10,fixed_10,2025
TSLA,2025-05-19,-3.8593,1,LONG,342.01,361.51,5.701587672875062,10,fixed_10,2025
TSLA,2025-06-06,4.9521,-1,SHORT,300.06,332.16,-10.697860427914424,10,fixed_10,2025
TSLA,2025-06-09,-3.1071,1,LONG,297.06,329.24,10.832828384838082,10,fixed_10,2025
TSLA,2025-07-01,-6.0353,1,LONG,302.1,294.48,-2.522343594836148,10,fixed_10,2025
TSLA,2025-07-02,3.964,-1,SHORT,315.53,301.89,4.322885304091525,10,fixed_10,2025
TSLA,2025-07-07,-7.1627,1,LONG,291.34,315.34,8.237797762064943,10,fixed_10,2025
TSLA,2025-09-15,6.851,-1,SHORT,417.52,433.0,-3.707606821230125,10,fixed_10,2025
TSLA,2025-11-14,-3.8911,1,LONG,405.93,394.64,-2.781267706254778,10,fixed_10,2025
TSLA,2026-02-05,-5.6892,1,LONG,407.15,416.79,2.3676777600393084,10,fixed_10,2026
TSM,2025-03-06,-3.0743,1,LONG,175.47,168.7,-3.8582093805208926,10,fixed_10,2025
TSM,2025-04-03,-6.1042,1,LONG,157.66,148.47,-5.828999112013192,10,fixed_10,2025
TSM,2025-04-04,-4.1295,1,LONG,144.53,154.13,6.642219608385798,10,fixed_10,2025
TSM,2025-04-07,-8.2915,1,LONG,144.54,154.1,6.614086066140863,10,fixed_10,2025
TSM,2025-04-08,3.9771,-1,SHORT,142.13,155.41,-9.343558713853515,10,fixed_10,2025
TSM,2025-04-11,3.1911,-1,SHORT,154.13,145.49,5.605657561798473,10,fixed_10,2025
TSM,2025-04-16,-4.2787,1,LONG,151.06,162.23,7.394412816099555,10,fixed_10,2025
TSM,2025-04-23,5.1682,-1,SHORT,155.93,163.26,-4.700827294298714,10,fixed_10,2025
TSM,2025-05-01,3.7634,-1,SHORT,172.23,175.54,-1.9218486907042924,10,fixed_10,2025
TSM,2025-05-02,4.1204,-1,SHORT,177.57,176.3,0.7152109027425702,10,fixed_10,2025
TSM,2025-05-12,6.107,-1,SHORT,186.39,190.23,-2.0601963624657995,10,fixed_10,2025
TSM,2025-08-07,5.6594,-1,SHORT,240.99,238.9,0.8672559027345548,10,fixed_10,2025
TSM,2025-09-10,3.1665,-1,SHORT,260.01,261.92,-0.7345871312641918,10,fixed_10,2025
TSM,2025-09-23,3.5857,-1,SHORT,281.1,276.13,1.7680540732835384,10,fixed_10,2025
TSM,2025-10-13,6.2395,-1,SHORT,301.85,299.59,0.7487162497929593,10,fixed_10,2025
TSM,2025-10-15,3.4647,-1,SHORT,301.34,285.82,5.150328532554584,10,fixed_10,2025
TSM,2025-11-20,3.5052,-1,SHORT,283.66,290.75,-2.4994711979129853,10,fixed_10,2025
TSM,2026-01-05,3.3534,-1,SHORT,325.22,330.72,-1.6911629051103865,10,fixed_10,2026
TSM,2026-02-05,-3.6904,1,LONG,327.85,368.5,12.398962940369064,10,fixed_10,2026
TSM,2026-02-06,4.8137,-1,SHORT,335.8,368.69,-9.7945205479452,10,fixed_10,2026
TSM,2026-02-09,3.4865,-1,SHORT,347.4,362.06,-4.2199194012665595,10,fixed_10,2026
TSM,2026-02-10,4.4434,-1,SHORT,362.66,364.68,-0.5569955330061164,10,fixed_10,2026
TSM,2026-03-03,-5.3799,1,LONG,353.21,352.13,-0.3057671073865361,10,fixed_10,2026
V,2025-04-03,-3.5447,1,LONG,339.59,316.61,-6.766983715657105,10,fixed_10,2025
V,2025-04-07,-3.3647,1,LONG,310.54,332.24,6.987827655052485,10,fixed_10,2025
V,2025-04-08,3.2273,-1,SHORT,311.71,334.75,-7.391485675788401,10,fixed_10,2025
