signal,ticker,beta,ret4,terc
2013-04-19,AAPL,1.4041031651173579,0.10941534825197441,high
2013-04-19,AMD,2.4850118630751563,0.6477733297644552,high
2013-04-19,AMZN,1.4154851347964459,0.03680086809568839,high
2013-04-19,AVGO,1.3014614485963178,0.10140760013771222,high
2013-04-19,BA,0.48007807334609826,0.12460208274840023,low
2013-04-19,BIDU,1.3764197344854767,0.09591578024130709,high
2013-04-19,C,1.1425878156636344,0.14257166683722522,mid
2013-04-19,COST,0.8375686272276689,0.08233610679545666,mid
2013-04-19,GOOGL,1.0005012802538171,0.13665968177199783,mid
2013-04-19,GS,0.9276190760656791,0.14028252078889003,mid
2013-04-19,INTC,0.87968638144949,0.07130126307445384,mid
2013-04-19,JPM,0.7193249397726283,0.10734701977479966,low
2013-04-19,MARA,-0.22992049192228348,0.21052630562886954,low
2013-04-19,META,0.4394989090968885,0.02020988989564798,low
2013-04-19,MSFT,0.777539783928487,0.171313348864631,mid
2013-04-19,MSTR,0.6659268352363498,0.001984132516907211,low
2013-04-19,MU,1.7387761134128004,0.209625663976591,high
2013-04-19,NVDA,1.265227781394542,0.18297535772271378,mid
2013-04-19,SMCI,1.6509851984427202,0.10461538010094995,high
2013-04-19,TSLA,0.470527494442961,0.9130250326766256,low
2013-04-19,TSM,0.5836996343402637,0.03776601173587624,low
2013-04-19,V,0.6413305762466412,0.1257013891583869,low
2013-06-21,AAPL,1.5484734871350199,0.02769053329561988,high
2013-06-21,AMD,3.105542997214719,0.007500052452087402,high
2013-06-21,AMZN,1.2886999011885256,0.11658619487372879,high
2013-06-21,AVGO,1.1571663003383983,0.012573614448702086,mid
2013-06-21,BA,0.49619133201519083,0.06981391771532675,low
2013-06-21,BIDU,1.188242412464838,0.1891660151611032,high
2013-06-21,C,0.9758620842412297,0.11691913093918127,mid
2013-06-21,COST,0.773963597377809,0.08670039610355285,mid
2013-06-21,GOOGL,1.0592818655482623,0.017787982852521367,mid
2013-06-21,GS,1.0798879346172954,0.06554295371378638,mid
2013-06-21,INTC,0.6566793651580525,-0.047933876481052184,low
2013-06-21,JPM,0.6461053894822927,0.08083142488342632,low
2013-06-21,MARA,-0.39227068069993437,0.1500000458497286,low
2013-06-21,META,0.7631643157988899,0.05503458770207259,mid
2013-06-21,MSFT,0.8196689332234893,-0.05620681735809907,mid
2013-06-21,MSTR,0.5830561336918468,0.14833273919661405,low
2013-06-21,MU,1.6256395778528918,-0.01223022165175558,high
2013-06-21,NVDA,1.4181257364168398,-0.012482667325156238,high
2013-06-21,SMCI,1.4569325975125778,0.08394161616042961,high
2013-06-21,TSLA,0.7359238109023891,0.202209942607823,low
2013-06-21,TSM,0.4426368100735981,-0.04016301058212102,low
2013-06-21,V,0.7461614660747802,0.058050129074904255,low
2014-02-07,AAPL,1.1027823126883651,0.02070511269131936,mid
2014-02-07,AMD,2.4099462101604034,0.13832853461552608,high
2014-02-07,AMZN,1.5388574683978866,0.030408760407272917,high
2014-02-07,AVGO,1.1309888455966808,0.10924518710147502,mid
2014-02-07,BA,0.6968895047119601,0.011966593317882745,low
2014-02-07,BIDU,1.4208631841103034,0.12970084383546898,high
2014-02-07,C,1.1827058243607966,0.005674884037919714,high
2014-02-07,COST,0.6996043884911185,-0.004735188628482545,low
2014-02-07,GOOGL,1.2578764481737124,0.03172136384438762,high
2014-02-07,GS,1.0647795636937418,0.07614402759680239,mid
2014-02-07,INTC,0.7678221054495431,0.01776126895649366,low
2014-02-07,JPM,0.6753252829405256,0.0490993049529822,low
2014-02-07,MARA,0.8688468331750095,0.1487602628357858,mid
2014-02-07,META,1.198348268774686,0.08519905757049573,high
2014-02-07,MSFT,0.8671642447849727,0.036652081571496575,low
2014-02-07,MSTR,0.9373570597573536,0.059183940254251555,mid
2014-02-07,MU,0.3598449420786927,-0.0036719768154812593,low
2014-02-07,NVDA,1.0792142732848722,0.15689978029284934,mid
2014-02-07,SMCI,0.31234735423034937,-0.0076372468765741885,low
2014-02-07,TSLA,1.4994215499012529,0.3199485068015444,high
2014-02-07,TSM,0.7878557201272552,0.0938228802253962,low
2014-02-07,V,0.9550656115433537,0.017043911985311633,mid
2014-05-16,AAPL,0.6969915710106559,0.06937117847959962,low
2014-05-16,AMD,1.369316471262184,0.0646766741580711,high
2014-05-16,AMZN,1.5883074712260257,0.0959690426493911,high
2014-05-16,AVGO,0.9664797054687853,0.04293226440480957,mid
2014-05-16,BA,0.8258569453263671,0.011314087265203998,low
2014-05-16,BIDU,1.5493403964576198,0.15041673539217704,high
2014-05-16,C,1.3173202134742032,0.024763168817526937,mid
2014-05-16,COST,0.6482825733272755,-0.002681407810372516,low
2014-05-16,GOOGL,1.455939027517739,0.060666248443577375,high
2014-05-16,GS,1.076579402362282,0.06047437931851163,mid
2014-05-16,INTC,0.5855312906018373,0.15685519722221475,low
2014-05-16,JPM,0.9249034251947623,0.06996810065934644,mid
2014-05-16,MARA,0.885704819744639,0.2948718121144267,low
2014-05-16,META,1.524608659075162,0.11168561687540013,high
2014-05-16,MSFT,0.9090510750557594,0.03514932580520469,mid
2014-05-16,MSTR,1.3521437407949377,0.08850565618776907,high
2014-05-16,MU,0.4325240714163966,0.19746443542298775,low
2014-05-16,NVDA,1.0523135139194575,0.08797326950724615,mid
2014-05-16,SMCI,0.8463642164513899,0.1685223036906196,low
2014-05-16,TSLA,1.7875532149079987,0.07757358198762376,high
2014-05-16,TSM,0.7582243239438767,0.015406821751157151,low
2014-05-16,V,1.1638340667783698,0.007053980957822281,mid
2014-10-24,AAPL,0.91602180527058,0.10691883548264447,low
2014-10-24,AMD,1.832831803592868,0.033582056689353434,high
2014-10-24,AMZN,1.5827745643373932,0.1587473424791188,high
2014-10-24,AVGO,1.631825810375559,0.10213798973387411,high
2014-10-24,BA,0.8915642657208123,0.08622383098594022,low
2014-10-24,BIDU,1.6529357775558917,0.10222421787479874,high
2014-10-24,C,1.212468432294131,0.035907348219048174,mid
2014-10-24,COST,0.2826382575131204,0.07114381022390326,low
2014-10-24,GOOGL,1.293653313048158,-0.005483670816015862,mid
2014-10-24,GS,1.04088076758412,0.03403321530762371,mid
2014-10-24,INTC,0.9237929966847618,0.07263411167106493,low
2014-10-24,JPM,0.989180445030947,0.029111321682163238,mid
2014-10-24,MARA,0.5014226472854079,0.2005076097080496,low
2014-10-24,META,0.9605509706503921,-0.08578155852257396,mid
2014-10-24,MSFT,0.7009936712540106,0.04010401975472311,low
2014-10-24,MSTR,0.5989204587797992,0.05257137238033227,low
2014-10-24,MU,1.9629258191729082,0.10431422494616771,high
2014-10-24,NVDA,1.1477449949646894,0.1066017431906856,mid
2014-10-24,SMCI,1.5494392297304151,0.1047462933715968,high
2014-10-24,TSLA,1.4061763519479138,0.03205235949256635,high
2014-10-24,TSM,0.525095266287681,0.08876294304430132,low
2014-10-24,V,1.0289237246879182,0.19083757873576057,mid
2015-06-12,AAPL,1.0473904286791345,-0.030588971028218226,high
2015-06-12,AMD,0.7966380763253049,-0.15151511398369377,mid
2015-06-12,AMZN,0.8826360350549869,0.03161055873974439,mid
2015-06-12,AVGO,1.1041088038563052,-0.07567450206719961,high
2015-06-12,BA,0.5368207874167619,0.011764654340884917,low
2015-06-12,BIDU,1.2277772800306823,-0.09561659691675439,high
2015-06-12,C,0.7404435865567341,-0.04465066030131237,low
2015-06-12,COST,0.47678462775519814,0.028390275803879206,low
2015-06-12,GOOGL,1.0359129199679438,0.015781657206396016,mid
2015-06-12,GS,0.7457605868774718,-0.02755090202032484,low
2015-06-12,INTC,0.9302754501897564,-0.06864622092846229,mid
2015-06-12,JD,0.6088663845640916,-0.14624503624464924,low
2015-06-12,JPM,0.7338519753789392,-0.01758237286801745,low
2015-06-12,MARA,0.006333424956766305,-0.07547169952781874,low
2015-06-12,META,0.6949848495959636,0.07874399932624021,low
2015-06-12,MSFT,1.3991679182378132,-0.029584524129598444,high
2015-06-12,MSTR,0.7730877528568835,-0.01706295413570802,mid
2015-06-12,MU,1.8565206238539576,-0.3008356433909153,high
2015-06-12,NVDA,1.229967011346518,-0.06442445914786421,high
2015-06-12,SMCI,1.3047529229656571,-0.23813730507453545,high
2015-06-12,TSLA,1.2019726377690818,0.033746807755221875,high
2015-06-12,TSM,1.0330505109141774,-0.04647234380752718,mid
2015-06-12,V,0.8425412195941384,-0.013125683514719877,mid
2015-07-17,AAPL,1.050668704539786,-0.10538494481785043,mid
2015-07-17,AMD,0.89830303790245,0.0279330014475605,mid
2015-07-17,AMZN,0.8622659535319466,0.1004327419990354,mid
2015-07-17,AVGO,1.115301971375529,-0.08753554249091378,high
2015-07-17,BA,0.544832675955232,-0.011917733884800108,low
2015-07-17,BABA,1.3059835386667409,-0.10316696750423437,high
2015-07-17,BIDU,1.2446792553860513,-0.17234426792723145,high
2015-07-17,C,0.7130547409811485,-0.01974467825382309,low
2015-07-17,COST,0.48013681675532754,0.009745671367768827,low
2015-07-17,GOOGL,1.019229575599788,-0.014650832671850855,mid
2015-07-17,GS,0.7489497943399096,-0.049138671333407546,low
2015-07-17,INTC,0.999965819210664,-0.015269727386349019,mid
2015-07-17,JD,0.5765594103211834,-0.2038504789864397,low
2015-07-17,JPM,0.7490792112560116,-0.019072384226058503,low
2015-07-17,MARA,0.13276245423334193,-0.08176100157393751,low
2015-07-17,META,0.7045763750173077,-0.005791334576058738,low
2015-07-17,MSFT,1.4348150721836341,0.00815103124885197,high
2015-07-17,MSTR,0.7807327527636403,0.17868876175742798,mid
2015-07-17,MU,1.944929856724764,-0.1575546691883104,high
2015-07-17,NVDA,1.3240455332209045,0.17289493141337675,high
2015-07-17,SMCI,1.386916165738238,0.095863238395824,high
2015-07-17,TSLA,1.1960076729221278,-0.11472372629221284,high
2015-07-17,TSM,0.9764837836058545,-0.11506736634252779,mid
2015-07-17,V,0.8179625150257576,0.04712195396034802,mid
2016-11-11,AAPL,1.3108478935164811,0.05090838907618189,high
2016-11-11,AMD,2.095917792297876,0.5455904430715242,high
2016-11-11,AMZN,1.1417389936925835,0.04012119320049479,mid
2016-11-11,AVGO,1.4863156435929106,0.06893880306983635,high
2016-11-11,BA,0.6242086761853721,0.053662813031449375,low
2016-11-11,BABA,1.3903653099849456,0.0031186248219106094,high
2016-11-11,BIDU,1.3588708167190726,0.04829708820722667,high
2016-11-11,C,1.2013262388602526,0.13647546535261434,mid
2016-11-11,COST,0.8007788728758608,0.06922868435750384,low
2016-11-11,GOOGL,1.0234286133846962,0.048849970767581796,mid
2016-11-11,GS,0.9183258010903024,0.18588802200785115,mid
2016-11-11,INTC,1.078035049372378,0.033227324209803344,mid
2016-11-11,JD,1.5847921348795797,0.11647250958514066,high
2016-11-11,JPM,0.9003560901931246,0.11474762214392653,low
2016-11-11,MARA,0.6862074351176414,-0.33043478531287607,low
2016-11-11,META,0.8278264686002929,0.005545317431731034,low
2016-11-11,MSFT,0.9812426443969013,0.04998306913010886,mid
2016-11-11,MSTR,1.0718292161540854,0.02144858456791554,mid
2016-11-11,MU,1.151517698385448,0.16015845565857023,mid
2016-11-11,NVDA,1.689251041677035,0.043764946218817435,high
2016-11-11,SMCI,0.7255570530423431,0.1176470423239735,low
2016-11-11,TSLA,1.77334629971484,0.01919810640832087,high
2016-11-11,TSM,0.8787539302197027,0.006348163452065236,low
2016-11-11,V,0.7156799751590756,-0.03346358030874452,low
2017-09-29,AAPL,0.9541516938641379,0.057941916801776516,mid
2017-09-29,AMD,1.9767893264461733,-0.07137253705193014,high
2017-09-29,AMZN,1.3114590969163513,0.14521244889234297,mid
2017-09-29,AVGO,1.4680766451795642,0.04271465398812735,high
2017-09-29,BA,0.6808613516764673,0.008850889743862389,low
2017-09-29,BABA,0.5341655720998526,0.01991770626421374,low
2017-09-29,BIDU,0.9840966605020343,-0.03359040430461835,mid
2017-09-29,C,0.5603904104713282,0.015534848996405337,low
2017-09-29,COST,0.6053169608930885,-0.011625713563660711,low
2017-09-29,GOOGL,1.2906857274794123,0.06156795604205145,mid
2017-09-29,GS,0.5037883595127804,0.01905647044958192,low
2017-09-29,INTC,0.755532872722654,0.1659663705601555,low
2017-09-29,JD,1.5365095211141986,-0.02198953235107881,high
2017-09-29,JPM,0.29163027631494454,0.0655428161116256,low
2017-09-29,MARA,2.535865082615327,-0.18604653902863555,high
2017-09-29,META,1.3196222778074684,0.0410253992271572,high
2017-09-29,MSFT,0.9537382858761541,0.1251174649228617,mid
2017-09-29,MSTR,0.5888972512415721,0.10296770366334607,low
2017-09-29,MU,1.7173641348236912,0.03864725584289763,high
2017-09-29,NVDA,1.6976272227546088,0.1291603686750995,high
2017-09-29,SMCI,0.7826798962375962,-0.07330313940085953,mid
2017-09-29,TSLA,1.3826696016486624,-0.05930814240764937,high
2017-09-29,TSM,0.8720673823409192,0.12250339233771057,mid
2017-09-29,V,0.7793470022921656,0.04247435681716216,mid
2018-02-16,AAPL,1.010895937496571,0.03241902124992002,mid
2018-02-16,AMD,1.5438825600564912,-0.029610781457860003,high
2018-02-16,AMZN,1.2316100717350078,0.08489736031771189,high
2018-02-16,AVGO,1.150792826780933,0.024026661345187827,high
2018-02-16,BA,0.639677501296765,-0.06920348899526907,low
2018-02-16,BABA,0.9946618821755696,0.09037460129267738,mid
2018-02-16,BIDU,1.1010213453798035,0.07220502345371638,mid
2018-02-16,C,0.3428214232617651,-0.04360841561350337,low
2018-02-16,COST,0.5543700693536723,-0.029703500281502038,low
2018-02-16,GOOGL,1.3826042443548832,0.03552713995979362,high
2018-02-16,GS,0.4373508058863473,-7.469177952534878e-05,low
2018-02-16,INTC,0.9447381635156153,0.123134254314204,mid
2018-02-16,JD,1.856331783318837,-0.031236471465701743,high
2018-02-16,JPM,0.2196696132513562,0.006627154989605977,low
2018-02-16,MARA,5.340963226367481,-0.3773585219704063,high
2018-02-16,META,1.0435262297906127,0.043583647389139335,mid
2018-02-16,MSFT,0.9297542012320089,0.028260852979577145,low
2018-02-16,MSTR,0.6577972639141664,-0.04209381811742696,low
2018-02-16,MU,1.4279200192874053,0.37027828739158397,high
2018-02-16,NVDA,1.4099723539880518,0.027230952112206275,high
2018-02-16,SMCI,0.9655212355693553,0.031413645569305704,mid
2018-02-16,TSLA,1.0357131850450279,-0.04214732362716922,mid
2018-02-16,TSM,1.1155505569182618,0.03426866821880736,mid
2018-02-16,V,0.7542572402283306,0.021994258011788004,low
2018-10-05,AAPL,1.0463143244984434,-0.07494760382443266,mid
2018-10-05,AMD,1.1097950864220214,-0.26032909469563914,mid
2018-10-05,AMZN,1.055631240667959,-0.11860399014535694,mid
2018-10-05,AVGO,0.6414691850973742,-0.09605702162473961,low
2018-10-05,BA,0.5514572396232535,-0.07431366245759874,low
2018-10-05,BABA,1.525910918114456,-0.04552808848617185,high
2018-10-05,BIDU,1.5666579502849267,-0.0531562733942873,high
2018-10-05,C,0.7100038227708566,-0.08975421381310233,low
2018-10-05,COST,0.4331552550698032,0.05182339803639846,low
2018-10-05,GOOGL,1.2895332834118693,-0.08249484336591262,mid
2018-10-05,GS,0.7949556342899337,0.017633226747383546,low
2018-10-05,INTC,1.1349632621857983,0.0017010808660684607,mid
2018-10-05,JD,1.5976361499934397,0.018204842614269134,high
2018-10-05,JPM,0.6259864630357699,-0.054440807395201074,low
2018-10-05,MARA,2.3031177352799994,-0.014925358528601551,high
2018-10-05,META,1.312576822311893,-0.044365319051063,high
2018-10-05,MSFT,0.9443380817459512,-0.053241717092136986,mid
2018-10-05,MSTR,0.8008065540890847,-0.03407008793938526,low
2018-10-05,MU,1.6903537240972604,-0.074805002277614,high
2018-10-05,NVDA,1.3624743386107452,-0.20358702544931473,high
2018-10-05,SMCI,1.5139348276161517,0.1088709592136956,high
2018-10-05,TSLA,0.9900800618389383,0.32242795180680783,mid
2018-10-05,TSM,0.9011083067878469,-0.06846029823912714,mid
2018-10-05,V,0.8379976379482965,-0.038387464279202255,low
2019-06-07,AAPL,1.0621662971183758,0.07404681716014005,mid
2019-06-07,AMD,1.972193416424247,-0.02807774920383932,high
2019-06-07,AMZN,1.4979972280133995,0.0769832014859988,high
2019-06-07,AVGO,0.7523706135004611,0.028340715603745625,low
2019-06-07,BA,0.8416139205159798,0.006106794090996459,low
2019-06-07,BABA,1.2109122542783441,0.12364655289174498,high
2019-06-07,BIDU,1.1354587264058489,0.059011050915249275,high
2019-06-07,C,1.0739187347388484,0.08692341105582724,mid
2019-06-07,COST,0.6520585570152682,0.04781059242793129,low
2019-06-07,GOOGL,0.8778490614009599,0.0601851458427165,low
2019-06-07,GS,0.9491242191055699,0.09530581408024275,mid
2019-06-07,INTC,0.9022626329441098,0.04453623954211028,low
2019-06-07,JD,1.196623424272351,0.1578358794777679,high
2019-06-07,JPM,0.7758271261690193,0.039666490073260396,low
2019-06-07,MARA,1.1088459815071572,0.28372086885492753,mid
2019-06-07,META,1.1974008242656664,0.13296790874760345,high
2019-06-07,MSFT,0.9146029097129177,0.04307461130149126,mid
2019-06-07,MSTR,0.9730577702226183,0.02260466860929533,mid
2019-06-07,MU,1.636362193175076,0.15975275735036232,high
2019-06-07,NVDA,2.0667032330505157,0.10123714825558583,high
2019-06-07,SMCI,1.0986596372687951,0.014168884544083715,mid
2019-06-07,TSLA,0.631467042450782,0.13985330856671419,low
2019-06-07,TSM,0.7122175627690929,0.02859352444816099,low
2019-06-07,V,0.9078200716198717,0.03887092320921437,mid
2020-04-17,AAPL,1.1928127469333398,0.08808346795384381,mid
2020-04-17,AMD,1.4814397381285076,-0.042402787559773,high
2020-04-17,AMZN,0.5501806234536294,0.014644197162829053,low
2020-04-17,AVGO,1.3630457386698602,-0.020573152969751485,mid
2020-04-17,BA,2.9068055376545567,-0.22077922077922074,high
2020-04-17,BABA,0.7795870781671626,-0.027780464554743478,low
2020-04-17,BIDU,1.0005319843809053,-0.0489523751395089,mid
2020-04-17,C,1.863084994533693,-0.07766782254649718,high
2020-04-17,COST,0.5484946989307528,-0.05885134996985386,low
2020-04-17,GOOGL,0.9105476528511867,0.0735418148378777,low
2020-04-17,GS,1.5363117548448484,-0.06332775643417532,high
2020-04-17,INTC,1.1254616353852982,-0.034459937210437386,mid
2020-04-17,JD,0.8932437734674282,0.10184175065750822,low
2020-04-17,JPM,1.298327075686328,-0.09749946154173561,mid
2020-04-17,MARA,0.8410372837599763,0.8604651130554546,low
2020-04-17,META,1.0027764566787287,0.1765230887077558,mid
2020-04-17,MSFT,0.9215514069845008,0.025531900351396297,mid
2020-04-17,MSTR,0.8152043185681731,-0.08654076326506477,low
2020-04-17,MU,1.5575868525920655,-0.02822759067814884,high
2020-04-17,NVDA,1.3894336402297836,0.16184321440439686,high
2020-04-17,SMCI,1.3634078580559958,0.06982083013908658,high
2020-04-17,TSLA,2.089632140568553,0.06006178434106024,high
2020-04-17,TSM,0.7576973869319147,-0.07245296124320044,low
2020-04-17,V,1.144759772822322,0.08228154275957666,mid
2020-11-06,AAPL,1.1599752559115295,0.029994081096688996,mid
2020-11-06,AMD,1.3540014410037806,0.09501634749743326,high
2020-11-06,AMZN,0.7551612731115784,-0.04493305821736615,low
2020-11-06,AVGO,1.1573697078693446,0.08160367217978037,mid
2020-11-06,BA,2.680300837000634,0.4752757614424712,high
2020-11-06,BABA,0.7079664617470687,-0.10901820595513456,low
2020-11-06,BIDU,0.9139157330991341,0.00048616197374129477,low
2020-11-06,C,1.5785697174526472,0.3725122966157177,high
2020-11-06,COST,0.5703081095467171,-0.03171189874551583,low
2020-11-06,GOOGL,0.8739185878327281,0.036386261618944093,low
2020-11-06,GS,1.3583826973750286,0.1904005185835238,high
2020-11-06,INTC,0.9987059903714077,0.14540652957848565,mid
2020-11-06,JD,0.8850692065361779,-0.07892740394605247,low
2020-11-06,JPM,1.0429453112649716,0.1882284132259735,mid
2020-11-06,MARA,2.2886437294422532,1.2406638601866016,high
2020-11-06,META,1.0486126689819437,-0.046726394069598665,mid
2020-11-06,MSFT,0.9602417316936445,-0.04183801430037426,mid
2020-11-06,MSTR,0.8011185011884676,0.7670508970868184,low
2020-11-06,MU,1.1774335639770046,0.32958659428516035,mid
2020-11-06,NVDA,1.3215247861555626,-0.06892939352287364,high
2020-11-06,SMCI,1.3934203203575228,0.09510190881482172,high
2020-11-06,TSLA,2.3857862098653353,0.39327824695730085,high
2020-11-06,TSM,0.7551395398952414,0.134777367916582,low
2020-11-06,V,0.9879188785498377,0.071597679083381,mid
2021-03-05,AAPL,1.1374232976677359,0.013012698524803357,mid
2021-03-05,AMD,1.347029308471158,0.032730512031308834,high
2021-03-05,AMZN,0.7986672619468671,0.053505184701197805,low
2021-03-05,AVGO,1.1379345716636498,0.0573377457066222,mid
2021-03-05,BA,2.4905581879791976,0.13323181314634702,high
2021-03-05,BABA,0.7275225259692104,-0.04074564455156704,low
2021-03-05,BIDU,1.0652096248024545,-0.16055327860489477,mid
2021-03-05,C,1.3088748078396,0.041435225596177405,high
2021-03-05,COST,0.4938491141946124,0.11855538336336169,low
2021-03-05,GOOGL,0.9316179949799417,0.015597934653234002,low
2021-03-05,GS,1.1990924789538806,0.000824814537915497,high
2021-03-05,INTC,0.8129771759362547,0.06272639558786364,low
2021-03-05,JD,1.0203180663170996,-0.06963148308033229,mid
2021-03-05,JPM,0.8605919071708663,0.018554124867872,low
2021-03-05,MARA,2.5416925335655285,0.6267065386996453,high
2021-03-05,META,1.1062647781450023,0.13008931830487724,mid
2021-03-05,MSFT,0.943386273555483,0.04641623366449821,mid
2021-03-05,MSTR,1.199056328832307,0.13433517317160182,mid
2021-03-05,MU,1.0896581522490056,0.039131939109316116,mid
2021-03-05,NVDA,1.4267306417516872,0.1083537476189711,high
2021-03-05,SMCI,1.4540713599851205,0.16779711007998732,high
2021-03-05,TSLA,2.2874423032693745,0.10669786456824926,high
2021-03-05,TSM,0.8353622584467756,0.03311258194493716,low
2021-03-05,V,0.9108154886895543,0.006731335237878167,low
2021-03-19,AAPL,1.1763991935204283,0.11809322485718976,mid
2021-03-19,AMD,1.3675212009079407,0.03908429120548673,high
2021-03-19,AMZN,0.802248377648791,0.10552331677489213,low
2021-03-19,AVGO,1.09043961611993,0.009126216745818594,mid
2021-03-19,BA,2.3095259161193513,-0.029864805057075783,high
2021-03-19,BABA,0.7307904063162755,-0.004587309210247081,low
2021-03-19,BIDU,1.0332891814921756,-0.17054415447984472,mid
2021-03-19,C,1.2129073365951382,-0.007670253000997884,high
2021-03-19,COST,0.5198678939483674,0.12711683163503085,low
2021-03-19,GOOGL,0.9136483040728497,0.12619388078111204,low
2021-03-19,GS,1.1985424874557555,-0.005491035971552316,high
2021-03-19,INTC,0.8562847661517147,0.015527002894108355,low
2021-03-19,JD,1.023392236860248,-0.09354038296347811,mid
2021-03-19,JPM,0.8793519515833983,-0.011860231694788781,low
2021-03-19,MARA,2.3337532715084794,-0.095702648197447,high
2021-03-19,META,1.1180777566145568,0.05539281009147179,mid
2021-03-19,MSFT,0.9997011415157806,0.1319295998507708,mid
2021-03-19,MSTR,1.1605575850680978,-0.10735615429199086,mid
2021-03-19,MU,0.9917466550822579,0.0016572922587396732,mid
2021-03-19,NVDA,1.4628296164255463,0.23873659078178555,high
2021-03-19,SMCI,1.4609369449546856,0.016083018400224303,high
2021-03-19,TSLA,2.2580229493115445,0.12965937787841098,high
2021-03-19,TSM,0.842354009797491,0.04585056068296223,low
2021-03-19,V,0.9319090159095124,0.09429681170211213,low
2021-04-02,AAPL,1.108046754808957,0.06878054238916409,mid
2021-04-02,AMD,1.4181888244650351,0.006536027039425907,high
2021-04-02,AMZN,1.1287044063158786,0.09693767067179704,mid
2021-04-02,AVGO,0.8009120767181211,-0.041496002482699024,low
2021-04-02,BA,1.2420428393073157,-0.07372710570951724,high
2021-04-02,BABA,0.788060716720187,0.029372420752197703,low
2021-04-02,BIDU,1.0234030718803573,-0.042649045276932473,mid
2021-04-02,C,0.8967250663713342,-0.02597759832833435,mid
2021-04-02,COST,0.650739794657926,0.04831800805353148,low
2021-04-02,GOOGL,0.9277947465882946,0.10504375856067094,mid
2021-04-02,GS,0.9589980994200124,0.06351482306251022,mid
2021-04-02,INTC,0.6223035436870142,-0.10875296577185467,low
2021-04-02,JD,1.1847059131354172,-0.08243384117538466,high
2021-04-02,JPM,0.6418504182131076,0.0006505161691436889,low
2021-04-02,MARA,2.8638339913552646,-0.2470829083284095,high
2021-04-02,META,1.1669026099619892,0.08846173771579613,high
2021-04-02,MSFT,0.9488747047202823,0.04056111543098928,mid
2021-04-02,MSTR,1.2874883183708843,-0.06595029854575651,high
2021-04-02,MU,0.7104381122050359,-0.0686073337954507,low
2021-04-02,NVDA,1.3626453227173816,0.08671957587930978,high
2021-04-02,SMCI,1.1119729796774278,-0.06515154872131768,mid
2021-04-02,TSLA,2.3298128558765625,0.07206649571749701,high
2021-04-02,TSM,0.7567470008796382,-0.06458337332448294,low
2021-04-02,V,0.7957116371800083,0.07700819377128121,low
2021-05-14,AAPL,1.1547752589108424,-0.0007846094665794334,mid
2021-05-14,AMD,1.2408957741603337,0.09009252648655064,high
2021-05-14,AMZN,1.1265771008990346,0.0384529617503373,mid
2021-05-14,AVGO,0.7967189460824615,0.06584849029563689,mid
2021-05-14,BA,1.0574991832987373,0.08233027293777262,mid
2021-05-14,BABA,0.7883026464893501,0.010166602733326702,mid
2021-05-14,BIDU,1.2305596473018376,0.007947992450337171,high
2021-05-14,C,0.6155258034407596,-0.0010448563768427066,low
2021-05-14,COST,0.665735836580761,-0.006737492235054043,low
2021-05-14,GOOGL,0.9405407628330253,0.06663509601890394,mid
2021-05-14,GS,0.6624486789103735,0.025164734267334454,low
2021-05-14,INTC,0.645852732655696,0.04516711958300923,low
2021-05-14,JD,1.1194660562960594,0.04460749592753799,mid
2021-05-14,JPM,0.4740868950959208,-0.02268155201083233,low
2021-05-14,MARA,3.2316525963583116,0.15034659119692506,high
2021-05-14,META,1.254753152087861,0.048490242469565015,high
2021-05-14,MSFT,0.9823138285890901,0.03925053794688438,mid
2021-05-14,MSTR,1.6418418660474121,-0.00934184087917389,high
2021-05-14,MU,0.684601740847,-0.004516946350516804,low
2021-05-14,NVDA,1.4388420847214032,0.2515095546877282,high
2021-05-14,SMCI,1.2068695248175685,0.01075566329614941,high
2021-05-14,TSLA,2.129069667168299,0.03416756273952459,high
2021-05-14,TSM,0.7818842033736288,0.051484980994693785,low
2021-05-14,V,0.7324889609879256,0.03533975582172477,low
2021-10-01,AAPL,1.0634872347613282,0.05012274420748963,mid
2021-10-01,AMD,1.4700956526857676,0.1735481399543024,high
2021-10-01,AMZN,1.1004291329782647,0.027159052314123855,mid
2021-10-01,AVGO,0.9023474466080922,0.09094078487815982,low
2021-10-01,BA,0.9346673032929101,-0.08393805849868641,mid
2021-10-01,BABA,0.678326324007646,0.1438280577815012,low
2021-10-01,BIDU,1.376487037667084,0.07032592382463898,high
2021-10-01,C,0.34151108875100267,-0.028378710795250228,low
2021-10-01,COST,0.6254263115849502,0.09637995063194671,low
2021-10-01,GOOGL,0.9591834251185324,0.08424456796135926,mid
2021-10-01,GS,0.5993031259800561,0.08776317395662003,low
2021-10-01,INTC,0.6290979885223622,-0.09023395015367863,low
2021-10-01,JD,1.1282083354344659,0.11796633150864899,mid
2021-10-01,JPM,0.38020007797451255,0.016514057477418076,low
2021-10-01,MARA,3.6397798719602976,0.574917231300162,high
2021-10-01,META,1.092543385752495,-0.0566747380191307,mid
2021-10-01,MSFT,0.9253190506012615,0.14707709483218445,mid
2021-10-01,MSTR,2.546018035721155,0.16752112125668894,high
2021-10-01,MU,0.8431146013874167,-0.026623460297538926,low
2021-10-01,NVDA,1.710551841805241,0.23261974354980164,high
2021-10-01,PLTR,1.802228142925497,0.06370732601401707,high
2021-10-01,SMCI,1.1994255425934461,-0.05247653715356293,high
2021-10-01,TSLA,1.8793710385157147,0.43701140954736206,high
2021-10-01,TSM,1.079546744962014,0.01918249763786939,mid
2021-10-01,V,0.7736209743589229,-0.08109868045179425,low
2021-10-15,AAPL,1.0613916498205478,0.0355565402201421,mid
2021-10-15,AMD,1.4837302184497523,0.3190331409812317,high
2021-10-15,AMZN,1.0857149602934597,0.03406552709383681,mid
2021-10-15,AVGO,0.8897944455509047,0.11916537987751585,low
2021-10-15,BA,0.91262326889533,0.018061249304253568,mid
2021-10-15,BABA,0.5872473975184692,-0.007083347865513345,low
2021-10-15,BIDU,1.3967970417440396,0.042412774150905275,high
2021-10-15,C,0.3260692432251223,-0.04329778964971165,low
2021-10-15,COST,0.6336297711334324,0.14319495604265442,low
2021-10-15,GOOGL,0.9871035282166405,0.05170899888425873,mid
2021-10-15,GS,0.6142022238401122,-0.0028566592981176253,low
2021-10-15,INTC,0.592852698046585,-0.07620267684442295,low
2021-10-15,JD,1.119199984523406,0.05563742177808928,mid
2021-10-15,JPM,0.3271540994425869,0.0015005101679621546,low
2021-10-15,MARA,3.803004574080326,0.5528737802565811,high
2021-10-15,META,1.1129278653221917,0.04966746027151969,mid
2021-10-15,MSFT,0.9236145946620326,0.10686700200123322,mid
2021-10-15,MSTR,2.4336571169867405,0.08252311609357088,high
2021-10-15,MU,0.8363188590633819,0.14213951984640216,low
2021-10-15,NVDA,1.7334075246403875,0.39008325260269094,high
2021-10-15,PLTR,1.944181013800071,-0.048750003178914536,high
2021-10-15,SMCI,1.1237903123375121,0.23278782972688217,high
2021-10-15,TSLA,1.8411447412359325,0.22584006144131674,high
2021-10-15,TSM,1.0173832589172571,0.033344957432548616,mid
2021-10-15,V,0.7479027738182701,-0.08182176157328491,low
2021-12-24,AAPL,1.1337117703667496,-0.07868161568660315,mid
2021-12-24,AMD,1.2718518283576676,-0.18701246712192432,high
2021-12-24,AMZN,1.072356365566294,-0.16616438374492526,mid
2021-12-24,AVGO,0.8504760416292989,-0.19790915810760268,mid
2021-12-24,BA,0.8112198512488694,0.005973955603812975,low
2021-12-24,BABA,0.8839433835556143,0.03851339586873381,mid
2021-12-24,BIDU,1.3955201875600842,0.08825979497404357,high
2021-12-24,C,0.11230742426827621,0.05082214615213543,low
2021-12-24,COST,0.6449972344729803,-0.12493415407027098,low
2021-12-24,GOOGL,1.1795018997883884,-0.11275113415424498,mid
2021-12-24,GS,0.42809806778395687,-0.10682008095274065,low
2021-12-24,INTC,0.3501626862316858,0.014227236848532332,low
2021-12-24,JD,1.2351053369859284,0.07006551277031692,high
2021-12-24,JPM,0.13900773396520508,-0.07745131057633226,low
2021-12-24,MARA,3.539771493929531,-0.4214529544194212,high
2021-12-24,META,1.046119651929855,-0.09566274233637717,mid
2021-12-24,MSFT,0.9427737193204466,-0.11550988490872993,mid
2021-12-24,MSTR,2.3695978803324205,-0.37058990506979594,high
2021-12-24,MU,0.7066231324069376,-0.13228127627604103,low
2021-12-24,NVDA,1.9075727681895387,-0.21140347400008352,high
2021-12-24,PLTR,1.4044260332847918,-0.28526151532750577,high
2021-12-24,SMCI,0.7033382313399893,-0.040028092317552555,low
2021-12-24,TSLA,2.2858309027112864,-0.11537017723219856,high
2021-12-24,TSM,1.015138123867264,0.03190253947949295,mid
2021-12-24,V,0.4544184106966034,-0.04934910295618444,low
2022-07-29,AAPL,0.9865347716186735,0.0068303528882642794,mid
2022-07-29,AMD,1.5126435779678438,-0.03482587988795682,high
2022-07-29,AMZN,1.2568115857258249,-0.031122616103896772,high
2022-07-29,AVGO,1.0006325949798185,-0.02730264046036812,mid
2022-07-29,BA,0.8359918756046625,0.032766312853549806,low
2022-07-29,BABA,0.9176472558560828,0.09656480908800269,mid
2022-07-29,BIDU,0.9063895054458194,0.08156988205471749,mid
2022-07-29,C,0.39211850709089474,-0.04084783592009966,low
2022-07-29,COIN,2.574822237607041,0.060038100925403404,high
2022-07-29,COST,0.8957159171116698,-0.01751335799470921,mid
2022-07-29,GOOGL,0.9903883113282472,-0.05140993270824157,mid
2022-07-29,GS,0.7389224084971832,0.009028402518956424,low
2022-07-29,INTC,0.6829349484070152,-0.08124485407233883,low
2022-07-29,JD,0.812075271109663,0.06655460646172529,low
2022-07-29,JPM,0.6943010816199763,-0.005981297137270691,low
2022-07-29,MARA,3.266427797883995,-0.1262509175169344,high
2022-07-29,META,0.944952657826868,0.01684470504694735,mid
2022-07-29,MSFT,0.9458597373954987,-0.04505946547167561,mid
2022-07-29,MSTR,2.4217141206136965,-0.12885411130431745,high
2022-07-29,MU,1.1412279096174838,-0.06838020531038413,high
2022-07-29,NVDA,1.929491673030001,-0.10477343317396226,high
2022-07-29,PLTR,1.6396888458909744,-0.23285026429216837,high
2022-07-29,SMCI,0.6332101020701109,0.2927235409233284,low
2022-07-29,TSLA,1.9022848009644722,-0.03048964410125443,high
2022-07-29,TSM,0.7467083121808037,-0.04226949990131279,low
2022-07-29,V,0.6839838715082986,-0.04346801751059537,low
2023-11-03,AAPL,1.039199797026452,0.08259276592576259,mid
2023-11-03,AMD,1.550090631426789,0.08142538431758073,high
2023-11-03,AMZN,1.2128340007031928,0.06082245529978669,mid
2023-11-03,AVGO,0.9480123714613063,0.05360948904888674,low
2023-11-03,BA,0.506689732754029,0.19902584700359394,low
2023-11-03,BABA,0.557931985419969,-0.1326925333346688,low
2023-11-03,BIDU,1.1907995696037676,0.0648367020200431,mid
2023-11-03,C,0.6254883632532143,0.11760533407713614,low
2023-11-03,COIN,3.0071478963569933,0.5589742395014468,high
2023-11-03,COST,0.5093666079778381,0.06302366562181105,low
2023-11-03,GOOGL,1.312510498969257,0.02137873258211087,high
2023-11-03,GS,0.543513091586382,0.06351870419615313,low
2023-11-03,INTC,1.2554463921377323,0.14682754007432552,mid
2023-11-03,JD,0.8496606021692372,0.0081662698215752,low
2023-11-03,JPM,0.3605009233091426,0.09678319117406042,low
2023-11-03,MARA,3.2485505676490427,0.45589798421015293,high
2023-11-03,META,1.796942053441219,0.03248569937198398,high
2023-11-03,MSFT,1.0318244361420996,0.061536345589094044,mid
2023-11-03,MSTR,1.4236943615363906,0.16241879115064184,high
2023-11-03,MU,0.9498440309549295,0.04615594364297371,mid
2023-11-03,NVDA,1.6177058675448897,0.039106727691650134,high
2023-11-03,PLTR,2.0615743717339026,0.07305458510874585,high
2023-11-03,SMCI,1.066497752792809,0.057372523289100696,mid
2023-11-03,TSLA,1.8885603166972038,0.08578830033286167,high
2023-11-03,TSM,1.07243654384976,0.07364638924507205,mid
2023-11-03,V,0.49199619037755826,0.05275043424282666,low
2024-04-26,AAPL,0.9343848247183678,0.1221499840697522,mid
2024-04-26,AMD,1.8424682861711459,0.05692507662840085,high
2024-04-26,AMZN,0.9276340008181705,0.006291086257269152,mid
2024-04-26,AVGO,1.878205230179771,0.04744543819450686,high
2024-04-26,BA,0.7809387420319917,0.0436550831148661,low
2024-04-26,BABA,0.5390537423329036,0.07557907152645438,low
2024-04-26,BIDU,0.8837414866051158,-0.0023875633882254332,mid
2024-04-26,C,0.45192685567489804,0.014682444715655052,low
2024-04-26,COIN,1.682929840721703,0.005627905090748397,high
2024-04-26,COST,0.5515751270250917,0.11046653583758448,low
2024-04-26,GOOGL,0.937770749062688,0.017679608019050663,mid
2024-04-26,GS,0.6750533998440018,0.07860697611111123,low
2024-04-26,INTC,1.4333278585586826,-0.03638644535598601,high
2024-04-26,JD,0.5495119556251707,-0.0023071751638816806,low
2024-04-26,JPM,0.4786307225591285,0.03731459515079805,low
2024-04-26,MARA,1.1066645685592131,0.09161084669786224,mid
2024-04-26,META,1.2413799092873388,0.07879715762247219,mid
2024-04-26,MSFT,0.8957177230141128,0.05867295704901809,mid
2024-04-26,MSTR,0.8806646962698571,0.3138382138657716,low
2024-04-26,MU,1.6999479743626518,0.12756887515190352,high
2024-04-26,NVDA,2.0791473809303627,0.21352938997367032,high
2024-04-26,PLTR,2.6001975272719076,-0.06705151856963065,high
2024-04-26,SMCI,2.4474963530374896,0.03083594293187475,high
2024-04-26,TSLA,1.624373650963638,0.06506632981090932,high
2024-04-26,TSM,1.383228928650697,0.15690525285181023,mid
2024-04-26,V,0.4539462207795587,-0.00010927721294418102,low
2025-01-17,AAPL,0.7147248630696945,0.06357079158005163,mid
2025-01-17,AMD,1.8495297652566873,-0.06882924973955729,high
2025-01-17,AMZN,0.9806510151143256,0.012127070039691601,mid
2025-01-17,ARM,3.2818161885366757,0.06887310168583771,high
2025-01-17,AVGO,2.5684757297827243,-0.018531035672303076,high
2025-01-17,BA,0.5119396256726018,0.07791222231794825,low
2025-01-17,BABA,0.5099417837630295,0.4653430372679599,low
2025-01-17,BIDU,0.6107367715468297,0.1755909974614689,low
2025-01-17,C,0.4973539864137591,0.057757255531502016,low
2025-01-17,COIN,2.0108856005213425,-0.07164617788211047,high
2025-01-17,COST,0.6822226558163775,0.13640939027290422,low
2025-01-17,GOOGL,0.7715497638842168,-0.054949001390106944,mid
2025-01-17,GS,0.5404336541211896,0.05529281595132174,low
2025-01-17,INTC,1.2706191907714846,0.09818523186711858,mid
2025-01-17,JD,0.5453338296087852,0.06102566841321111,low
2025-01-17,JPM,0.2470848475492305,0.06725572013228676,low
2025-01-17,MARA,1.827599922121107,-0.151180324055757,mid
2025-01-17,META,0.8273167598895517,0.20219651652292958,mid
2025-01-17,MSFT,0.8999467304575017,-0.04801530466896953,mid
2025-01-17,MSTR,1.3804738580297782,-0.1482219142841661,mid
2025-01-17,MU,2.2387542003708445,-0.05891256129488032,high
2025-01-17,NVDA,2.2019974539784997,0.008278261085391758,high
2025-01-17,PLTR,1.966703431820938,0.6603038767679983,high
2025-01-17,SMCI,3.7011873697632294,0.5545100688452607,high
2025-01-17,TSLA,2.065373886360699,-0.16567410002839245,high
2025-01-17,TSM,1.6872672394981958,-0.03593383500480185,mid
2025-01-17,V,0.2519697014953596,0.10697078707128616,low
2025-05-16,AAPL,0.7986877381899367,-0.07010318064793164,low
2025-05-16,AMD,1.6279230529500996,-0.008619907165822949,high
2025-05-16,AMZN,1.0644273613286617,0.031665012313758734,mid
2025-05-16,ARM,2.409361518898293,-0.0030156196077001374,high
2025-05-16,AVGO,2.3026841041153556,0.08787890417852928,high
2025-05-16,BA,1.1088223392708982,-0.026722377826641996,mid
2025-05-16,BABA,0.5783956058259047,-0.08577674077775443,low
2025-05-16,BIDU,0.777506281042976,-0.03738523029773255,low
2025-05-16,C,0.9960121556021218,0.008452184090475878,mid
2025-05-16,COIN,1.9602738771454777,-0.08913152256561152,high
2025-05-16,COST,0.4844062297989652,-0.03472303949771993,low
2025-05-16,GOOGL,0.7825713344331836,0.051025907713846186,low
2025-05-16,GS,0.9166492904167711,-0.008868796358340036,mid
2025-05-16,INTC,1.3129514943440017,-0.07017546022491195,mid
2025-05-16,JD,0.6774507898458187,-0.023546972682332634,low
2025-05-16,JPM,0.7840907078347462,-0.009754766689257677,low
2025-05-16,MARA,1.5426502044250698,-0.07217761805676814,mid
2025-05-16,META,1.102675355070753,0.06641778817196786,mid
2025-05-16,MSFT,0.8921389243162497,0.04554560710983613,low
2025-05-16,MSTR,1.062714740084302,-0.04234615605978531,mid
2025-05-16,MU,1.9790894685369236,0.1795918211645009,high
2025-05-16,NVDA,1.9124444979340582,0.04852295140605123,high
2025-05-16,PLTR,2.0454018539100245,0.0608399425886903,high
2025-05-16,SMCI,2.773507443868094,-0.09945828820859337,high
2025-05-16,TSLA,1.6846085482459263,-0.07048977842536885,high
2025-05-16,TSM,1.4063430332883837,0.08691177415672424,mid
2025-05-16,V,0.4459936338095109,-0.033605360368537895,low
2025-11-21,AAPL,1.0273543421782094,0.00802984740423529,mid
2025-11-21,AMD,1.3602358880255403,0.04735496100839498,mid
2025-11-21,AMZN,1.139735827518273,0.03017809410681216,mid
2025-11-21,ARM,2.165796777963588,-0.13331312281300756,high
2025-11-21,AVGO,1.8965645539641212,0.00047023262431244994,high
2025-11-21,BA,1.2669709997250433,0.19131889519572298,mid
2025-11-21,BABA,0.7079397105109789,-0.020532266658152443,low
2025-11-21,BIDU,0.9850778304723724,0.1159982253319558,low
2025-11-21,C,1.2583709927910913,0.163728512277296,mid
2025-11-21,COIN,2.1210925130938305,0.019591495292758054,high
2025-11-21,COST,0.29100294745701333,-0.048264217502705486,low
2025-11-21,GOOGL,0.9703408740800393,0.025028365175009615,low
2025-11-21,GS,1.1162652007813563,0.1543221149706333,mid
2025-11-21,INTC,0.9778452031465753,0.06724636796591943,low
2025-11-21,JD,0.7032558577629184,-0.0038023024262423544,low
2025-11-21,JPM,1.0178049440932677,0.06439166213285752,mid
2025-11-21,MARA,1.474592812471877,0.010923596195151486,high
2025-11-21,META,1.1862539280106221,0.1085738654291124,mid
2025-11-21,MSFT,0.783465132796661,0.029229895902039615,low
2025-11-21,MSTR,0.9840331418364877,-0.033313740033907635,low
2025-11-21,MU,1.8075512364065034,0.28234566084384327,high
2025-11-21,NVDA,1.686553007990449,0.011795620263616913,high
2025-11-21,PLTR,2.0157844956980986,0.2488214224127312,high
2025-11-21,SMCI,2.6087061090457033,-0.03355073197988023,high
2025-11-21,TSLA,1.5233998701028408,0.23040736585675337,high
2025-11-21,TSM,1.3356955255501155,0.050498126851319824,mid
2025-11-21,V,0.6152385682985709,0.0648514796670292,low
2026-01-23,AAPL,0.9898224485983594,0.06668276783515581,low
2026-01-23,AMD,1.332281533123353,-0.22924368629978342,mid
2026-01-23,AMZN,1.1799105806140358,-0.12146681136867787,mid
2026-01-23,ARM,2.039891921400432,0.08193333472244779,high
2026-01-23,AVGO,1.896628091054632,0.039368869189478684,high
2026-01-23,BA,1.3084474176635796,-0.07979375611425721,mid
2026-01-23,BABA,0.6053099238938098,-0.10841077897868556,low
2026-01-23,BIDU,0.8015317932769371,-0.15844896831154842,low
2026-01-23,C,1.208599816254581,0.02121668931954579,mid
2026-01-23,COIN,2.0562691885031064,-0.21018663971498175,high
2026-01-23,COST,0.3028124592370913,0.0020544312547674526,low
2026-01-23,GOOGL,0.9573294318907696,-0.03949008013505051,low
2026-01-23,GS,1.0535841291864085,0.0036566094960257534,mid
2026-01-23,INTC,1.1631945377492083,-0.0213001795201454,mid
2026-01-23,JD,0.5721935744820571,-0.0814343261645405,low
2026-01-23,JPM,1.0186560258245447,0.04390033343621358,mid
2026-01-23,MARA,1.4666101048204394,-0.2409524009341285,high
2026-01-23,META,1.2300896792119946,-0.004705866438669659,mid
2026-01-23,MSFT,0.8219471769337438,-0.1474836343392335,low
2026-01-23,MSTR,0.8018679699812162,-0.19655445673855942,low
2026-01-23,MU,1.922761048865177,0.07136249209761569,high
2026-01-23,NVDA,1.6538484620007992,0.0114563285354643,high
2026-01-23,PLTR,2.0457562086346037,-0.20259433593050624,high
2026-01-23,SMCI,2.14998032285059,0.02271285137783363,high
2026-01-23,TSLA,1.4247797934504205,-0.08292876327626097,high
2026-01-23,TSM,1.2753949250422885,0.10651898930285375,mid
2026-01-23,V,0.5999447323353596,-0.016034032087150485,low
2026-04-10,AAPL,0.8207678283802853,0.12607491919836522,low
2026-04-10,AMD,1.1458910148138575,0.8576151441119313,mid
2026-04-10,AMZN,1.321275152868304,0.14388785590398245,mid
2026-04-10,ARM,1.5304780575349728,0.4320151397358023,high
2026-04-10,AVGO,1.879126703097565,0.15731399307594685,high
2026-04-10,BA,1.110833946204485,0.0906584353483939,mid
2026-04-10,BABA,0.5715335065031752,0.09997640418186449,low
2026-04-10,BIDU,0.853386572394654,0.3010792204322794,low
2026-04-10,C,0.9333576403421309,0.009325537967691977,low
2026-04-10,COIN,2.4949628624147397,0.19845097615338148,high
2026-04-10,COST,0.22216938711385617,0.010335821433819836,low
2026-04-10,GOOGL,1.1909085455916772,0.2633967977897749,mid
2026-04-10,GS,0.8983376625802442,0.03159285422057301,low
2026-04-10,INTC,1.0276115957457472,1.002564861012749,mid
2026-04-10,JD,0.39554369366214664,0.04147939311898763,low
2026-04-10,JPM,0.8753046042798053,-0.02507499640529376,low
2026-04-10,MARA,1.8405317806936448,0.3563940914177808,high
2026-04-10,META,1.4180109007924904,-0.03211821823775396,mid
2026-04-10,MSFT,1.0511385220125224,0.11931404692368797,mid
2026-04-10,MSTR,1.1694837504962738,0.4582555754659454,mid
2026-04-10,MU,1.6859831378919174,0.7756247273143102,high
2026-04-10,NVDA,1.5986010011874996,0.14085771816597492,high
2026-04-10,PLTR,2.073925521009374,0.0760581421119233,high
2026-04-10,SMCI,2.0964508496784156,0.4002374747187585,high
2026-04-10,TSLA,1.4566580018668855,0.2275397366926486,high
2026-04-10,TSM,1.1299190284969571,0.11084723663169949,mid
2026-04-10,V,0.6074566814697833,0.0474110391899627,low
