ticker,entry_date,exit_date,entry_price,exit_price,return_pct,bars_held,exit_type,rsi_at_entry,vix_at_entry,year
AAPL,2022-05-11,2022-05-18,146.59,140.82,-3.9361,10,hard_max,33.29,29.58,2022
AAPL,2022-05-19,2022-05-26,137.133,143.47,4.6211,10,ema21,30.61,28.56,2022
AAPL,2022-10-07,2022-10-13,140.1,142.93,2.02,8,ema21,34.66,26.81,2022
AAPL,2025-04-04,2025-04-11,190.99,196.85,3.0682,10,hard_max,21.35,30.02,2025
AMD,2022-01-27,2022-02-01,102.57,116.82,13.893,6,ema21,26.92,27.82,2022
AMD,2022-06-29,2022-07-07,77.36,78.9802,2.0944,10,hard_max,30.89,25.38,2022
AMD,2022-09-22,2022-09-29,69.5,64.15,-7.6978,10,hard_max,25.98,25.04,2022
AMD,2022-10-07,2022-10-14,58.42,55.97,-4.1938,10,hard_max,26.74,26.81,2022
AMD,2024-08-06,2024-08-13,130.14,140.67,8.0913,9,ema21,31.55,29.35,2024
AMD,2025-03-11,2025-03-12,96.13,100.99,5.0557,2,ema21,29.29,27.86,2025
AMD,2025-04-04,2025-04-09,86.31,96.71,12.0496,7,ema21,23.69,30.02,2025
AMD,2025-11-21,2025-12-01,201.56,219.81,9.0544,10,hard_max,27.27,26.42,2025
AMZN,2021-12-03,2021-12-07,168.8455,177.063,4.8669,4,ema21,34.17,25.38,2021
AMZN,2022-01-27,2022-01-31,140.001,147.8165,5.5825,4,ema21,31.78,27.82,2022
AMZN,2022-04-27,2022-05-04,139.849,121.794,-12.9104,10,hard_max,30.06,28.86,2022
AMZN,2022-05-10,2022-05-17,108.514,113.3215,4.4303,10,hard_max,23.11,30.52,2022
AMZN,2022-09-22,2022-09-29,116.7215,114.2221,-2.1413,10,hard_max,27.61,25.04,2022
ARM,2024-08-06,2024-08-13,113.32,124.11,9.5217,9,ema21,29.9,29.35,2024
ARM,2025-03-11,2025-03-17,110.62,120.57,8.9948,8,ema21,27.58,27.86,2025
ARM,2025-04-04,2025-04-09,88.35,106.47,20.5093,7,ema21,21.61,30.02,2025
ARM,2025-11-21,2025-12-01,130.21,135.04,3.7094,10,hard_max,22.06,26.42,2025
AVGO,2022-05-20,2022-05-26,51.25,55.19,7.6878,8,ema21,29.65,26.81,2022
AVGO,2022-06-14,2022-06-22,52.09,50.07,-3.8779,10,hard_max,33.43,29.82,2022
AVGO,2022-06-29,2022-07-07,49.05,49.78,1.4883,10,ema21,32.73,25.38,2022
AVGO,2022-09-22,2022-09-29,47.74,45.02,-5.6975,10,hard_max,31.91,25.04,2022
AVGO,2022-10-14,2022-10-21,42.71,44.38,3.9101,9,ema21,32.25,27.69,2022
AVGO,2025-04-04,2025-04-09,142.47,174.47,22.4609,6,ema21,21.77,30.02,2025
BA,2022-01-27,2022-02-01,188.79,208.75,10.5726,6,ema21,31.38,27.82,2022
BA,2022-02-23,2022-02-28,198.86,205.34,3.2586,7,ema21,34.28,25.35,2022
BA,2022-03-04,2022-03-11,182.1,179.0,-1.7024,10,hard_max,31.0,26.82,2022
BA,2022-04-27,2022-05-04,153.26,152.31,-0.6199,10,hard_max,19.06,28.86,2022
BA,2022-05-06,2022-05-13,148.34,124.51,-16.0644,10,hard_max,32.69,28.46,2022
BA,2022-09-22,2022-09-29,138.67,125.39,-9.5767,10,hard_max,28.81,25.04,2022
BA,2024-08-06,2024-08-13,165.04,168.74,2.2419,10,hard_max,32.7,29.35,2024
BA,2025-04-04,2025-04-09,137.58,160.78,16.8629,7,ema21,18.98,30.02,2025
BA,2025-11-21,2025-11-26,179.69,187.47,4.3297,6,ema21,18.78,26.42,2025
BABA,2021-12-02,2021-12-09,121.0,124.78,3.124,10,hard_max,15.9,26.81,2021
BABA,2022-01-27,2022-01-31,111.855,123.01,9.9727,4,ema21,32.73,27.82,2022
BABA,2022-03-03,2022-03-10,102.27,92.02,-10.0225,10,hard_max,31.59,26.97,2022
BABA,2022-05-10,2022-05-17,84.535,90.3686,6.9008,10,ema21,33.52,30.52,2022
BABA,2022-09-22,2022-09-29,80.52,78.32,-2.7322,10,hard_max,28.03,25.04,2022
BABA,2022-10-14,2022-10-21,73.04,72.19,-1.1637,10,hard_max,27.03,27.69,2022
BIDU,2021-12-02,2021-12-07,146.4,150.56,2.8415,6,ema21,32.17,26.81,2021
BIDU,2022-03-08,2022-03-15,137.675,105.7452,-23.1922,10,hard_max,31.43,31.12,2022
BIDU,2022-05-10,2022-05-13,108.03,117.11,8.4051,6,ema21,32.39,30.52,2022
BIDU,2022-09-22,2022-09-29,119.0025,117.755,-1.0483,10,hard_max,27.83,25.04,2022
BIDU,2022-10-12,2022-10-19,107.39,95.22,-11.3325,10,hard_max,24.52,29.05,2022
BIDU,2022-10-19,2022-10-26,93.27,84.225,-9.6977,10,hard_max,19.3,26.98,2022
BIDU,2025-04-08,2025-04-14,76.64,85.75,11.8867,8,ema21,21.12,46.98,2025
C,2022-02-18,2022-02-28,63.85,59.22,-7.2514,10,hard_max,34.72,25.53,2022
C,2022-03-08,2022-03-15,54.86,55.13,0.4922,10,hard_max,26.01,31.12,2022
C,2022-05-12,2022-05-17,45.99,51.37,11.6982,6,ema21,29.9,29.28,2022
C,2022-06-14,2022-06-22,46.02,47.18,2.5206,10,hard_max,27.29,29.82,2022
C,2022-06-23,2022-06-24,45.75,47.96,4.8306,2,ema21,34.8,26.33,2022
C,2022-09-22,2022-09-29,45.54,42.41,-6.8731,10,hard_max,28.06,25.04,2022
C,2025-04-04,2025-04-11,58.1,60.95,4.9053,10,hard_max,18.91,30.02,2025
COIN,2021-12-02,2021-12-09,288.51,262.67,-8.9564,10,hard_max,32.1,26.81,2021
COIN,2022-03-04,2022-03-09,165.73,179.38,8.2363,5,ema21,34.2,26.82,2022
COIN,2022-04-27,2022-05-04,124.6253,122.11,-2.0183,10,hard_max,22.94,28.86,2022
COIN,2022-05-06,2022-05-13,105.97,72.33,-31.7448,10,hard_max,29.38,28.46,2022
COIN,2022-06-14,2022-06-21,51.58,58.94,14.2691,7,ema21,28.71,29.82,2022
COIN,2025-03-11,2025-03-18,183.95,182.22,-0.9405,10,hard_max,29.11,27.86,2025
COIN,2025-04-08,2025-04-09,151.03,177.2,17.3277,2,ema21,30.34,46.98,2025
COIN,2025-11-21,2025-11-28,239.25,272.86,14.0481,8,ema21,26.54,26.42,2025
COST,2022-05-04,2022-05-11,528.51,490.96,-7.1049,10,hard_max,31.61,26.83,2022
COST,2022-05-11,2022-05-18,489.13,429.47,-12.1972,10,hard_max,25.57,29.58,2022
COST,2022-05-19,2022-05-26,424.4285,464.535,9.4495,10,ema21,14.91,28.56,2022
COST,2022-09-22,2022-09-29,487.0566,477.635,-1.9344,10,hard_max,27.88,25.04,2022
COST,2025-03-11,2025-03-18,923.23,900.0,-2.5162,10,hard_max,24.75,27.86,2025
GOOGL,2022-04-29,2022-05-04,114.0875,122.351,7.2431,6,ema21,30.13,27.12,2022
GOOGL,2022-05-20,2022-05-27,105.9565,111.9905,5.6948,10,ema21,29.98,26.81,2022
GOOGL,2025-04-04,2025-04-09,145.53,158.67,9.0291,6,ema21,24.4,30.02,2025
GS,2022-02-18,2022-02-28,344.4,341.04,-0.9756,10,hard_max,31.89,25.53,2022
GS,2022-03-04,2022-03-09,326.98,337.06,3.0828,6,ema21,34.82,26.82,2022
GS,2022-05-12,2022-05-17,298.3426,311.3423,4.3573,6,ema21,33.64,29.28,2022
GS,2022-09-22,2022-09-29,312.74,296.11,-5.3175,10,hard_max,34.4,25.04,2022
GS,2025-04-04,2025-04-09,472.47,516.69,9.3593,7,ema21,23.31,30.02,2025
GS,2026-03-13,2026-03-20,785.92,822.34,4.6341,10,ema21,29.51,27.29,2026
INTC,2022-03-15,2022-03-16,44.305,46.62,5.2251,3,ema21,32.06,29.01,2022
INTC,2022-05-12,2022-05-17,42.455,44.12,3.9218,6,ema21,34.87,29.28,2022
INTC,2022-05-20,2022-05-26,40.335,43.495,7.8344,8,ema21,29.9,26.81,2022
INTC,2022-06-14,2022-06-22,37.98,37.635,-0.9084,10,hard_max,23.01,29.82,2022
INTC,2022-09-22,2022-09-29,28.22,26.3612,-6.5868,10,hard_max,27.09,25.04,2022
INTC,2022-10-07,2022-10-13,25.9,26.42,2.0077,9,ema21,31.73,26.81,2022
JD,2022-03-04,2022-03-11,64.6392,48.9871,-24.2146,10,hard_max,30.64,26.82,2022
JD,2022-05-10,2022-05-17,50.91,52.85,3.8106,10,hard_max,32.98,30.52,2022
JD,2022-09-22,2022-09-29,53.27,50.82,-4.5992,10,hard_max,29.63,25.04,2022
JD,2022-10-07,2022-10-14,49.685,42.6,-14.2598,10,hard_max,34.77,26.81,2022
JD,2022-10-14,2022-10-21,42.3,42.16,-0.331,10,hard_max,19.54,27.69,2022
JPM,2022-02-24,2022-03-03,140.1629,138.745,-1.0116,10,hard_max,22.66,26.89,2022
JPM,2022-03-04,2022-03-11,133.6538,129.18,-3.3473,10,hard_max,31.96,26.82,2022
JPM,2022-05-12,2022-05-17,116.61,121.68,4.3478,6,ema21,31.73,29.28,2022
JPM,2022-06-14,2022-06-22,114.61,115.65,0.9074,10,hard_max,22.7,29.82,2022
JPM,2022-09-22,2022-09-29,111.57,105.87,-5.1089,10,hard_max,34.77,25.04,2022
JPM,2025-04-04,2025-04-09,211.93,234.27,10.5412,7,ema21,20.81,30.02,2025
JPM,2025-11-21,2025-11-26,297.1,307.25,3.4164,6,ema21,34.02,26.42,2025
MARA,2022-01-26,2022-02-01,21.4,24.955,16.6121,7,ema21,31.8,27.66,2022
MARA,2022-05-06,2022-05-13,15.19,11.475,-24.4569,10,hard_max,31.83,28.46,2022
MARA,2022-06-29,2022-07-07,5.755,6.495,12.8584,10,ema21,30.58,25.38,2022
MARA,2025-04-08,2025-04-09,10.46,12.3,17.5908,2,ema21,33.31,46.98,2025
MARA,2025-11-21,2025-12-01,10.02,11.51,14.8703,10,hard_max,19.77,26.42,2025
META,2021-12-02,2021-12-07,308.3852,323.96,5.0504,6,ema21,27.56,26.81,2021
META,2022-01-26,2022-01-31,294.61,309.67,5.1118,5,ema21,33.65,27.66,2022
META,2022-02-18,2022-02-28,206.6101,208.81,1.0648,10,hard_max,24.44,25.53,2022
META,2022-03-04,2022-03-11,199.94,189.9617,-4.9906,10,hard_max,33.67,26.82,2022
META,2022-06-14,2022-06-22,165.47,158.9699,-3.9283,10,hard_max,27.83,29.82,2022
META,2022-09-27,2022-10-04,134.83,140.04,3.8641,10,hard_max,22.73,27.66,2022
META,2022-10-12,2022-10-17,127.19,134.12,5.4485,6,ema21,28.52,29.05,2022
META,2025-04-08,2025-04-09,510.74,584.47,14.4359,2,ema21,28.34,46.98,2025
META,2026-03-13,2026-03-20,615.77,594.48,-3.4575,10,hard_max,33.73,27.29,2026
MSFT,2021-12-03,2021-12-07,319.37,334.835,4.8423,4,ema21,33.49,25.38,2021
MSFT,2022-05-11,2022-05-18,260.66,254.14,-2.5013,10,hard_max,34.67,29.58,2022
MSFT,2025-03-11,2025-03-14,377.19,388.32,2.9508,7,ema21,31.67,27.86,2025
MSFT,2025-04-08,2025-04-09,355.5,379.13,6.647,1,ema21,26.45,46.98,2025
MSFT,2025-11-21,2025-11-28,472.85,492.08,4.0668,8,ema21,24.21,26.42,2025
MSTR,2022-01-26,2022-02-02,35.37,34.917,-1.2807,10,hard_max,29.5,27.66,2022
MSTR,2022-04-27,2022-05-04,39.022,33.7105,-13.6116,10,hard_max,32.75,28.86,2022
MSTR,2022-05-06,2022-05-13,29.665,20.2165,-31.8507,10,hard_max,27.27,28.46,2022
MU,2022-01-27,2022-02-02,78.71,83.53,6.1237,7,ema21,31.83,27.82,2022
MU,2022-06-14,2022-06-22,58.798,56.55,-3.8233,10,hard_max,23.09,29.82,2022
MU,2022-06-29,2022-07-06,55.565,57.395,3.2934,8,ema21,33.54,25.38,2022
MU,2025-04-04,2025-04-09,65.05,77.89,19.7387,7,ema21,17.7,30.02,2025
NVDA,2022-05-11,2022-05-17,16.991,17.955,5.6738,8,ema21,33.42,29.58,2022
NVDA,2022-07-01,2022-07-07,14.4471,15.786,9.2676,6,ema21,30.46,25.87,2022
NVDA,2022-09-22,2022-09-29,12.559,12.225,-2.6594,10,hard_max,32.11,25.04,2022
NVDA,2022-10-12,2022-10-19,11.501,12.057,4.8344,10,ema21,33.37,29.05,2022
NVDA,2025-04-04,2025-04-09,94.12,108.0,14.7471,6,ema21,23.12,30.02,2025
PLTR,2021-12-02,2021-12-09,19.25,19.375,0.6494,10,hard_max,25.6,26.81,2021
PLTR,2022-01-26,2022-02-01,12.75,14.3001,12.1576,7,ema21,30.88,27.66,2022
PLTR,2022-02-18,2022-02-28,10.845,11.695,7.8377,10,hard_max,28.93,25.53,2022
PLTR,2022-04-27,2022-05-04,10.74,10.45,-2.7002,10,hard_max,26.18,28.86,2022
PLTR,2022-05-06,2022-05-13,9.72,8.2472,-15.1523,10,hard_max,30.04,28.46,2022
PLTR,2025-11-21,2025-11-26,153.91,167.88,9.0767,6,ema21,27.94,26.42,2025
SMCI,2022-06-14,2022-06-22,4.634,4.337,-6.4091,10,hard_max,30.94,29.82,2022
SMCI,2022-06-23,2022-06-30,4.2555,4.055,-4.7115,10,hard_max,30.58,26.33,2022
SMCI,2022-09-22,2022-09-29,5.35,5.4305,1.5047,10,hard_max,27.21,25.04,2022
SMCI,2022-10-12,2022-10-17,5.242,5.612,7.0584,6,ema21,33.8,29.05,2022
SMCI,2025-11-21,2025-12-01,31.84,33.41,4.9309,10,hard_max,25.62,26.42,2025
TSLA,2022-01-27,2022-02-03,276.42,297.2011,7.5179,10,hard_max,30.46,27.82,2022
TSLA,2022-05-10,2022-05-17,265.7507,252.2133,-5.094,10,hard_max,32.71,30.52,2022
TSLA,2022-10-04,2022-10-11,244.52,221.66,-9.3489,10,hard_max,26.2,26.72,2022
TSLA,2022-10-14,2022-10-21,205.07,214.5,4.5984,10,hard_max,20.93,27.69,2022
TSLA,2025-03-11,2025-03-18,223.83,226.95,1.3939,10,hard_max,19.17,27.86,2025
TSLA,2025-11-21,2025-11-24,394.68,418.61,6.0631,2,ema21,34.78,26.42,2025
TSM,2022-01-27,2022-02-02,116.37,124.15,6.6856,8,ema21,34.45,27.82,2022
TSM,2022-03-04,2022-03-11,105.04,103.25,-1.7041,10,hard_max,30.56,26.82,2022
TSM,2022-04-27,2022-05-04,91.2,93.25,2.2478,10,hard_max,25.25,28.86,2022
TSM,2022-05-11,2022-05-13,87.83,90.8501,3.4386,3,ema21,33.96,29.58,2022
TSM,2022-09-22,2022-09-29,75.65,69.31,-8.3807,10,hard_max,28.79,25.04,2022
TSM,2022-10-14,2022-10-21,63.88,63.75,-0.2035,10,hard_max,33.34,27.69,2022
TSM,2025-04-04,2025-04-09,145.8,158.67,8.8272,7,ema21,22.72,30.02,2025
V,2022-03-04,2022-03-11,200.14,196.78,-1.6788,10,hard_max,28.3,26.82,2022
V,2022-05-10,2022-05-17,192.64,201.97,4.8432,10,ema21,31.92,30.52,2022
V,2022-09-22,2022-09-29,185.765,180.05,-3.0765,10,hard_max,23.66,25.04,2022
V,2025-04-04,2025-04-09,313.04,332.25,6.1366,6,ema21,24.19,30.02,2025
