ticker,entry_date,entry_bar,entry_price,gap_pct,gap_midpoint,prior_close,exit_date,exit_bar,exit_price,exit_reason,return_pct,hold_bars
AAPL,2022-02-24,1,157.92,-4.7387,156.375,160.17,2022-02-24,2,162.77,midpoint,3.0712,1
AAPL,2023-09-07,1,176.5815,-4.2209,179.04,182.9,2023-09-08,1,179.585,midpoint,1.7009,2
AAPL,2024-08-05,1,210.8,-9.4222,209.445,219.8,2024-08-07,1,211.04,midpoint,0.1139,4
AAPL,2025-04-03,1,204.01,-8.1714,214.685,223.83,2025-04-14,2,202.58,hard_max,-0.7009,15
AMD,2022-02-24,1,109.32,-4.7116,107.145,109.73,2022-02-24,2,116.62,midpoint,6.6776,1
AMD,2022-08-03,1,97.5,-4.4438,97.035,99.24,2022-08-03,2,98.09,midpoint,0.6051,1
AMD,2022-09-13,1,78.51,-4.365,82.8025,84.65,2022-09-22,2,69.5,hard_max,-11.4762,15
AMD,2022-10-07,1,60.12,-5.6455,65.925,67.84,2022-10-18,2,57.94,hard_max,-3.6261,15
AMD,2023-05-03,1,81.78,-7.09,86.7275,89.915,2023-05-04,1,88.25,midpoint,7.9115,2
AMD,2024-05-01,1,144.24,-6.4726,153.235,158.36,2024-05-06,1,155.03,midpoint,7.4806,6
AMD,2024-07-17,1,162.88,-4.338,173.65,177.5,2024-07-26,2,140.02,hard_max,-14.0349,15
AMD,2024-08-05,1,136.6,-7.8177,127.34,132.52,2024-08-05,2,134.85,midpoint,-1.2811,1
AMD,2025-01-27,1,114.46,-4.1185,120.33,122.86,2025-02-05,2,112.01,hard_max,-2.1405,15
AMD,2025-04-03,1,96.03,-5.049,100.39,102.99,2025-04-14,2,94.48,hard_max,-1.6141,15
AMD,2025-04-16,1,88.79,-7.9492,91.445,95.23,2025-04-23,1,91.64,midpoint,3.2098,8
AMD,2025-08-06,1,163.73,-5.3839,169.715,174.41,2025-08-07,1,171.5,midpoint,4.7456,2
AMD,2025-09-18,1,155.73,-5.1537,155.01,159.11,2025-09-18,2,157.87,midpoint,1.3742,1
AMD,2025-11-25,1,200.16,-6.3314,208.155,214.96,2025-11-26,1,213.4,midpoint,6.6147,2
AMZN,2021-07-30,1,167.526,-7.0028,173.7001,180.0027,2021-08-10,2,166.066,hard_max,-0.8715,15
AMZN,2021-10-29,1,167.6968,-4.1945,168.613,172.225,2021-10-29,2,168.6215,midpoint,0.5514,1
AMZN,2022-02-03,1,140.6927,-5.896,146.1778,150.618,2022-02-04,1,159.8165,midpoint,13.5926,2
AMZN,2022-04-29,1,124.877,-10.5615,137.5157,145.1825,2022-05-10,2,108.858,hard_max,-12.8278,15
AMZN,2022-06-13,1,103.67,-4.9708,106.915,109.64,2022-06-15,2,107.67,midpoint,3.8584,5
AMZN,2022-07-26,1,115.72,-4.4164,118.465,121.14,2022-07-27,1,118.9,midpoint,2.748,2
AMZN,2022-09-13,1,129.945,-4.0079,133.745,136.48,2022-09-22,2,117.27,hard_max,-9.7541,15
AMZN,2022-10-13,1,112.05,-4.4379,110.385,112.89,2022-10-13,2,112.46,midpoint,0.3659,1
AMZN,2022-10-28,1,101.893,-12.114,104.6525,111.4,2022-11-08,2,90.0,hard_max,-11.672,15
AMZN,2023-02-03,1,105.9,-6.734,109.06,112.86,2023-02-14,2,99.64,hard_max,-5.9112,15
AMZN,2024-08-02,1,165.37,-9.3799,175.38,184.01,2024-08-13,2,170.23,hard_max,2.9389,15
AMZN,2025-04-03,1,181.04,-6.6435,189.47,195.98,2025-04-09,2,190.82,midpoint,5.4021,9
ARM,2023-09-18,1,55.2501,-4.7188,59.385,60.82,2023-09-27,2,53.095,hard_max,-3.9006,15
ARM,2023-11-09,1,51.43,-6.236,52.6959,54.3919,2023-11-14,1,53.36,midpoint,3.7527,6
ARM,2024-02-09,1,114.8685,-6.9447,109.945,113.9,2024-02-09,2,115.205,midpoint,0.2929,1
ARM,2024-02-13,1,122.43,-13.9903,138.54,148.96,2024-02-23,2,133.3,hard_max,8.8785,15
ARM,2024-04-19,1,91.93,-4.6711,102.45,104.9,2024-04-29,1,102.56,midpoint,11.5631,12
ARM,2024-05-09,1,103.87,-6.4373,102.685,106.1,2024-05-09,2,103.52,midpoint,-0.337,1
ARM,2024-07-17,1,163.71,-4.8318,174.295,178.61,2024-07-26,2,149.15,hard_max,-8.8938,15
ARM,2024-08-01,1,119.62,-10.742,136.455,144.2,2024-08-12,2,117.15,hard_max,-2.0649,15
ARM,2024-10-31,1,141.68,-5.8831,149.8,154.34,2024-11-07,1,150.33,midpoint,6.1053,10
ARM,2025-01-23,1,165.21,-5.3389,175.195,180.0,2025-02-03,2,155.56,hard_max,-5.8411,15
ARM,2025-02-06,1,167.38,-6.6713,167.79,173.58,2025-02-18,2,160.4,hard_max,-4.1702,15
ARM,2025-03-10,1,117.13,-4.2755,122.915,125.6,2025-03-19,2,117.96,hard_max,0.7086,15
ARM,2025-04-03,1,98.85,-6.2471,104.675,108.05,2025-04-09,2,106.47,midpoint,7.7086,9
ARM,2025-04-10,1,99.33,-6.9503,102.77,106.47,2025-04-11,1,103.95,midpoint,4.6512,2
ARM,2025-04-16,1,101.5,-5.5422,100.875,103.75,2025-04-16,2,101.18,midpoint,-0.3153,1
ARM,2025-05-08,1,118.4,-4.0335,121.705,124.21,2025-05-12,1,124.63,midpoint,5.2618,4
ARM,2025-05-19,1,132.3,-4.098,133.135,135.92,2025-05-27,1,135.56,midpoint,2.4641,10
ARM,2025-07-31,1,141.72,-9.0608,155.835,163.23,2025-08-11,2,140.95,hard_max,-0.5433,15
ARM,2025-11-04,1,160.96,-4.0811,165.14,168.58,2025-11-13,2,140.33,hard_max,-12.8168,15
AVGO,2023-09-21,1,81.96,-4.274,81.285,83.06,2023-09-22,1,82.44,midpoint,0.5857,2
AVGO,2024-03-11,1,129.29,-8.6888,133.87,139.95,2024-03-20,2,127.63,hard_max,-1.2839,15
AVGO,2024-07-17,1,157.9,-4.1854,165.855,169.4,2024-07-26,2,151.68,hard_max,-3.9392,15
AVGO,2024-08-05,1,142.76,-9.943,136.765,143.92,2024-08-05,2,142.18,midpoint,-0.4063,1
AVGO,2024-09-06,1,139.21,-6.3603,148.115,152.98,2024-09-10,2,148.22,midpoint,6.4722,5
AVGO,2025-01-27,1,196.87,-12.6984,228.92,244.44,2025-02-05,1,237.03,midpoint,20.3992,14
AVGO,2025-04-03,1,157.89,-6.6736,166.28,172.02,2025-04-09,1,174.47,midpoint,10.501,8
AVGO,2025-04-10,1,171.25,-5.2264,179.815,184.64,2025-04-11,2,181.84,midpoint,6.1839,3
AVGO,2025-04-16,1,173.64,-4.7742,174.61,178.88,2025-04-23,1,178.61,midpoint,2.8622,8
BA,2021-11-26,1,199.21,-6.1693,204.065,210.56,2021-12-06,1,205.3799,midpoint,3.0972,11
BA,2022-03-21,1,184.15,-4.3618,188.605,192.81,2022-03-22,1,192.6,midpoint,4.5887,2
BA,2023-04-14,1,200.43,-5.1589,208.1,213.61,2023-04-18,2,208.33,midpoint,3.9415,5
BA,2024-01-08,1,230.815,-8.4227,238.485,248.97,2024-01-18,2,211.58,hard_max,-8.3335,15
BA,2024-08-05,1,167.23,-4.3719,166.235,169.95,2024-08-05,2,167.02,midpoint,-0.1256,1
BA,2025-04-03,1,155.22,-5.078,164.29,168.57,2025-04-14,2,159.38,hard_max,2.6801,15
BA,2025-06-12,1,204.45,-5.5325,208.09,214.01,2025-06-24,2,201.05,hard_max,-1.663,15
BABA,2021-07-27,1,180.3301,-4.3154,187.73,191.87,2021-07-28,1,195.06,midpoint,8.1683,2
BABA,2021-11-18,1,144.18,-9.1016,154.265,161.62,2021-12-01,1,125.34,hard_max,-13.067,15
BABA,2021-12-22,1,117.76,-4.7584,120.015,122.94,2021-12-30,1,123.47,midpoint,4.8488,10
BABA,2022-01-18,1,128.21,-4.0429,128.93,131.59,2022-01-19,1,130.29,midpoint,1.6223,2
BABA,2022-02-07,1,115.15,-5.0384,119.18,122.26,2022-02-08,1,120.72,midpoint,4.8372,2
BABA,2022-02-22,1,112.8199,-4.2017,116.5,119.0,2022-03-03,2,102.06,hard_max,-9.5372,15
BABA,2022-03-10,1,92.02,-5.6731,98.0525,100.915,2022-03-16,2,104.93,midpoint,14.0296,9
BABA,2022-03-17,1,99.39,-5.518,102.035,104.93,2022-03-18,1,110.31,midpoint,10.987,2
BABA,2022-03-21,1,101.685,-5.0342,105.535,108.26,2022-03-22,1,116.435,midpoint,14.5056,2
BABA,2022-03-25,1,112.95,-4.0122,112.84,115.15,2022-03-25,2,113.015,midpoint,0.0575,1
BABA,2022-04-25,1,85.12,-4.3488,84.58,86.46,2022-04-25,2,85.8,midpoint,0.7989,1
BABA,2022-06-13,1,98.9,-5.6848,106.7325,109.855,2022-06-15,2,108.03,midpoint,9.2315,5
BABA,2022-06-16,1,102.23,-4.8505,105.41,108.03,2022-06-21,1,105.605,midpoint,3.3014,4
BABA,2022-07-11,1,110.62,-4.5706,118.225,120.99,2022-07-20,2,103.96,hard_max,-6.0206,15
BABA,2022-07-29,1,91.275,-6.2674,97.37,100.52,2022-08-04,1,97.83,midpoint,7.1816,8
BABA,2022-08-05,1,91.51,-4.5632,95.295,97.52,2022-08-11,1,95.4869,midpoint,4.3459,8
BABA,2022-09-13,1,91.01,-4.201,92.75,94.74,2022-09-22,2,80.76,hard_max,-11.2625,15
BABA,2022-10-13,1,75.36,-4.58,73.9737,75.7074,2022-10-13,2,74.96,midpoint,-0.5308,1
BABA,2022-10-24,1,61.2105,-12.1901,67.79,72.19,2022-10-26,1,68.31,midpoint,11.5985,4
BABA,2022-10-27,1,67.29,-4.5508,67.0,68.56,2022-11-01,1,67.02,midpoint,-0.4012,6
BABA,2022-12-07,1,88.8,-4.7379,89.225,91.39,2022-12-08,1,93.88,midpoint,5.7207,2
BABA,2023-01-30,1,112.19,-5.6353,115.025,118.36,2023-02-08,2,105.13,hard_max,-6.2929,15
BABA,2023-02-24,1,88.7444,-4.3843,92.135,94.2,2023-03-07,2,88.72,hard_max,-0.0275,15
BABA,2023-11-16,1,78.925,-8.6712,83.295,87.07,2023-11-29,1,74.9015,hard_max,-5.0979,15
BABA,2024-02-07,1,73.97,-4.6611,76.3775,78.2,2024-02-16,2,73.91,hard_max,-0.0811,15
BABA,2024-05-14,1,78.49,-5.8065,82.105,84.56,2024-05-16,1,86.61,midpoint,10.3453,4
BABA,2024-08-05,1,77.12,-4.4034,75.735,77.44,2024-08-05,2,76.97,midpoint,-0.1945,1
BABA,2024-08-26,1,82.01,-4.1437,83.66,85.43,2024-09-05,2,82.41,hard_max,0.4877,15
BABA,2024-10-08,1,109.26,-6.3218,113.815,117.53,2024-10-17,2,100.07,hard_max,-8.4111,15
BABA,2024-11-08,1,93.87,-4.0435,98.135,100.16,2024-11-19,2,87.07,hard_max,-7.2441,15
BABA,2025-02-24,1,129.47,-5.7878,139.59,143.75,2025-03-05,2,141.07,midpoint,8.9596,15
BABA,2025-03-20,1,136.48,-4.1332,140.27,143.23,2025-03-31,2,132.23,hard_max,-3.114,15
BABA,2025-04-04,1,113.96,-9.1654,123.47,129.4,2025-04-15,2,112.31,hard_max,-1.4479,15
BABA,2025-10-14,1,165.13,-4.0645,163.42,166.81,2025-10-15,1,165.53,midpoint,0.2422,2
BIDU,2021-07-26,1,164.6,-4.3768,168.95,172.73,2021-08-04,2,163.81,hard_max,-0.48,15
BIDU,2021-12-03,1,136.87,-4.7283,145.37,148.89,2021-12-06,1,146.37,midpoint,6.9409,2
BIDU,2022-02-24,1,143.75,-6.5104,144.885,149.76,2022-02-24,2,151.12,midpoint,5.127,1
BIDU,2022-03-10,1,134.14,-4.2571,141.16,144.23,2022-03-16,2,150.88,midpoint,12.4795,9
BIDU,2022-03-17,1,143.6708,-4.9377,147.155,150.88,2022-03-18,1,158.215,midpoint,10.1233,2
BIDU,2022-05-05,1,124.89,-4.0167,129.3,131.95,2022-05-16,2,117.81,hard_max,-5.669,15
BIDU,2022-06-16,1,139.15,-4.0119,141.915,144.82,2022-06-21,1,144.73,midpoint,4.0101,4
BIDU,2022-07-29,1,136.01,-5.3453,136.8325,140.59,2022-08-04,1,140.21,midpoint,3.088,8
BIDU,2022-10-13,1,106.5,-4.7547,104.9151,107.47,2022-10-13,2,107.12,midpoint,0.5822,1
BIDU,2022-10-24,1,77.84,-13.7564,84.955,91.23,2022-11-02,2,78.11,hard_max,0.3469,15
BIDU,2022-11-09,1,79.39,-4.848,83.125,85.19,2022-11-10,1,84.93,midpoint,6.9782,2
BIDU,2022-11-18,1,96.17,-4.0253,97.615,99.62,2022-11-29,1,99.97,midpoint,3.9513,11
BIDU,2022-12-20,1,109.015,-4.2392,109.675,112.05,2022-12-21,1,111.655,midpoint,2.4217,2
BIDU,2023-02-24,1,132.415,-4.9235,134.515,137.91,2023-02-27,1,139.83,midpoint,5.5998,2
BIDU,2023-03-16,1,138.55,-4.9587,129.8,133.1,2023-03-16,2,138.16,midpoint,-0.2815,1
BIDU,2023-05-09,1,119.74,-4.4638,119.7845,122.519,2023-05-11,1,125.005,midpoint,4.397,4
BIDU,2024-01-16,1,104.74,-4.0524,106.86,109.07,2024-01-23,2,107.23,midpoint,2.3773,11
BIDU,2024-02-28,1,103.95,-4.0395,110.12,112.39,2024-03-08,2,98.25,hard_max,-5.4834,15
BIDU,2024-08-05,1,82.8,-5.1012,82.335,84.49,2024-08-05,2,82.39,midpoint,-0.4952,1
BIDU,2024-10-03,1,110.05,-5.6632,111.87,115.13,2024-10-07,1,112.95,midpoint,2.6352,4
BIDU,2024-10-08,1,106.64,-7.0929,110.42,114.48,2024-10-17,2,92.11,hard_max,-13.6253,15
BIDU,2024-12-10,1,89.46,-4.1264,91.14,93.06,2024-12-19,2,85.58,hard_max,-4.3371,15
BIDU,2025-02-03,1,88.35,-4.1717,88.72,90.61,2025-02-04,1,93.48,midpoint,5.8065,2
BIDU,2025-02-11,1,89.66,-4.1023,91.925,93.85,2025-02-12,1,94.08,midpoint,4.9297,2
BIDU,2025-02-18,1,90.38,-4.9856,95.05,97.48,2025-02-27,2,88.26,hard_max,-2.3457,15
BIDU,2025-03-28,1,93.38,-4.4485,96.27,98.46,2025-04-08,2,76.88,hard_max,-17.6697,15
BIDU,2025-07-16,1,86.5,-4.352,91.26,93.29,2025-07-22,1,92.55,midpoint,6.9942,8
BIDU,2025-10-14,1,120.91,-4.565,122.87,125.74,2025-10-20,1,123.04,midpoint,1.7616,8
BIDU,2025-11-18,1,116.7,-4.3467,111.63,114.11,2025-11-18,2,117.11,midpoint,0.3513,1
C,2022-02-24,1,58.9313,-4.3258,61.8575,63.225,2022-02-25,1,62.52,midpoint,6.0896,2
C,2023-03-15,1,44.695,-4.0541,46.4,47.36,2023-03-24,2,43.12,hard_max,-3.5239,15
C,2024-08-02,1,59.0,-5.7048,61.475,63.28,2024-08-13,2,58.13,hard_max,-1.4746,15
C,2025-04-03,1,64.07,-7.6966,68.96,71.72,2025-04-14,2,63.24,hard_max,-1.2955,15
COIN,2021-05-11,1,298.0242,-4.2256,287.25,293.45,2021-05-11,2,302.51,midpoint,1.5052,1
COIN,2021-05-19,1,227.67,-10.9098,225.9628,239.0,2021-05-20,1,231.71,midpoint,1.7745,2
COIN,2021-07-08,1,244.79,-5.1738,245.52,252.04,2021-07-09,1,255.7,midpoint,4.4569,2
COIN,2021-08-12,1,257.24,-4.3139,272.395,278.4,2021-08-23,2,255.87,hard_max,-0.5326,15
COIN,2021-09-20,1,234.39,-4.3803,239.82,245.19,2021-09-22,1,240.855,midpoint,2.7582,4
COIN,2021-11-10,1,334.535,-8.3802,342.185,357.15,2021-11-12,2,342.77,midpoint,2.4616,5
COIN,2021-12-06,1,264.5538,-4.7149,259.3875,265.65,2021-12-06,2,263.24,midpoint,-0.4966,1
COIN,2022-01-21,1,193.7128,-5.2565,215.805,221.63,2022-02-01,2,197.5,hard_max,1.9551,15
COIN,2022-02-22,1,176.3,-4.3825,185.015,189.16,2022-02-28,1,187.97,midpoint,6.6194,8
COIN,2022-05-09,1,84.65,-7.3359,99.8,103.6,2022-05-18,2,63.03,hard_max,-25.5405,15
COIN,2022-05-26,1,69.445,-4.5936,65.51,67.05,2022-05-26,2,70.0,midpoint,0.7992,1
COIN,2022-06-03,1,67.55,-5.9182,71.5725,73.755,2022-06-14,2,51.58,hard_max,-23.6417,15
COIN,2022-06-16,1,51.81,-4.5128,53.8225,55.065,2022-06-21,1,58.94,midpoint,13.7618,4
COIN,2022-06-22,1,53.5976,-6.2478,55.665,57.46,2022-06-23,2,58.85,midpoint,9.7997,3
COIN,2022-06-27,1,56.87,-5.0534,61.145,62.73,2022-07-07,2,57.43,hard_max,0.9847,15
COIN,2022-07-11,1,54.99,-4.4745,58.8825,60.23,2022-07-18,1,62.0,midpoint,12.7478,10
COIN,2022-07-21,1,72.46,-5.6729,73.135,75.27,2022-07-21,2,73.98,midpoint,2.0977,1
COIN,2022-07-26,1,57.25,-7.9666,64.36,67.03,2022-08-02,1,68.4319,midpoint,19.5317,10
COIN,2022-08-09,1,88.21,-4.1939,95.945,98.0,2022-08-18,2,83.47,hard_max,-5.3735,15
COIN,2022-08-19,1,74.8352,-8.9493,79.735,83.47,2022-08-30,2,67.01,hard_max,-10.4566,15
COIN,2022-09-13,1,77.51,-8.7341,78.945,82.55,2022-09-15,1,79.11,midpoint,2.0642,4
COIN,2022-10-07,1,66.4,-4.192,72.4,73.95,2022-10-18,2,66.2,hard_max,-0.3012,15
COIN,2022-11-08,1,50.47,-4.4027,55.755,57.01,2022-11-11,1,56.412,midpoint,11.7733,6
COIN,2022-11-16,1,49.7746,-4.7937,54.16,55.49,2022-11-29,1,43.06,hard_max,-13.49,15
COIN,2023-01-05,1,34.4216,-7.931,36.205,37.7,2023-01-09,1,39.25,midpoint,14.0272,4
COIN,2023-02-03,1,78.825,-9.5238,77.6,81.48,2023-02-14,2,59.03,hard_max,-25.1126,15
COIN,2023-02-16,1,67.61,-4.9885,67.63,69.36,2023-02-28,2,64.84,hard_max,-4.097,15
COIN,2023-03-02,1,60.77,-5.5667,62.87,64.67,2023-03-02,2,63.7,midpoint,4.8215,1
COIN,2023-03-23,1,65.8,-19.8419,69.505,77.16,2023-04-03,2,63.62,hard_max,-3.3131,15
COIN,2023-04-19,1,65.09,-4.33,65.8185,67.275,2023-04-28,2,53.79,hard_max,-17.3606,15
COIN,2023-06-06,1,51.38,-19.7752,52.905,58.71,2023-06-07,2,53.26,midpoint,3.659,3
COIN,2023-08-18,1,73.43,-4.2615,73.95,75.56,2023-08-21,1,74.29,midpoint,1.1712,2
COIN,2024-01-03,1,153.47,-6.9412,151.445,156.89,2024-01-03,2,152.21,midpoint,-0.821,1
COIN,2024-01-23,1,124.0906,-4.5156,125.3045,128.199,2024-01-29,1,132.96,midpoint,7.1475,8
COIN,2024-02-13,1,143.635,-6.0489,142.845,147.3,2024-02-14,1,158.51,midpoint,10.3561,2
COIN,2024-02-21,1,163.87,-5.2254,168.778,173.306,2024-02-22,1,169.2,midpoint,3.2526,2
COIN,2024-03-19,1,232.33,-6.8825,231.49,239.74,2024-03-20,1,239.69,midpoint,3.1679,2
COIN,2024-04-02,1,243.98,-5.5534,245.1,252.1,2024-04-02,2,245.69,midpoint,0.7009,1
COIN,2024-07-05,1,222.25,-4.2691,218.24,223.0,2024-07-05,2,223.56,midpoint,0.5894,1
COIN,2024-08-05,1,192.64,-20.7194,183.18,204.35,2024-08-05,2,189.48,midpoint,-1.6404,1
COIN,2024-11-12,1,314.01,-4.4265,317.23,324.41,2024-11-12,2,319.13,midpoint,1.6305,1
COIN,2024-11-26,1,301.9,-4.5415,305.355,312.45,2024-11-27,2,310.84,midpoint,2.9612,3
COIN,2025-01-13,1,247.98,-4.593,252.925,258.87,2025-01-14,1,255.45,midpoint,3.0123,2
COIN,2025-01-27,1,265.59,-4.7731,290.81,297.92,2025-01-29,2,291.0,midpoint,9.5674,5
COIN,2025-02-03,1,282.16,-6.2987,282.155,291.33,2025-02-03,2,284.36,midpoint,0.7797,1
COIN,2025-03-10,1,188.87,-5.7862,210.955,217.24,2025-03-19,2,189.82,hard_max,0.503,15
COIN,2025-04-03,1,168.25,-7.9589,175.66,182.94,2025-04-09,2,177.2,midpoint,5.3195,9
COIN,2025-04-10,1,160.78,-4.6783,173.055,177.2,2025-04-11,2,175.14,midpoint,8.9315,3
COIN,2025-08-01,1,316.8,-11.27,356.275,377.55,2025-08-12,2,322.53,hard_max,1.8087,15
COIN,2025-10-14,1,352.39,-4.5367,348.775,356.87,2025-10-20,1,348.96,midpoint,-0.9734,8
COIN,2025-11-14,1,288.99,-4.8965,276.13,283.06,2025-11-14,2,284.13,midpoint,-1.6817,1
COIN,2025-12-01,1,258.87,-5.1413,267.58,274.64,2025-12-02,1,268.39,midpoint,3.6775,2
COST,2022-05-18,1,430.32,-6.1933,475.185,490.37,2022-05-27,2,470.75,hard_max,9.3953,15
GOOGL,2022-05-24,1,104.5459,-5.124,108.6283,111.4845,2022-05-27,1,111.9905,midpoint,7.1209,6
GOOGL,2022-10-26,1,96.36,-7.7754,100.495,104.56,2022-11-04,2,86.64,hard_max,-10.0872,15
GOOGL,2023-02-03,1,105.1799,-4.5265,105.37,107.81,2023-02-07,2,107.65,midpoint,2.3485,5
GOOGL,2023-02-08,1,99.015,-5.202,104.85,107.65,2023-02-17,2,94.35,hard_max,-4.7114,15
GOOGL,2023-10-25,1,126.38,-7.7521,133.545,138.93,2023-11-03,2,129.08,hard_max,2.1364,15
GOOGL,2024-01-31,1,141.39,-5.0572,147.445,151.27,2024-02-09,1,149.16,midpoint,5.4954,14
GOOGL,2024-04-25,1,155.54,-4.9136,155.24,159.15,2024-04-25,2,156.02,midpoint,0.3086,1
GOOGL,2024-07-24,1,173.21,-4.5157,177.705,181.81,2024-08-02,2,166.68,hard_max,-3.77,15
GOOGL,2024-08-05,1,162.97,-6.7075,161.09,166.68,2024-08-08,1,163.41,midpoint,0.27,6
GS,2022-01-18,1,349.59,-5.4889,370.495,380.95,2022-01-27,2,340.78,hard_max,-2.5201,15
GS,2024-08-05,1,460.24,-4.843,458.98,470.37,2024-08-06,1,472.21,midpoint,2.6008,2
GS,2025-04-03,1,519.97,-6.0306,546.305,563.29,2025-04-14,2,503.92,hard_max,-3.0867,15
INTC,2021-04-23,1,59.295,-5.4499,60.865,62.57,2021-05-04,2,56.94,hard_max,-3.9717,15
INTC,2021-10-22,1,49.335,-10.0334,53.1998,56.0097,2021-11-02,2,49.885,hard_max,1.1148,15
INTC,2022-07-29,1,36.3692,-10.3149,37.6525,39.7,2022-08-09,2,34.52,hard_max,-5.0845,15
INTC,2023-01-27,1,27.85,-10.0066,28.575,30.08,2023-02-01,2,29.07,midpoint,4.3806,7
INTC,2024-01-26,1,43.545,-10.9274,46.89,49.6,2024-02-06,2,42.76,hard_max,-1.8027,15
INTC,2024-04-03,1,40.86,-5.802,42.675,43.95,2024-04-12,2,35.68,hard_max,-12.6774,15
INTC,2024-04-26,1,31.75,-9.6132,33.47,35.16,2024-05-07,2,30.66,hard_max,-3.4331,15
INTC,2024-08-02,1,21.12,-24.6307,25.525,29.11,2024-08-13,2,20.47,hard_max,-3.0777,15
INTC,2025-02-19,1,25.74,-5.3226,26.7,27.43,2025-02-28,2,23.79,hard_max,-7.5758,15
INTC,2025-03-19,1,24.1,-5.2429,25.26,25.94,2025-03-28,2,22.72,hard_max,-5.7261,15
INTC,2025-04-04,1,20.04,-4.7028,22.01,22.54,2025-04-15,2,19.84,hard_max,-0.998,15
INTC,2025-04-25,1,20.09,-8.1433,20.615,21.49,2025-05-02,1,20.64,midpoint,2.7377,10
INTC,2025-07-25,1,20.47,-8.536,21.645,22.61,2025-08-05,2,20.2,hard_max,-1.319,15
JD,2021-07-26,1,66.75,-4.3015,70.745,72.3,2021-07-29,1,71.61,midpoint,7.2809,6
JD,2021-09-20,1,73.61,-4.0535,76.135,77.71,2021-09-27,1,76.63,midpoint,4.1027,10
JD,2021-12-03,1,76.96,-5.4352,82.155,84.45,2021-12-14,2,77.66,hard_max,0.9096,15
JD,2021-12-23,1,69.1569,-7.9729,70.81,73.75,2021-12-30,1,71.48,midpoint,3.3592,8
JD,2022-02-24,1,68.23,-4.9475,68.795,70.54,2022-02-24,2,70.91,midpoint,3.9279,1
JD,2022-03-10,1,51.75,-15.0617,57.71,62.41,2022-03-16,1,60.26,midpoint,16.4444,8
JD,2022-03-21,1,59.72,-4.0393,63.795,65.11,2022-03-22,1,64.68,midpoint,8.3054,2
JD,2022-03-23,1,65.58,-4.2021,63.37,64.73,2022-03-23,2,64.29,midpoint,-1.9671,1
JD,2022-03-24,1,60.455,-4.573,62.82,64.29,2022-04-04,1,63.3849,midpoint,4.8464,14
JD,2022-05-05,1,59.49,-4.1304,61.885,63.19,2022-05-16,2,51.52,hard_max,-13.3972,15
JD,2022-05-24,1,49.5,-4.2565,52.195,53.33,2022-05-26,1,53.12,midpoint,7.3131,4
JD,2022-06-09,1,62.09,-6.7248,64.235,66.47,2022-06-15,2,64.31,midpoint,3.5755,9
JD,2022-06-16,1,62.24,-4.1207,62.985,64.31,2022-06-17,1,64.84,midpoint,4.1774,2
JD,2022-06-22,1,61.12,-4.2099,62.32,63.66,2022-06-24,1,63.47,midpoint,3.8449,4
JD,2022-07-11,1,59.09,-4.2244,60.71,62.02,2022-07-13,1,62.545,midpoint,5.847,4
JD,2022-07-29,1,59.24,-5.0531,60.57,62.14,2022-08-03,1,61.09,midpoint,3.1229,6
JD,2022-08-12,1,57.135,-4.2837,55.74,56.96,2022-08-12,2,57.05,midpoint,-0.1488,1
JD,2022-09-13,1,58.35,-5.6454,60.075,61.82,2022-09-22,2,53.47,hard_max,-8.3633,15
JD,2022-10-13,1,45.53,-5.0431,45.23,46.4,2022-10-24,2,36.65,hard_max,-19.5036,15
JD,2022-10-28,1,37.74,-5.9985,38.325,39.51,2022-11-01,1,38.905,midpoint,3.0869,4
JD,2022-11-09,1,42.575,-4.4755,44.4525,45.47,2022-11-10,1,46.05,midpoint,8.1621,2
JD,2022-11-21,1,52.7,-4.7262,54.745,56.07,2022-11-30,1,57.12,midpoint,8.3871,11
JD,2022-12-07,1,58.455,-5.4193,58.705,60.34,2022-12-08,1,60.57,midpoint,3.6182,2
JD,2023-01-05,1,65.71,-4.006,64.825,66.15,2023-01-05,2,65.91,midpoint,0.3044,1
JD,2023-01-30,1,60.25,-4.8957,62.17,63.73,2023-02-08,2,55.37,hard_max,-8.0996,15
JD,2023-02-21,1,47.055,-9.2607,50.565,53.02,2023-03-02,2,47.07,hard_max,0.0319,15
JD,2023-03-09,1,42.12,-5.2374,45.74,46.97,2023-03-20,2,38.65,hard_max,-8.2384,15
JD,2023-06-20,1,36.922,-4.542,38.945,39.85,2023-06-29,2,34.01,hard_max,-7.8869,15
JD,2023-08-18,1,32.891,-4.9496,33.89,34.75,2023-08-29,1,34.57,midpoint,5.1047,14
JD,2023-10-13,1,26.96,-4.8509,27.155,27.83,2023-10-16,1,27.72,midpoint,2.819,2
JD,2023-11-16,1,27.67,-5.2098,27.855,28.6,2023-11-16,2,28.085,midpoint,1.4998,1
JD,2023-12-11,1,25.695,-4.3116,25.87,26.44,2023-12-14,1,26.115,midpoint,1.6346,6
JD,2024-01-08,1,25.915,-4.7414,26.0475,26.68,2024-01-18,2,22.02,hard_max,-15.0299,15
JD,2024-01-22,1,21.53,-4.5312,21.785,22.29,2024-01-23,1,23.105,midpoint,7.3154,2
JD,2024-01-30,1,22.705,-4.2182,22.975,23.47,2024-02-06,1,23.895,midpoint,5.2411,10
JD,2024-02-07,1,23.1003,-5.141,23.5,24.12,2024-02-15,1,23.595,midpoint,2.1415,12
JD,2024-05-21,1,33.42,-4.2578,34.02,34.76,2024-05-31,2,29.62,hard_max,-11.3704,15
JD,2024-08-21,1,26.6,-7.6596,27.12,28.2,2024-08-30,2,27.01,hard_max,1.5414,15
JD,2024-09-25,1,33.25,-4.1003,33.205,33.9,2024-09-25,2,33.21,midpoint,-0.1203,1
JD,2024-10-03,1,44.61,-4.0821,43.915,44.83,2024-10-03,2,44.6,midpoint,-0.0224,1
JD,2024-10-08,1,43.26,-8.535,45.09,47.1,2024-10-17,2,38.86,hard_max,-10.1711,15
JD,2024-11-06,1,38.84,-4.9201,39.055,40.04,2024-11-07,1,40.99,midpoint,5.5355,2
JD,2024-11-12,1,36.24,-5.4075,37.965,39.02,2024-11-21,2,35.38,hard_max,-2.3731,15
JD,2025-02-03,1,40.23,-4.3713,39.83,40.72,2025-02-03,2,40.02,midpoint,-0.522,1
JD,2025-04-04,1,35.92,-8.8176,38.16,39.92,2025-04-14,1,38.3,midpoint,6.6258,12
JD,2025-04-16,1,35.74,-4.1678,36.65,37.43,2025-04-28,2,32.72,hard_max,-8.4499,15
JPM,2022-01-14,1,157.63,-4.5538,164.595,168.43,2022-01-26,2,147.896,hard_max,-6.1752,15
JPM,2025-04-03,1,230.8,-4.6947,240.04,245.81,2025-04-14,2,234.75,hard_max,1.7114,15
MARA,2021-04-21,1,33.9095,-6.4384,32.4701,33.5501,2021-04-21,2,34.93,midpoint,3.0095,1
MARA,2021-04-23,1,31.8265,-6.3866,30.0823,31.0746,2021-04-23,2,32.31,midpoint,1.5192,1
MARA,2021-04-29,1,34.285,-4.0888,36.8695,37.639,2021-04-30,1,37.0172,midpoint,7.9691,2
MARA,2021-05-11,1,25.57,-15.264,25.7256,27.8512,2021-05-11,2,25.95,midpoint,1.4861,1
MARA,2021-05-12,1,23.53,-4.2389,25.4,25.95,2021-05-21,2,20.89,hard_max,-11.2197,15
MARA,2021-06-08,1,22.7,-4.9631,23.775,24.38,2021-06-09,1,26.6,midpoint,17.1806,2
MARA,2021-06-21,1,28.04,-5.973,28.066,28.93,2021-06-23,1,28.135,midpoint,0.3388,4
MARA,2021-07-08,1,27.94,-5.5384,27.8274,28.62,2021-07-08,2,27.85,midpoint,-0.3221,1
MARA,2021-07-19,1,22.61,-5.6151,22.675,23.33,2021-07-21,1,25.13,midpoint,11.1455,4
MARA,2021-07-27,1,26.26,-4.6331,28.885,29.57,2021-08-05,1,31.1,midpoint,18.4311,14
MARA,2021-08-12,1,33.48,-4.041,34.43,35.14,2021-08-20,1,35.41,midpoint,5.7646,12
MARA,2021-09-20,1,33.93,-9.2458,34.145,35.8,2021-09-22,1,35.3178,midpoint,4.0902,4
MARA,2021-09-24,1,36.24,-7.1618,36.35,37.7,2021-10-05,2,37.185,midpoint,2.6076,15
MARA,2021-11-15,1,66.405,-4.3988,74.26,75.93,2021-11-24,2,52.39,hard_max,-21.1053,15
MARA,2021-11-26,1,49.2,-6.1558,50.7775,52.39,2021-11-29,1,51.78,midpoint,5.2439,1
MARA,2021-12-06,1,42.67,-8.8595,39.805,41.65,2021-12-06,2,41.81,midpoint,-2.0155,1
MARA,2021-12-17,1,35.635,-4.4801,34.695,35.49,2021-12-23,1,37.75,midpoint,5.9352,8
MARA,2021-12-28,1,34.94,-5.5372,38.28,39.37,2022-01-06,2,29.2973,hard_max,-16.1497,15
MARA,2022-01-10,1,28.2,-5.4852,27.66,28.44,2022-01-10,2,28.93,midpoint,2.5887,1
MARA,2022-01-21,1,22.804,-7.0331,23.87,24.74,2022-02-01,1,24.955,midpoint,9.4326,14
MARA,2022-02-03,1,21.49,-4.4348,22.49,23.0,2022-02-04,1,23.62,midpoint,9.9116,2
MARA,2022-02-17,1,26.0,-4.5375,27.785,28.43,2022-03-01,2,26.0973,hard_max,0.3742,15
MARA,2022-03-10,1,24.13,-6.4667,24.84,25.67,2022-03-17,1,25.9807,midpoint,7.6697,10
MARA,2022-04-06,1,24.41,-4.0183,25.7275,26.255,2022-04-18,2,20.91,hard_max,-14.3384,15
MARA,2022-05-09,1,12.66,-6.7559,14.445,14.95,2022-05-18,2,10.15,hard_max,-19.8262,15
MARA,2022-05-26,1,9.6785,-4.8596,9.035,9.26,2022-05-26,2,9.85,midpoint,1.772,1
MARA,2022-06-13,1,6.81,-18.435,6.845,7.54,2022-06-14,1,6.93,midpoint,1.7621,2
MARA,2022-06-30,1,5.5601,-4.6598,5.6698,5.805,2022-07-05,1,5.8399,midpoint,5.0323,4
MARA,2022-07-08,1,8.175,-5.0678,6.8275,7.005,2022-07-08,2,8.5,midpoint,3.9755,1
MARA,2022-07-11,1,7.985,-7.0588,8.2,8.5,2022-07-18,1,10.428,midpoint,30.5949,10
MARA,2022-07-21,1,12.61,-5.5801,12.1075,12.455,2022-07-21,2,13.5,midpoint,7.0579,1
MARA,2022-07-25,1,12.18,-5.7212,12.055,12.41,2022-07-27,2,12.3191,midpoint,1.142,5
MARA,2022-08-19,1,13.61,-10.9686,14.735,15.59,2022-08-30,2,11.51,hard_max,-15.4298,15
MARA,2022-09-13,1,13.315,-9.626,13.745,14.44,2022-09-22,2,10.52,hard_max,-20.9914,15
MARA,2022-09-23,1,9.6,-5.038,10.255,10.52,2022-09-28,1,10.695,midpoint,11.4063,6
MARA,2022-10-05,1,12.6406,-4.6196,12.5825,12.88,2022-10-05,2,12.85,midpoint,1.6566,1
MARA,2022-10-07,1,11.425,-4.5802,12.8,13.1,2022-10-18,2,11.38,hard_max,-0.3939,15
MARA,2022-11-08,1,9.4693,-4.8618,10.235,10.49,2022-11-17,2,8.02,hard_max,-15.3052,15
MARA,2022-11-21,1,6.485,-4.698,7.275,7.45,2022-12-02,1,6.525,hard_max,0.6168,15
MARA,2022-12-16,1,3.89,-4.8387,4.235,4.34,2022-12-28,2,3.15,hard_max,-19.0231,15
MARA,2023-01-13,1,7.37,-5.3381,6.8375,7.025,2023-01-13,2,7.67,midpoint,4.0706,1
MARA,2023-01-25,1,8.3499,-5.5521,8.5542,8.7985,2023-01-25,2,8.74,midpoint,4.6719,1
MARA,2023-02-03,1,7.2477,-6.125,7.755,8.0,2023-02-14,2,6.73,hard_max,-7.143,15
MARA,2023-02-21,1,7.3182,-4.0312,7.535,7.69,2023-02-28,1,7.6035,midpoint,3.8985,10
MARA,2023-04-17,1,11.535,-7.6095,11.5051,11.9601,2023-04-18,1,11.635,midpoint,0.8669,2
MARA,2023-04-19,1,10.93,-6.4668,11.2975,11.675,2023-04-28,2,10.075,hard_max,-7.8225,15
MARA,2023-05-08,1,9.6791,-4.9094,10.2325,10.49,2023-05-17,2,10.09,hard_max,4.2452,15
MARA,2023-07-05,1,15.775,-4.1775,15.0,15.32,2023-07-05,2,15.55,midpoint,-1.4263,1
MARA,2023-07-24,1,16.44,-4.2679,16.51,16.87,2023-07-25,1,16.8,midpoint,2.1898,2
MARA,2023-08-18,1,11.27,-6.3291,11.8575,12.245,2023-08-29,1,13.5101,midpoint,19.8767,14
MARA,2023-09-08,1,10.575,-4.2037,12.11,12.37,2023-09-19,2,9.57,hard_max,-9.5035,15
MARA,2023-09-21,1,9.255,-4.7947,9.0728,9.2957,2023-09-21,2,9.165,midpoint,-0.9724,1
MARA,2023-10-09,1,8.185,-5.504,7.8625,8.085,2023-10-09,2,8.365,midpoint,2.1991,1
MARA,2023-11-16,1,9.535,-4.1016,10.03,10.24,2023-11-20,1,10.6901,midpoint,12.1143,4
MARA,2023-11-27,1,11.5001,-4.1192,11.175,11.41,2023-11-27,2,11.275,midpoint,-1.9574,1
MARA,2023-12-07,1,15.61,-4.0567,15.215,15.53,2023-12-07,2,15.495,midpoint,-0.7367,1
MARA,2023-12-11,1,14.2795,-6.615,16.225,16.78,2023-12-13,2,16.74,midpoint,17.231,5
MARA,2023-12-28,1,29.2,-6.7396,30.0375,31.085,2024-01-09,2,25.7201,hard_max,-11.9175,15
MARA,2024-01-23,1,16.315,-4.8795,16.195,16.6,2024-01-25,1,16.4999,midpoint,1.1333,4
MARA,2024-02-13,1,26.1901,-10.5572,25.84,27.28,2024-02-14,1,28.335,midpoint,8.1897,2
MARA,2024-02-21,1,22.9588,-6.6042,23.72,24.53,2024-02-22,1,24.6199,midpoint,7.2351,2
MARA,2024-03-19,1,19.22,-5.3065,18.895,19.41,2024-03-19,2,19.3,midpoint,0.4162,1
MARA,2024-04-02,1,19.77,-5.5941,21.025,21.63,2024-04-11,2,17.59,hard_max,-11.0268,15
MARA,2024-04-25,1,18.93,-6.1289,18.505,19.09,2024-04-25,2,19.02,midpoint,0.4754,1
MARA,2024-04-29,1,18.48,-5.1467,18.93,19.43,2024-05-06,1,20.84,midpoint,12.7706,10
MARA,2024-07-05,1,20.1,-5.8006,20.255,20.86,2024-07-12,1,20.44,midpoint,1.6915,10
MARA,2024-08-05,1,16.55,-18.9645,15.56,17.19,2024-08-05,2,16.95,midpoint,2.4169,1
MARA,2024-08-12,1,15.65,-5.9272,16.535,17.04,2024-08-21,1,17.08,midpoint,9.1374,14
MARA,2024-11-18,1,20.08,-5.8851,20.45,21.07,2024-11-19,1,20.5,midpoint,2.0916,2
MARA,2024-11-26,1,25.78,-4.9962,25.76,26.42,2024-11-27,1,26.69,midpoint,3.5299,2
MARA,2024-12-03,1,24.98,-4.4479,25.06,25.63,2024-12-03,2,25.12,midpoint,0.5604,1
MARA,2025-01-13,1,16.86,-4.8233,17.4,17.83,2025-01-15,1,18.07,midpoint,7.1767,4
MARA,2025-01-27,1,17.65,-5.7529,19.415,19.99,2025-02-05,2,17.04,hard_max,-3.4561,15
MARA,2025-03-04,1,14.21,-4.0609,13.51,13.79,2025-03-04,2,13.97,midpoint,-1.689,1
MARA,2025-03-10,1,13.77,-4.6221,15.64,16.01,2025-03-19,2,12.53,hard_max,-9.0051,15
MARA,2025-03-31,1,11.63,-7.2231,12.01,12.46,2025-04-02,1,12.52,midpoint,7.6526,4
MARA,2025-04-03,1,11.28,-8.4677,11.875,12.4,2025-04-09,2,12.3,midpoint,9.0426,9
MARA,2025-07-23,1,17.55,-5.7847,19.305,19.88,2025-08-01,2,15.49,hard_max,-11.7379,15
MARA,2025-10-14,1,22.14,-4.1048,19.805,20.22,2025-10-14,2,22.23,midpoint,0.4065,1
MARA,2025-12-01,1,11.44,-6.3398,11.455,11.83,2025-12-01,2,11.51,midpoint,0.6119,1
META,2021-10-22,1,323.07,-4.5691,334.1575,341.97,2021-11-02,2,328.19,hard_max,1.5848,15
META,2022-02-03,1,238.8723,-24.2562,283.8175,322.99,2022-02-14,2,217.7,hard_max,-8.8634,15
META,2022-05-24,1,178.69,-8.0094,188.41,196.27,2022-05-26,1,190.5983,midpoint,6.6642,4
META,2022-07-22,1,169.0,-5.5192,178.125,183.18,2022-08-02,2,160.19,hard_max,-5.213,15
META,2022-09-13,1,156.87,-4.3972,165.255,168.97,2022-09-22,2,142.79,hard_max,-8.9756,15
META,2022-10-26,1,130.47,-4.2327,134.59,137.5,2022-11-04,2,90.84,hard_max,-30.3748,15
META,2024-04-25,1,437.46,-14.6445,457.55,493.7,2024-05-06,1,459.91,midpoint,5.1319,14
META,2024-08-05,1,476.56,-7.5481,469.775,488.2,2024-08-05,2,475.89,midpoint,-0.1406,1
META,2025-04-03,1,544.36,-6.6083,564.665,583.96,2025-04-09,2,584.47,midpoint,7.3683,9
MSFT,2022-10-26,1,233.44,-7.8123,240.965,250.76,2022-11-04,2,221.54,hard_max,-5.0977,15
MSFT,2024-08-05,1,397.21,-4.7296,398.83,408.49,2024-08-06,1,403.74,midpoint,1.644,2
MSFT,2025-01-27,1,429.42,-4.498,433.995,443.98,2025-01-27,2,434.57,midpoint,1.1993,1
MSTR,2021-05-11,1,57.15,-6.0365,55.2185,56.937,2021-05-11,2,57.689,midpoint,0.9431,1
MSTR,2021-05-13,1,48.561,-5.5083,52.61,54.1,2021-05-24,2,47.24,hard_max,-2.7203,15
MSTR,2021-06-21,1,57.9765,-7.4484,62.328,64.739,2021-06-28,2,62.359,midpoint,7.5592,11
MSTR,2021-07-08,1,62.25,-5.6308,62.099,63.898,2021-07-09,1,63.141,midpoint,1.4313,2
MSTR,2021-09-20,1,58.803,-6.4402,59.419,61.396,2021-09-22,2,59.974,midpoint,1.9914,5
MSTR,2021-09-24,1,59.259,-5.9937,59.849,61.698,2021-09-24,2,59.961,midpoint,1.1846,1
MSTR,2021-12-06,1,59.52,-5.6955,61.2885,63.085,2021-12-07,1,63.788,midpoint,7.1707,2
MSTR,2022-01-10,1,46.514,-4.125,47.3665,48.364,2022-01-10,2,48.097,midpoint,3.4033,1
MSTR,2022-01-21,1,39.7636,-7.584,44.019,45.754,2022-02-01,2,37.205,hard_max,-6.4345,15
MSTR,2022-02-22,1,37.2149,-5.0639,38.5837,39.586,2022-02-24,2,39.6445,midpoint,6.5285,5
MSTR,2022-03-10,1,40.95,-4.7182,42.5275,43.555,2022-03-16,2,42.887,midpoint,4.7302,9
MSTR,2022-05-09,1,23.007,-7.7601,28.266,29.407,2022-05-18,2,19.745,hard_max,-14.1783,15
MSTR,2022-05-26,1,21.4538,-9.1816,18.933,19.844,2022-05-26,2,21.584,midpoint,0.6069,1
MSTR,2022-06-07,1,23.148,-5.8439,22.858,23.546,2022-06-07,2,23.951,midpoint,3.469,1
MSTR,2022-06-13,1,15.8,-26.4011,17.609,20.287,2022-06-21,1,18.6735,midpoint,18.1867,10
MSTR,2022-07-11,1,20.375,-4.9437,21.582,22.129,2022-07-18,1,23.471,midpoint,15.195,10
MSTR,2022-07-25,1,27.214,-5.5064,27.48,28.258,2022-07-28,2,27.621,midpoint,1.4955,7
MSTR,2022-08-19,1,29.013,-7.6263,31.178,32.414,2022-08-30,2,24.014,hard_max,-17.2302,15
MSTR,2022-09-01,1,21.9832,-5.0248,22.583,23.165,2022-09-08,1,22.796,midpoint,3.6976,8
MSTR,2022-09-13,1,23.8315,-7.9823,25.234,26.283,2022-09-22,2,19.237,hard_max,-19.2791,15
MSTR,2022-10-13,1,22.1815,-7.7557,20.995,21.842,2022-10-13,2,22.043,midpoint,-0.6244,1
MSTR,2022-11-08,1,21.5648,-6.7809,25.702,26.604,2022-11-17,2,17.443,hard_max,-19.1135,15
MSTR,2023-02-03,1,28.7592,-4.519,28.5715,29.232,2023-02-14,2,27.08,hard_max,-5.8387,15
MSTR,2023-03-03,1,24.885,-4.8939,24.638,25.256,2023-03-03,2,24.692,midpoint,-0.7756,1
MSTR,2023-05-08,1,30.3449,-4.7655,31.8935,32.672,2023-05-17,2,29.058,hard_max,-4.2409,15
MSTR,2023-08-18,1,32.417,-4.4091,33.9135,34.678,2023-08-23,1,34.801,midpoint,7.3542,6
MSTR,2023-12-11,1,54.9325,-4.1992,58.6693,59.9275,2023-12-20,1,59.221,midpoint,7.8069,14
MSTR,2024-01-03,1,63.416,-6.1185,66.418,68.514,2024-01-12,2,48.552,hard_max,-23.4389,15
MSTR,2024-01-23,1,45.252,-4.1574,45.976,46.952,2024-01-25,1,46.162,midpoint,2.0108,4
MSTR,2024-02-13,1,69.973,-5.7328,69.5525,71.605,2024-02-14,1,75.815,midpoint,8.3489,2
MSTR,2024-03-05,1,118.2,-6.6827,128.875,133.33,2024-03-07,1,129.7,midpoint,9.7293,4
MSTR,2024-03-15,1,166.9,-4.7619,164.0,168.0,2024-03-15,2,178.05,midpoint,6.6806,1
MSTR,2024-03-19,1,143.7,-11.6758,141.375,150.14,2024-03-19,2,141.64,midpoint,-1.4335,1
MSTR,2024-03-22,1,156.12,-4.8215,155.85,159.7,2024-03-25,1,183.9,midpoint,17.794,2
MSTR,2024-04-02,1,154.35,-8.9522,156.535,163.87,2024-04-02,2,157.9,midpoint,2.3,1
MSTR,2024-04-30,1,107.76,-7.2699,124.6,129.3,2024-05-06,1,129.28,midpoint,19.9703,8
MSTR,2024-05-08,1,124.27,-4.6315,122.75,125.66,2024-05-08,2,123.43,midpoint,-0.6759,1
MSTR,2024-06-24,1,134.15,-6.0105,144.27,148.74,2024-06-25,1,148.59,midpoint,10.7641,2
MSTR,2024-07-05,1,129.25,-5.4601,125.06,128.57,2024-07-05,2,128.24,midpoint,-0.7814,1
MSTR,2024-08-05,1,131.61,-27.3186,124.935,144.7,2024-08-05,2,130.9,midpoint,-0.5395,1
MSTR,2024-09-30,1,169.94,-4.3831,172.495,176.36,2024-10-04,1,172.73,midpoint,1.6418,8
MSTR,2024-10-30,1,251.94,-4.6053,252.45,258.4,2024-11-06,1,258.08,midpoint,2.4371,10
MSTR,2024-11-26,1,371.29,-5.1233,393.115,403.45,2024-11-29,2,394.75,midpoint,6.3185,5
MSTR,2025-01-13,1,317.19,-5.4339,318.855,327.76,2025-01-13,2,328.74,midpoint,3.6414,1
MSTR,2025-02-03,1,336.95,-7.2328,322.085,334.17,2025-02-03,2,347.17,midpoint,3.0331,1
MSTR,2025-02-25,1,249.34,-5.1618,275.17,282.46,2025-03-05,1,292.5,midpoint,17.3097,12
MSTR,2025-03-10,1,243.93,-6.656,277.12,286.66,2025-03-14,1,289.81,midpoint,18.8087,8
MSTR,2025-04-03,1,281.84,-5.7915,304.15,313.22,2025-04-14,1,306.13,midpoint,8.6184,14
MSTR,2025-10-14,1,312.4,-4.5375,308.215,315.37,2025-10-23,2,284.9,hard_max,-8.8028,15
MSTR,2025-11-07,1,235.81,-6.1002,229.81,237.04,2025-11-07,2,241.97,midpoint,2.6123,1
MSTR,2025-12-01,1,162.35,-5.6842,173.32,178.39,2025-12-02,1,184.04,midpoint,13.36,2
MU,2021-05-11,1,80.35,-4.4398,79.065,80.86,2021-05-11,2,80.69,midpoint,0.4231,1
MU,2022-06-03,1,70.05,-4.8952,73.535,75.38,2022-06-14,2,58.72,hard_max,-16.1742,15
MU,2022-08-09,1,58.29,-4.0107,60.2275,61.46,2022-08-10,1,61.14,midpoint,4.8893,2
MU,2022-11-16,1,58.42,-4.1185,61.83,63.13,2022-11-29,1,55.11,hard_max,-5.6659,15
MU,2023-01-31,1,59.8178,-4.2139,60.4,61.7,2023-02-01,1,61.44,midpoint,2.7119,2
MU,2023-03-31,1,60.92,-4.343,61.72,63.09,2023-04-10,1,63.7387,midpoint,4.6269,10
MU,2024-06-21,1,140.07,-4.5092,140.9,144.15,2024-06-25,2,141.09,midpoint,0.7282,5
MU,2024-06-27,1,133.21,-4.6485,139.1,142.41,2024-07-09,2,131.14,hard_max,-1.5539,15
MU,2024-08-02,1,92.1,-4.2381,99.31,101.46,2024-08-13,2,97.41,hard_max,5.7655,15
MU,2024-09-16,1,86.59,-4.3526,89.225,91.21,2024-09-19,1,89.97,midpoint,3.9035,6
MU,2025-01-23,1,105.99,-4.0736,107.015,109.24,2025-02-03,2,89.91,hard_max,-15.1712,15
MU,2025-02-12,1,92.35,-4.7923,91.855,94.11,2025-02-13,1,94.97,midpoint,2.837,2
MU,2025-03-21,1,94.72,-8.3495,98.585,102.88,2025-04-01,2,88.74,hard_max,-6.3133,15
MU,2025-04-03,1,76.01,-6.3777,85.765,88.59,2025-04-14,2,71.0,hard_max,-6.5912,15
MU,2025-04-16,1,70.16,-4.3509,69.475,71.02,2025-04-22,2,70.2,midpoint,0.057,7
MU,2025-04-30,1,75.46,-4.2279,75.245,76.87,2025-04-30,2,76.91,midpoint,1.9215,1
MU,2025-11-04,1,222.64,-5.3145,228.405,234.64,2025-11-05,1,236.47,midpoint,6.2118,2
NVDA,2021-11-10,1,29.723,-4.2874,30.0135,30.671,2021-11-11,1,30.203,midpoint,1.6149,2
NVDA,2022-01-24,1,21.6215,-4.3724,22.8405,23.351,2022-01-24,2,23.376,midpoint,8.1146,1
NVDA,2022-02-24,1,22.34,-6.1076,21.6985,22.382,2022-02-24,2,23.751,midpoint,6.316,1
NVDA,2022-05-26,1,17.89,-5.5789,16.5098,16.9835,2022-05-26,2,17.844,midpoint,-0.2571,1
NVDA,2022-06-13,1,15.8869,-5.7326,16.4865,16.973,2022-06-15,2,16.528,midpoint,4.0357,5
NVDA,2022-06-16,1,15.65,-4.0416,16.194,16.528,2022-06-21,1,16.831,midpoint,7.5463,4
NVDA,2022-08-08,1,17.4948,-7.8308,18.2455,18.989,2022-08-12,1,18.52,midpoint,5.8598,8
NVDA,2022-09-01,1,13.495,-5.8882,14.6535,15.098,2022-09-13,2,13.131,hard_max,-2.6973,15
NVDA,2022-10-07,1,12.2301,-4.7601,12.8175,13.13,2022-10-18,2,11.968,hard_max,-2.143,15
NVDA,2023-10-17,1,44.015,-4.5305,45.044,46.088,2023-10-26,2,40.2745,hard_max,-8.4982,15
NVDA,2024-08-02,1,104.84,-5.1033,106.55,109.34,2024-08-02,2,107.28,midpoint,2.3274,1
NVDA,2024-08-05,1,100.79,-14.1872,99.67,107.28,2024-08-05,2,100.6,midpoint,-0.1885,1
NVDA,2025-01-13,1,132.51,-4.3206,132.925,135.86,2025-01-13,2,133.24,midpoint,0.5509,1
NVDA,2025-01-27,1,117.88,-12.4825,133.7,142.6,2025-02-05,2,124.96,hard_max,6.0061,15
NVDA,2025-03-31,1,105.72,-4.1313,107.385,109.65,2025-03-31,2,108.76,midpoint,2.8755,1
NVDA,2025-04-03,1,103.02,-6.1713,106.945,110.35,2025-04-09,1,108.0,midpoint,4.834,8
NVDA,2025-04-10,1,106.47,-4.2732,111.76,114.2,2025-04-15,1,111.85,midpoint,5.0531,6
NVDA,2025-04-16,1,103.94,-6.8141,108.3,112.12,2025-04-25,1,111.86,midpoint,7.6198,12
NVDA,2025-04-30,1,106.47,-4.0852,106.705,108.93,2025-04-30,2,108.78,midpoint,2.1696,1
NVDA,2025-11-25,1,176.2,-4.1797,178.735,182.55,2025-11-26,1,180.8,midpoint,2.6107,2
PLTR,2021-05-11,1,19.9995,-6.9264,17.84,18.48,2021-05-11,2,20.21,midpoint,1.0525,1
PLTR,2021-05-19,1,20.7699,-5.3672,20.67,21.24,2021-05-19,2,20.67,midpoint,-0.481,1
PLTR,2021-09-20,1,27.1662,-4.0376,28.15,28.73,2021-09-23,1,29.05,midpoint,6.9344,6
PLTR,2022-01-24,1,12.6099,-5.4693,13.16,13.53,2022-01-24,2,13.4,midpoint,6.2657,1
PLTR,2022-02-17,1,12.28,-11.3099,13.18,13.97,2022-03-01,2,12.19,hard_max,-0.7329,15
PLTR,2022-05-09,1,7.43,-17.9316,8.63,9.4799,2022-05-18,2,8.01,hard_max,7.8062,15
PLTR,2022-08-08,1,10.04,-14.6725,10.61,11.45,2022-08-17,2,9.415,hard_max,-6.2251,15
PLTR,2022-09-13,1,7.57,-4.7441,7.82,8.01,2022-09-15,1,8.0829,midpoint,6.7754,4
PLTR,2022-10-13,1,8.1429,-4.2079,7.91,8.08,2022-10-13,2,8.08,midpoint,-0.7725,1
PLTR,2023-01-24,1,7.1501,-5.2133,7.1925,7.385,2023-01-25,2,7.22,midpoint,0.9776,3
PLTR,2023-02-03,1,8.5864,-5.1111,8.77,9.0,2023-02-14,2,9.215,midpoint,7.3209,15
PLTR,2023-02-16,1,9.935,-4.4554,9.875,10.1,2023-02-28,2,7.84,hard_max,-21.0871,15
PLTR,2023-05-24,1,12.335,-4.6677,12.345,12.64,2023-05-25,1,12.65,midpoint,2.5537,2
PLTR,2023-08-31,1,14.965,-4.4703,15.965,16.33,2023-09-12,2,15.59,hard_max,4.1764,15
PLTR,2024-02-13,1,24.6499,-6.0679,24.29,25.05,2024-02-14,1,24.915,midpoint,1.0755,2
PLTR,2024-02-21,1,22.62,-4.6805,22.8475,23.395,2024-02-22,1,23.685,midpoint,4.7082,2
PLTR,2024-05-07,1,21.57,-12.8073,23.605,25.22,2024-05-16,2,21.67,hard_max,0.4636,15
PLTR,2024-08-02,1,24.37,-5.0997,25.415,26.08,2024-08-06,1,26.99,midpoint,10.7509,4
PLTR,2025-01-13,1,64.6,-4.4015,65.77,67.25,2025-01-14,1,66.27,midpoint,2.5851,2
PLTR,2025-01-27,1,72.94,-6.2286,76.53,78.99,2025-01-28,1,79.38,midpoint,8.8292,2
PLTR,2025-02-20,1,102.89,-8.1735,107.49,112.07,2025-03-03,2,83.51,hard_max,-18.8356,15
PLTR,2025-03-04,1,83.14,-4.0354,81.825,83.51,2025-03-04,2,84.41,midpoint,1.5275,1
PLTR,2025-03-31,1,83.3,-6.77,82.915,85.82,2025-03-31,2,84.4,midpoint,1.3205,1
PLTR,2025-04-03,1,84.58,-7.1617,84.28,87.41,2025-04-09,1,84.8501,midpoint,0.3193,8
SMCI,2022-02-24,1,3.811,-4.4513,3.822,3.909,2022-02-24,2,3.919,midpoint,2.8339,1
SMCI,2022-09-19,1,5.781,-6.6474,6.021,6.228,2022-09-28,2,5.565,hard_max,-3.7364,15
SMCI,2023-01-10,1,7.753,-4.4248,8.2875,8.475,2023-01-17,2,8.4805,midpoint,9.3835,9
SMCI,2023-04-06,1,10.0532,-7.5812,10.3935,10.803,2023-04-10,1,10.531,midpoint,4.7525,2
SMCI,2023-04-24,1,9.852,-9.0985,10.239,10.727,2023-04-28,1,10.4175,midpoint,5.74,8
SMCI,2023-08-09,1,27.173,-14.4108,32.2155,34.717,2023-08-18,2,24.355,hard_max,-10.3706,15
SMCI,2023-12-01,1,26.7151,-4.1202,26.7895,27.353,2023-12-01,2,26.9675,midpoint,0.9448,1
SMCI,2024-02-21,1,72.4184,-4.8529,76.887,78.799,2024-02-22,1,95.8717,midpoint,32.3859,2
SMCI,2024-03-19,1,90.11,-11.163,94.444,100.027,2024-03-21,1,98.6,midpoint,9.4218,4
SMCI,2024-04-19,1,75.203,-6.1908,89.974,92.848,2024-04-30,2,85.871,hard_max,14.1856,15
SMCI,2024-05-01,1,73.202,-9.4735,81.8035,85.871,2024-05-06,1,82.442,midpoint,12.6226,6
SMCI,2024-08-02,1,61.55,-6.2946,65.116,67.232,2024-08-13,2,56.749,hard_max,-7.8002,15
SMCI,2024-08-27,1,55.23,-7.7511,54.07,56.25,2024-08-27,2,54.741,midpoint,-0.8854,1
SMCI,2024-08-28,1,41.983,-11.2292,51.6675,54.741,2024-09-09,2,40.968,hard_max,-2.4176,15
SMCI,2024-10-30,1,32.72,-29.0513,41.985,49.12,2024-11-08,2,24.54,hard_max,-25.0,15
SMCI,2024-11-11,1,23.04,-8.9242,23.445,24.54,2024-11-19,1,27.99,midpoint,21.4844,12
SMCI,2024-11-29,1,32.62,-5.9344,34.01,35.05,2024-12-02,1,42.28,midpoint,29.6137,2
SMCI,2024-12-11,1,38.4,-5.7967,39.365,40.54,2024-12-20,2,31.47,hard_max,-18.0469,15
SMCI,2025-01-13,1,30.8,-5.3116,31.705,32.57,2025-01-21,1,32.46,midpoint,5.3896,10
SMCI,2025-01-27,1,28.53,-8.8695,31.785,33.26,2025-02-05,2,31.51,hard_max,10.4451,15
SMCI,2025-02-11,1,39.0,-4.8969,41.635,42.68,2025-02-13,1,42.77,midpoint,9.6667,4
SMCI,2025-02-20,1,59.3,-5.0772,58.74,60.27,2025-02-20,2,59.27,midpoint,-0.0506,1
SMCI,2025-02-28,1,40.92,-6.3562,41.585,42.95,2025-03-11,2,40.83,hard_max,-0.2199,15
SMCI,2025-03-31,1,33.84,-5.575,33.305,34.26,2025-03-31,2,34.27,midpoint,1.2707,1
SMCI,2025-04-03,1,32.04,-8.6423,33.545,35.06,2025-04-09,2,36.74,midpoint,14.6692,9
SMCI,2025-04-10,1,33.21,-4.5727,35.9,36.74,2025-04-22,2,30.59,hard_max,-7.8892,15
SMCI,2025-04-30,1,30.55,-19.1111,32.56,36.0,2025-05-01,1,33.37,midpoint,9.2308,2
SMCI,2025-05-07,1,30.93,-5.5336,31.98,32.89,2025-05-07,2,32.5,midpoint,5.076,1
SMCI,2025-05-19,1,45.54,-4.1405,45.175,46.13,2025-05-29,2,41.16,hard_max,-9.6179,15
SMCI,2025-06-23,1,42.47,-4.1226,44.425,45.36,2025-06-25,1,46.11,midpoint,8.5708,4
SMCI,2025-08-06,1,45.54,-17.3966,52.325,57.31,2025-08-15,2,45.38,hard_max,-0.3513,15
SMCI,2025-11-04,1,47.92,-4.257,49.66,50.74,2025-11-13,2,35.1,hard_max,-26.7529,15
TSLA,2021-05-11,1,206.7287,-4.7374,204.7133,209.68,2021-05-11,2,205.68,midpoint,-0.5073,1
TSLA,2021-05-19,1,187.8333,-4.3816,188.4033,192.6233,2021-05-20,1,193.1033,midpoint,2.8057,2
TSLA,2021-11-02,1,388.6834,-4.1443,394.8059,403.16,2021-11-03,2,404.62,midpoint,4.1001,3
TSLA,2021-11-08,1,395.8667,-5.8665,395.2043,407.1469,2021-11-17,2,363.1333,hard_max,-8.2688,15
TSLA,2022-01-24,1,294.7857,-4.0521,307.955,314.3233,2022-01-24,2,310.0433,midpoint,5.1758,1
TSLA,2022-02-24,1,252.1,-8.3247,244.0633,254.6633,2022-02-24,2,266.7833,midpoint,5.8244,1
TSLA,2022-04-11,1,330.0367,-4.3969,334.315,341.83,2022-04-13,1,338.3167,midpoint,2.5088,4
TSLA,2022-05-12,1,242.5578,-4.5401,239.2233,244.78,2022-05-12,2,242.67,midpoint,0.0463,1
TSLA,2022-06-03,1,235.3,-5.835,250.7609,258.2967,2022-06-14,2,221.0233,hard_max,-6.0674,15
TSLA,2022-06-16,1,214.8367,-4.4048,227.8684,233.0,2022-06-21,1,242.2861,midpoint,12.7769,4
TSLA,2022-10-03,1,243.0599,-4.0636,259.89,265.28,2022-10-12,2,217.23,hard_max,-10.627,15
TSLA,2022-10-13,1,221.67,-4.1109,212.765,217.23,2022-10-13,2,221.7,midpoint,0.0135,1
TSLA,2022-10-20,1,208.235,-6.3489,215.34,222.4,2022-10-25,1,220.42,midpoint,5.8516,6
TSLA,2022-12-27,1,112.8099,-4.5687,120.3075,123.12,2022-12-29,2,121.83,midpoint,7.9958,5
TSLA,2023-01-06,1,111.1384,-6.6775,106.685,110.37,2023-01-06,2,113.02,midpoint,1.693,1
TSLA,2023-01-13,1,120.4339,-5.64,120.0332,123.5163,2023-01-13,2,122.3888,midpoint,1.6232,1
TSLA,2023-03-02,1,189.785,-7.8964,194.745,202.75,2023-03-03,1,199.63,midpoint,5.1874,2
TSLA,2023-04-20,1,164.3699,-7.9622,173.3525,180.54,2023-05-01,2,161.78,hard_max,-1.5757,15
TSLA,2023-10-19,1,221.255,-6.8439,234.25,242.55,2023-10-30,2,197.27,hard_max,-10.8404,15
TSLA,2024-01-25,1,181.94,-8.6927,198.73,207.76,2024-02-05,2,181.03,hard_max,-0.5002,15
TSLA,2024-04-02,1,166.73,-5.9217,169.935,175.12,2024-04-04,1,175.93,midpoint,5.5179,4
TSLA,2024-04-22,1,142.17,-4.3875,143.785,147.01,2024-04-23,1,145.7,midpoint,2.4829,2
TSLA,2024-07-24,1,220.77,-8.496,235.885,246.35,2024-08-02,2,207.67,hard_max,-5.9338,15
TSLA,2024-08-05,1,199.89,-10.8104,196.445,207.67,2024-08-05,2,198.87,midpoint,-0.5103,1
TSLA,2024-10-02,1,248.56,-4.0578,252.785,258.02,2024-10-11,2,217.69,hard_max,-12.4195,15
TSLA,2025-02-03,1,380.28,-4.4243,395.63,404.58,2025-02-12,2,336.46,hard_max,-11.5231,15
TSLA,2025-03-04,1,271.14,-4.9091,277.79,284.78,2025-03-05,2,279.26,midpoint,2.9948,3
TSLA,2025-03-18,1,226.95,-4.078,233.01,237.86,2025-03-19,1,234.31,midpoint,3.243,2
TSLA,2025-03-31,1,254.28,-5.3738,256.42,263.5,2025-03-31,2,259.26,midpoint,1.9585,1
TSLA,2025-04-02,1,283.59,-5.2097,261.545,268.54,2025-04-02,2,282.76,midpoint,-0.2927,1
TSLA,2025-04-03,1,268.26,-6.1713,274.035,282.76,2025-04-14,2,252.44,hard_max,-5.8973,15
TSLA,2025-04-30,1,278.02,-4.1267,285.975,292.0,2025-05-02,1,292.15,midpoint,5.0824,4
TSLA,2025-07-01,1,302.1,-6.7282,306.935,317.62,2025-07-02,1,315.59,midpoint,4.4654,2
TSLA,2025-07-07,1,291.36,-7.1479,302.585,313.8,2025-07-10,2,309.94,midpoint,6.377,7
TSLA,2025-07-24,1,304.27,-6.8547,321.5,332.91,2025-07-28,1,328.16,midpoint,7.8516,4
TSLA,2025-10-23,1,446.24,-4.2991,429.495,438.93,2025-10-23,2,449.05,midpoint,0.6297,1
TSM,2022-02-24,1,108.59,-6.8162,111.95,115.9,2022-03-07,2,99.29,hard_max,-8.5643,15
TSM,2022-06-16,1,84.95,-4.3761,87.17,89.12,2022-06-28,2,84.36,hard_max,-0.6945,15
TSM,2022-10-11,1,63.61,-4.8748,65.845,67.49,2022-10-13,1,67.3328,midpoint,5.8525,4
TSM,2022-10-24,1,60.93,-4.9725,62.165,63.75,2022-11-02,2,60.6,hard_max,-0.5416,15
TSM,2023-02-15,1,92.345,-5.7472,95.145,97.96,2023-02-27,2,87.26,hard_max,-5.5065,15
TSM,2023-07-20,1,98.27,-4.3854,100.81,103.07,2023-07-27,1,100.91,midpoint,2.6865,10
TSM,2024-04-18,1,131.75,-4.4094,135.955,139.02,2024-04-25,1,136.68,midpoint,3.7419,10
TSM,2024-07-17,1,172.79,-5.8817,180.695,186.17,2024-07-26,2,161.95,hard_max,-6.2735,15
TSM,2024-08-02,1,149.69,-4.3871,154.72,158.19,2024-08-06,1,156.25,midpoint,4.3824,4
TSM,2025-01-27,1,187.93,-11.1552,209.41,221.78,2025-01-31,1,212.96,midpoint,13.3188,8
TSM,2025-02-03,1,201.75,-4.5609,204.4,209.17,2025-02-05,1,209.23,midpoint,3.7076,4
TSM,2025-04-03,1,159.11,-6.2907,165.05,170.41,2025-04-14,2,155.78,hard_max,-2.0929,15
V,2021-11-17,1,202.7,-4.3383,210.62,215.29,2021-11-30,1,193.72,hard_max,-4.4302,15
V,2022-02-24,1,211.39,-5.8429,209.68,215.99,2022-02-24,2,217.2,midpoint,2.7485,1
