ticker,earnings_date,day1_date,timing,prior_close,day1_open,day1_high,day1_low,day1_close,gap_pct,gap_size_dollars,recovery_ratio,ant_recovery,day1_green,day_of_min,eps_surprise_pct,drift_1d,drift_2d,drift_3d,drift_5d,drift_7d,drift_10d,trajectory
AAPL,2024-10-31,2024-11-01,AMC,224.43569946289065,219.5279346472888,223.8793552942412,218.83250593091051,221.4552764892578,-2.1867130885803396,4.907764815601865,0.5344124376150763,0.46808494894525354,True,1,8.867,-0.40374710274229286,0.24225377383340915,-0.08523909770168536,1.9289006292369348,0.7028384254351943,1.048652431946367,"[0.0, -0.40374710274229286, 0.24225377383340915, -0.08523909770168536, 2.0501549855018992, 1.9289006292369348, 0.7028384254351943, 0.7028384254351943, 1.102534069972955, 2.4947680722769245, 1.048652431946367]"
AAPL,2025-01-30,2025-01-31,AMC,236.29916381835935,245.8470107317681,245.8470107317681,232.1717149504871,234.71780395507807,4.040575835785898,9.547846913408762,0.266666299499976,0.6168674854846876,False,5,-27.4038,-3.3855885005693787,-1.355926936552282,-1.4957549719271042,-3.546602995904522,-1.3238254516538266,3.758019032839103,"[0.0, -3.3855885005693787, -1.355926936552282, -1.4957549719271042, -1.17796457343053, -3.546602995904522, -3.432082996315404, -1.3238254516538266, 0.4789934201707564, 2.455750592915361, 3.758019032839103]"
AAPL,2025-05-01,2025-05-02,AMC,212.3943023681641,205.19567188008236,206.0917754590827,201.2827333487594,204.4588928222656,-3.389276646227371,7.198630488081733,0.44121718412477867,0.2858425725439418,False,3,2.027,-3.1458530512295253,-3.330905864717394,-4.431461127640022,-3.321166635744926,3.8272259287679655,3.0129144415078466,"[0.0, -3.1458530512295253, -3.330905864717394, -4.431461127640022, -3.8276140053246954, -3.321166635744926, 2.7837403087208856, 3.8272259287679655, 3.53466098303674, 3.1055677194337847, 3.0129144415078466]"
AAPL,2025-07-31,2025-08-01,AMC,206.94027709960935,210.23025491744008,212.93203997684435,200.8886866162373,201.7660217285156,1.589819953825191,3.2899778178307315,0.26666900534204185,0.14497595544327646,False,0,18.3246,0.4792959023176383,0.26681664846346453,5.371083188925185,13.326410514819036,13.603421569397076,14.56310239070925,"[0.0, 0.4792959023176383, 0.26681664846346453, 5.371083188925185, 8.721208554407529, 13.326410514819036, 12.381559983114206, 13.603421569397076, 15.423856634584554, 15.151776405515946, 14.56310239070925]"
AAPL,2025-10-30,2025-10-31,AMC,270.8836669921875,276.4630533049319,276.79244258078194,268.647962249571,269.85565185546875,2.059698310605538,5.579386312744418,0.21645563476025462,0.5401829601543763,False,5,-0.4444,-0.48822578802912703,-0.12205644700728176,-0.08506518988129097,-0.7027434145723613,1.9036191721241305,0.8521899027777936,"[0.0, -0.48822578802912703, -0.12205644700728176, -0.08506518988129097, -0.2219249250505999, -0.7027434145723613, -0.2510678384145893, 1.9036191721241305, 1.2446297085821754, 1.0521191093599982, 0.8521899027777936]"
AAPL,2026-01-29,2026-01-30,AMC,258.0385437011719,254.9314433110553,261.6551472598355,251.94423313215475,259.2374267578125,-1.2041225878699897,3.1071003901165852,2.34726681148017,1.1967216870659052,True,10,3.6585,4.058122413384735,3.853865449153424,6.555411308614839,7.18359182416502,5.571173151422088,-1.33369167475407,"[0.0, 4.058122413384735, 3.853865449153424, 6.555411308614839, 6.331895258827512, 7.18359182416502, 5.933776056859978, 5.571173151422088, 6.273235097870529, 0.9615063147669156, -1.33369167475407]"
AMD,2024-10-29,2024-10-30,AMC,166.25,153.00999450683594,153.1199951171875,148.10000610351562,148.60000610351562,-7.963913078594925,13.240005493164062,0.03776433478506898,0.027548218630357182,False,10,0.0,-3.048451274047224,-4.535669728350439,-5.309555225826988,-2.3553161885887675,-0.43742202461326773,-6.258413640494319,"[0.0, -3.048451274047224, -4.535669728350439, -5.309555225826988, -4.670257171168489, -2.3553161885887675, 0.8209967500628937, -0.43742202461326773, -0.841184353067417, -3.3445498092651444, -6.258413640494319]"
AMD,2025-02-04,2025-02-05,AMC,119.5,107.61000061035156,112.08999633789062,106.5,112.01000213623048,-9.949790284224633,11.889999389648438,0.46341483760104735,0.4238463181715756,True,2,-12.381,-1.651636852815229,-3.972863577151322,-1.3659483529301706,-0.25890626729445887,0.9731241113315211,1.928395671386365,"[0.0, -1.651636852815229, -3.972863577151322, -1.3659483529301706, -0.812430715787873, -0.25890626729445887, -0.1785595695226094, 0.9731241113315211, 2.0266017317860086, 2.3926437407940075, 1.928395671386365]"
AMD,2025-04-29,2025-04-30,AMC,96.05999755859376,92.80999755859376,97.5500030517578,91.87000274658205,97.3499984741211,-3.3833021888404646,3.25,1.6861525315504764,1.3078764946985624,True,1,7.5,-0.7190518327827917,1.4894757065889062,3.3281950842873735,3.0919385551203975,5.639443194474171,20.9245023789056,"[0.0, -0.7190518327827917, 1.4894757065889062, 3.3281950842873735, 1.3045755442909037, 3.0919385551203975, 4.468411445612384, 5.639443194474171, 11.063178676190716, 15.521315713598401, 20.9245023789056]"
AMD,2025-07-29,2025-07-30,AMC,177.44000244140625,175.61000061035156,180.3699951171875,173.8000030517578,179.50999450683594,-1.0313355533564004,1.8300018310546875,3.120210787869692,1.5686792342098754,True,5,9.589,-1.7826288486239845,-4.350731322815754,-1.5208043067680566,-9.130410501474495,-3.7602363136070136,2.7352257881788287,"[0.0, -1.7826288486239845, -4.350731322815754, -1.5208043067680566, -2.896772941544581, -9.130410501474495, -3.9607825903425145, -3.7602363136070136, -4.027628515839399, -2.5402471718197845, 2.7352257881788287]"
AMD,2025-10-28,2025-10-29,AMC,258.010009765625,264.19000244140625,267.0799865722656,257.3999938964844,264.3299865722656,2.3952530684352613,6.17999267578125,1.1213593671298627,11.360348191505327,True,7,9.1954,-3.59020569608378,-3.1059629524225705,-1.7705114491434284,-3.0265200341970533,-11.648316441659215,-2.058023001616913,"[0.0, -3.59020569608378, -3.1059629524225705, -1.7705114491434284, -5.402332026602583, -3.0265200341970533, -10.074524638445824, -11.648316441659215, -7.698706873411456, -10.14261856835342, -2.058023001616913]"
AMD,2026-01-27,2026-01-28,AMC,252.02999877929688,254.1300048828125,257.3999938964844,250.2100067138672,252.7400054931641,0.8332365645704757,2.100006103515625,1.2047578219231967,1.3901152798155678,False,6,22.5225,-0.22157664208723288,-6.33457680527671,-2.559943451800778,-20.792119138091564,-17.527895105215556,-15.49418485834787,"[0.0, -0.22157664208723288, -6.33457680527671, -2.559943451800778, -4.205905140371619, -20.792119138091564, -23.834772566226526, -17.527895105215556, -14.536679866519114, -15.498139320094609, -15.49418485834787]"
AMZN,2024-10-31,2024-11-01,AMC,186.3999938964844,199.0,200.5,197.0200042724609,197.92999267578125,6.759660148118299,12.600006103515597,0.07222126686640573,,False,1,0.0,-1.0862395675455652,0.7932134503690387,4.627900773539625,5.17859868604653,5.54742150893416,2.3644763844539805,"[0.0, -1.0862395675455652, 0.7932134503690387, 4.627900773539625, 6.123382420283174, 5.17859868604653, 4.5015934885141, 5.54742150893416, 8.169561979533642, 6.845856390220422, 2.3644763844539805]"
AMZN,2025-02-06,2025-02-07,AMC,238.8300018310547,232.5,234.80999755859372,228.05999755859372,229.1499938964844,-2.650421547763689,6.3300018310546875,0.17219526423250175,0.10120667646138413,False,10,1.7341,1.7412199866636124,1.575387609210382,-0.09600751759240114,-0.20510636405055743,-1.0997115779153266,-7.174334549641652,"[0.0, 1.7412199866636124, 1.575387609210382, -0.09600751759240114, 0.5324029034250014, -0.20510636405055743, -1.0909884645815628, -1.0997115779153266, -2.736194274787671, -5.485486537306237, -7.174334549641652]"
AMZN,2025-05-01,2025-05-02,AMC,190.1999969482422,191.44000244140625,192.8800048828125,186.3999938964844,189.97999572753903,0.651948219274418,1.2400054931640625,2.8870854611455887,0.9421049884153682,False,2,-4.7619,-1.910722026349242,-2.61606555030711,-0.6684856522963655,1.6212242869359208,11.259079835081723,8.216654890727968,"[0.0, -1.910722026349242, -2.61606555030711, -0.6684856522963655, 1.1053827512068113, 1.6212242869359208, 9.822088683942683, 11.259079835081723, 10.669546651391295, 7.995579946844042, 8.216654890727968]"
AMZN,2025-07-31,2025-08-01,AMC,234.1100006103516,217.2100067138672,220.44000244140625,212.8000030517578,214.75,-7.218826129778387,16.899993896484403,0.11538447647888399,0.09150620232970433,False,1,-16.5354,-1.443541840985144,-0.46565774155995343,3.520371389333514,3.6973236048457507,3.1292205917127474,7.580907464166181,"[0.0, -1.443541840985144, -0.46565774155995343, 3.520371389333514, 3.902214147991851, 3.6973236048457507, 3.050059628292346, 3.1292205917127474, 4.568101307843409, 7.55762315601352, 7.580907464166181]"
AMZN,2025-10-30,2025-10-31,AMC,222.8600006103516,250.1000061035156,250.5,243.97999572753903,244.22000122070312,12.222922650346048,27.240005493164006,0.008810772568468142,,False,10,17.6871,4.0045855091363425,2.088283546811843,2.4486101456264033,0.0777997053707797,1.9982003351160338,-3.902218791115539,"[0.0, 4.0045855091363425, 2.088283546811843, 2.4486101456264033, -0.48317415800187963, 0.0777997053707797, 1.711568526282904, 1.9982003351160338, -0.008191086872880454, -2.7188597807137955, -3.902218791115539]"
AMZN,2026-02-05,2026-02-06,AMC,222.69000244140625,202.6999969482422,211.44000244140625,200.30999755859372,210.32000732421875,-8.97660661637641,19.990005493164062,0.5007507261090113,0.4472746908698197,True,5,-15.0943,-0.7607484061414738,-1.5975658488695061,-2.9669100779103643,-5.4821289637518165,-2.629333323273019,-2.4011044484098987,"[0.0, -0.7607484061414738, -1.5975658488695061, -2.9669100779103643, -5.096995458058224, -5.4821289637518165, -4.360029054962097, -2.629333323273019, -2.596047225050866, -0.09985103963191827, -2.4011044484098987]"
AVGO,2024-12-12,2024-12-13,AMC,178.1898956298828,210.9754028262188,225.57304983309507,208.2235562894247,221.72637939453125,18.399195465288663,32.785507196336,0.4118534151155541,,True,4,1.1547,11.209973670193365,6.863876413695917,-0.5249169709573837,-1.7838134313670164,6.904885121938799,5.076160995825494,"[0.0, 11.209973670193365, 6.863876413695917, -0.5249169709573837, -2.882563281687653, -1.7838134313670164, 3.635467749771868, 6.904885121938799, 9.438347925065344, 7.828169452194128, 5.076160995825494]"
AVGO,2025-03-06,2025-03-07,AMC,177.47067260742188,185.65932206111327,193.32383907341804,179.55737936023962,192.80958557128903,4.614085997073606,8.188649453691397,1.618362867527,,True,1,-14.6744,-5.390848932915237,-2.4979485150683445,-0.37443903194124867,0.29749202455309814,-3.226297880281268,-1.3951759457466077,"[0.0, -5.390848932915237, -2.4979485150683445, -0.37443903194124867, -1.8465303294112085, 0.29749202455309814, -0.23593758420900005, -3.226297880281268, 0.3128845915972391, -1.9713960994997548, -1.3951759457466077]"
AVGO,2025-06-12,2025-06-13,AMC,254.0118560791016,248.64534893686752,251.95850038803465,246.35391775276003,246.7010955810547,-2.112699472013185,5.36650714223407,0.06469344381607063,0.045335678285688054,False,0,0.7435,1.3671121549415217,0.2693934358304588,1.029342081914295,2.2787697252372627,6.663818207087259,11.097222052990109,"[0.0, 1.3671121549415217, 0.2693934358304588, 1.029342081914295, 0.755291241487789, 2.2787697252372627, 6.309137982445728, 6.663818207087259, 8.888597912777636, 8.558101555294805, 11.097222052990109]"
AVGO,2025-09-04,2025-09-05,AMC,304.3544311523437,353.75111105346923,354.307915143692,329.5300420981367,332.9802551269531,16.229985452848616,49.39667990112554,0.06984706331928664,,False,0,13.5865,3.212985825348267,0.5315230906663189,10.355640683975222,7.459158322944064,7.497972018762184,3.000981477847736,"[0.0, 3.212985825348267, 0.5315230906663189, 10.355640683975222, 7.387506499117366, 7.459158322944064, 8.719279097234677, 7.497972018762184, 3.3682772685459583, 3.1234164630742445, 3.000981477847736]"
AVGO,2025-12-11,2025-12-12,AMC,404.7449035644531,378.4404976165911,380.47234798569394,353.72971744738294,358.4906005859375,-6.499008564705308,26.30440594786205,0.1809918516309057,0.0933228613070084,False,3,15.5354,-5.589970903258869,-5.176002083932777,-9.421274501958795,-5.437174704733626,-2.7620877465093274,-2.7426019535167376,"[0.0, -5.589970903258869, -5.176002083932777, -9.421274501958795, -8.348840812393272, -5.437174704733626, -4.952805051834423, -2.7620877465093274, -2.5115646351159695, -1.979889367686443, -2.7426019535167376]"
AVGO,2026-03-05,2026-03-06,AMC,332.0733947753906,327.5928011473892,342.7909307290547,326.7146384032199,329.7882080078125,-1.3492781109525604,4.480593628001429,0.6859737480731005,0.573560242550746,True,10,19.5159,4.620552445287558,3.661333456715866,3.3557210937861472,-2.5175496229121364,-2.7747559339286543,-6.042724286309166,"[0.0, 4.620552445287558, 3.661333456715866, 3.3557210937861472, 1.6612224124369592, -2.5175496229121364, -1.6823948549484107, -2.7747559339286543, -4.402692823763476, -3.2195623004673117, -6.042724286309166]"
BA,2024-10-23,2024-10-23,BMO,159.8800048828125,160.0,161.47000122070312,153.52999877929688,157.05999755859375,0.07505323587865351,0.1199951171875,29.417853509664294,0.5559047852477689,False,10,24.1379,-1.1842611990730862,-1.3052356320030032,-4.055771817270704,-1.7636599487578262,-1.5726481975664435,-6.303319782486959,"[0.0, -1.1842611990730862, -1.3052356320030032, -4.055771817270704, -2.5977345565235845, -1.7636599487578262, -4.93442004359432, -1.5726481975664435, -1.2670255095557366, -3.8583965699687286, -6.303319782486959]"
BA,2025-01-28,2025-01-28,BMO,175.16000366210938,181.30999755859372,188.47999572753903,174.02000427246094,177.77999877929688,3.5110720300896605,6.149993896484347,0.6113818273844701,3.2982425613363495,False,1,-28.1553,-2.3174683009769983,0.9843627022253044,-0.7087380557360362,-0.8718658242775935,3.9487030715844753,1.4962333672932515,"[0.0, -2.3174683009769983, 0.9843627022253044, -0.7087380557360362, -1.074363637768121, -0.8718658242775935, 2.2837200958888633, 3.9487030715844753, 2.086852705220774, 1.5581079376087352, 1.4962333672932515]"
BA,2025-04-23,2025-04-23,BMO,162.52000427246094,174.0,176.5800018310547,169.91000366210938,172.3699951171875,7.063743185911515,11.479995727539062,0.2142850497040618,,False,0,-26.8519,2.2567729302328874,3.2372234084366402,5.760868025678886,6.306207973485469,7.594135851648838,7.652145277627271,"[0.0, 2.2567729302328874, 3.2372234084366402, 5.760868025678886, 5.586822043050732, 6.306207973485469, 6.10315285169487, 7.594135851648838, 8.174283225511754, 7.884209538580296, 7.652145277627271]"
BA,2025-07-23,2025-07-23,BMO,228.47999572753903,230.32000732421875,235.2700042724609,229.30999755859372,233.8800048828125,0.805327219488361,1.840011596679716,2.4836839792017154,,True,6,-22.2222,-1.1159571386443887,-0.350610273259422,1.081750780946205,-3.4376639204152397,-5.1222895229247065,-3.7797209732012145,"[0.0, -1.1159571386443887, -0.350610273259422, 1.081750780946205, -3.3350448473207743, -3.4376639204152397, -5.147942660149418, -5.1222895229247065, -4.934157817682646, -3.8566803848753364, -3.7797209732012145]"
BA,2025-10-22,2025-10-22,BMO,217.25999450683597,216.67999267578125,217.3999938964844,213.8000030517578,216.58999633789065,-0.2669620941357736,0.5800018310547159,4.810318065822864,0.8063584324863083,False,10,-8.7719,0.5448118355057301,2.197705270837672,2.9595104900918123,-1.3897200044919118,-7.188693997270225,-8.758484482870138,"[0.0, 0.5448118355057301, 2.197705270837672, 2.9595104900918123, 3.1118729429448377, -1.3897200044919118, -7.62269485478895, -7.188693997270225, -5.558887062978606, -8.559949027936439, -8.758484482870138]"
BA,2026-01-28,2026-01-28,BMO,244.55999755859372,244.08999633789065,245.8600006103516,237.1000061035156,241.58999633789065,-0.1921823787189323,0.47000122070306816,9.553145899618185,0.6018760559462377,False,3,-22.0588,-3.125130661949395,-3.257583193213207,-3.5473290265891846,-2.3345334968921048,0.5960521806508151,-2.20621793611027,"[0.0, -3.125130661949395, -3.257583193213207, -3.5473290265891846, -3.4935231463814262, -2.3345334968921048, -1.9206090732163048, 0.5960521806508151, 1.2914484967386026, 0.4139244236757999, -2.20621793611027]"
BABA,2024-11-15,2024-11-15,BMO,89.07447814941406,88.7007869457671,89.19247646875381,85.78015748139892,87.11754608154297,-0.41952668307539714,0.3736912036469562,3.578860265085466,0.40596794754344284,False,5,-0.3344,0.8578931821400231,-1.6706147326602194,-2.0544072072835795,-6.163221621850739,-3.849187002585502,-2.9800140489204043,"[0.0, 0.8578931821400231, -1.6706147326602194, -2.0544072072835795, -3.397663353292165, -6.163221621850739, -3.397663353292165, -3.849187002585502, -2.2575919737069223, -1.3771217333435737, -2.9800140489204043]"
BABA,2025-02-20,2025-02-20,BMO,123.69925689697266,135.5194663661808,142.1081030918637,129.22584636063942,133.71005249023438,9.555602649297267,11.820209469208152,0.37936773804866875,,False,2,17.931,5.721855356641958,-5.096719983585197,-1.441499096980402,0.42656349746691186,-3.794953269620221,2.927116401542791,"[0.0, 5.721855356641958, -5.096719983585197, -1.441499096980402, 2.287265449418007, 0.42656349746691186, -2.544682523506697, -3.794953269620221, -4.50098723904239, 3.72140390390219, 2.927116401542791]"
BABA,2025-05-15,2025-05-15,BMO,131.82196044921875,124.1417711368009,124.22044326266732,120.6114438926472,121.84066772460938,-5.8261835025405055,7.680189312417852,0.1600512411816048,0.10964916966663844,False,10,-0.8772,-0.35512432764137536,-0.758677261598382,1.0169506383884683,-1.9531869329175628,-3.5351129312018235,-8.119455976555907,"[0.0, -0.35512432764137536, -0.758677261598382, 1.0169506383884683, -0.25020820418413303, -1.9531869329175628, -2.5585132029630744, -3.5351129312018235, -5.778858978453215, -5.423728389031854, -8.119455976555907]"
BABA,2025-08-14,2025-08-14,BMO,126.86000061035156,123.7300033569336,123.93000030517578,121.33999633789062,122.27999877929688,-2.4672845959000935,3.1299972534179688,0.30032053235183,0.17029016555220464,False,5,20.1754,-0.834148391600317,-0.7196575582293516,-1.8727518305430964,-3.4265640196552374,1.6928358811651285,-2.216224330656016,"[0.0, -0.834148391600317, -0.7196575582293516, -1.8727518305430964, -2.2816494466630064, -3.4265640196552374, 0.5397478481338565, 1.6928358811651285, 1.5619918884336315, -0.04088601804250748, -2.216224330656016]"
BABA,2025-11-14,2025-11-14,BMO,159.83999633789062,156.94000244140625,162.6199951171875,151.77999877929688,153.8000030517578,-1.8143105373663735,2.899993896484375,0.6965546634114514,0.2506209533906327,False,5,14.6341,2.542265009444476,3.849153479504857,3.309490401100776,-0.5656764360945954,2.0871205405619384,6.801034621278947,"[0.0, 2.542265009444476, 3.849153479504857, 3.309490401100776, -0.33810420165332644, -0.5656764360945954, 4.5058469039491, 2.0871205405619384, 2.4707431575791383, 2.275682659656487, 6.801034621278947]"
BABA,2026-02-19,2026-02-19,BMO,155.77000427246094,155.22500610351562,155.5,153.14999389648438,154.27000427246094,-0.34987363035057994,0.5449981689453125,2.055071814542095,0.427483183366821,False,10,13.7681,0.11667379969949275,-0.965842647241079,-0.7519307901623296,-4.03189281677713,-7.590592072056852,-15.505281329155524,"[0.0, 0.11667379969949275, -0.965842647241079, -0.7519307901623296, -1.2899497232459094, -4.03189281677713, -6.585858158249276, -7.590592072056852, -12.108645502841227, -13.612497192202873, -15.505281329155524]"
BIDU,2024-11-21,2024-11-21,BMO,86.75,82.6500015258789,82.69000244140625,80.22000122070312,81.62999725341797,-4.726223024923451,4.099998474121094,0.3439015993822049,0.21592592592592594,False,1,1.8072,-1.5925462037288607,1.274042570770511,2.303080909063465,4.189643407340238,5.328930846354382,5.88019504258507,"[0.0, -1.5925462037288607, 1.274042570770511, 2.303080909063465, 3.9078801283099143, 4.189643407340238, 5.990444143306259, 5.328930846354382, 3.7363752963131507, 5.0349145518064695, 5.88019504258507]"
BIDU,2025-02-27,2025-02-27,BMO,89.16000366210938,89.68000030517578,90.1999969482422,87.20999908447266,88.26000213623047,0.5832173863933913,0.5199966430664062,2.0192496735478382,0.5384618394231409,False,2,-22.9787,-2.05076494921733,-4.464086048088697,-1.257648519697815,5.81236928308675,4.90595297627203,6.798096368430782,"[0.0, -2.05076494921733, -4.464086048088697, -1.257648519697815, 4.101512609981558, 5.81236928308675, 7.409926078896705, 4.90595297627203, 7.036028704018658, 4.690685802679105, 6.798096368430782]"
BIDU,2025-05-22,2025-05-22,BMO,85.4800033569336,84.55999755859375,84.95999908447266,83.4800033569336,84.06999969482422,-1.0762818930858393,0.9200057983398438,0.6412963254745536,0.2949981689453125,False,5,8.2353,-0.3092686299206396,-0.17842455860998546,-1.0467434954352044,-2.581180179401034,-0.3806348233446224,2.0697012847457574,"[0.0, -0.3092686299206396, -0.17842455860998546, -1.0467434954352044, 0.3806348233446224, -2.581180179401034, -1.2013823479205386, -0.3806348233446224, 0.9753773020112216, 2.117281772045089, 2.0697012847457574]"
BIDU,2025-08-21,2025-08-21,BMO,86.76000213623047,86.66999816894531,88.22000122070312,86.0999984741211,87.61000061035156,-0.1037390099919916,0.09000396728515625,16.77706196490633,2.2878693300041615,True,0,2.4658,2.739415031570419,4.930943573482625,5.558729269095126,3.8351793025265217,9.90754508013346,16.379406887511845,"[0.0, 2.739415031570419, 4.930943573482625, 5.558729269095126, 2.568199959279707, 3.8351793025265217, 8.777539536391265, 9.90754508013346, 10.03310221925596, 12.099073622045667, 16.379406887511845]"
BIDU,2025-11-20,2025-11-20,BMO,115.48999786376952,116.95999908447266,117.37000274658205,110.3000030517578,110.4499969482422,1.2728385556272444,1.4700012207031392,0.10203657954287787,0.028900586978865123,False,0,-5.3571,0.4526935389905934,7.931192737230646,6.7270262657024,5.8306949926165,7.732006474865935,13.770943534742432,"[0.0, 0.4526935389905934, 7.931192737230646, 6.7270262657024, 5.332729336704759, 5.8306949926165, 8.383886276221238, 7.732006474865935, 6.183795400424746, 7.487555003135325, 13.770943534742432]"
BIDU,2026-02-26,2026-02-26,BMO,132.64999389648438,129.1999969482422,129.39999389648438,122.97000122070312,125.1500015258789,-2.6008270689665087,3.4499969482421875,0.6318847053724254,0.22520681349584165,False,5,2.4631,-0.5673184784786875,-1.2704785840185198,-5.145826898032092,-5.769078012524155,-2.1334383830536368,-1.5900901634092537,"[0.0, -0.5673184784786875, -1.2704785840185198, -5.145826898032092, -4.930082376123233, -5.769078012524155, -4.874149740109857, -2.1334383830536368, 0.27966318006693747, 0.0, -1.5900901634092537]"
C,2024-10-15,2024-10-15,BMO,63.33342361450195,64.04341507974691,64.43679387700064,59.99452684282512,60.10006713867188,1.121037557619705,0.7099914652449542,0.14865009089982908,0.031609331783492546,False,8,0.0,2.5702462070145544,2.123241623289608,0.33524233011856985,1.4687075845490722,0.5747111115850267,3.272676540945544,"[0.0, 2.5702462070145544, 2.123241623289608, 0.33524233011856985, -1.29310476149855, 1.4687075845490722, 0.7343442714101271, 0.5747111115850267, -1.4048606678619913, 2.426576363171964, 3.272676540945544]"
C,2025-01-15,2025-01-15,BMO,71.14507293701172,73.75855290986874,76.71083401850375,73.42945003740405,75.7622299194336,3.67345181467572,2.6134799728570215,0.8925952776593797,,True,0,21.6867,0.3066471157437529,2.1975252124632196,4.3439543208482885,4.7400145836377465,3.5773818473084464,4.58669606085693,"[0.0, 0.3066471157437529, 2.1975252124632196, 4.3439543208482885, 4.369502372887364, 4.7400145836377465, 4.101202510657526, 3.5773818473084464, 2.13365004727447, 3.0152139304454537, 4.58669606085693]"
C,2025-04-15,2025-04-15,BMO,61.61819076538086,62.56361720922641,64.61040791927196,62.22248294552275,62.70006942749024,1.5343300932761565,0.9454264438455482,0.5051545628710109,,True,1,16.7347,-3.466503435931146,-1.6788543168727514,-2.54936483535646,3.062334578756577,6.37336645809157,6.295648931913314,"[0.0, -3.466503435931146, -1.6788543168727514, -2.54936483535646, 0.3419899689999799, 3.062334578756577, 5.953665046953262, 6.37336645809157, 6.1402017114769265, 7.072897202175129, 6.295648931913314]"
C,2025-07-15,2025-07-15,BMO,85.96497344970703,87.09480870888805,90.18954955047776,86.57410773309246,89.12849426269531,1.314297223440685,1.1298352591810215,2.260848658108296,,True,1,25.5319,-0.7716150570309658,2.6124248325451007,3.0092490744505715,3.6155192706884374,5.147698431380925,4.144621113227332,"[0.0, -0.7716150570309658, 2.6124248325451007, 3.0092490744505715, 2.12742408354555, 3.6155192706884374, 5.8090778745532905, 5.147698431380925, 5.89726294164222, 5.324077125553725, 4.144621113227332]"
C,2025-10-14,2025-10-14,BMO,95.03504180908205,94.31313845701716,100.09830884784948,93.9867936160085,98.7335968017578,-0.759618071737299,0.721903352064885,6.5753998401196725,4.528319931400305,True,2,17.8571,-0.0600948442997072,-3.58573116424197,-2.7744314480639614,-1.5925404193270813,-3.1550372801306694,1.5524900685484735,"[0.0, -0.0600948442997072, -3.58573116424197, -2.7744314480639614, -0.5408613259501867, -1.5925404193270813, -3.545665358957934, -3.1550372801306694, -1.0617013401374227, 1.1518397429606804, 1.5524900685484735]"
C,2026-01-14,2026-01-14,BMO,115.69694519042967,117.2985984690048,118.1342391279265,109.89717507931684,111.82711791992188,1.3843522626625193,1.601653278575128,1.2049691817956778,0.3327619549794065,False,0,-22.8814,4.49248038738647,5.008444878779366,0.34694411097625566,2.8912009248022366,2.1439335369346315,2.4819811202584035,"[0.0, 4.49248038738647, 5.008444878779366, 0.34694411097625566, 1.2899146397274588, 2.8912009248022366, 1.0497220380907832, 2.1439335369346315, 2.117243953977116, 1.5923761124411935, 2.4819811202584035]"
COIN,2024-10-30,2024-10-31,AMC,211.7400054931641,203.72999572753903,206.0,178.82000732421875,179.25,-3.7829458570990995,8.010009765625057,0.053681916547288475,0.013061746649393137,False,0,16.2437,2.02510732653417,3.9163203751525293,8.206419366174163,42.58298567980736,80.88702384065552,55.55927271290969,"[0.0, 2.02510732653417, 3.9163203751525293, 8.206419366174163, 41.87447562543583, 42.58298567980736, 51.04044085599722, 80.88702384065552, 78.03626492764994, 58.83961016496687, 55.55927271290969]"
COIN,2025-02-13,2025-02-14,AMC,298.1099853515625,288.0199890136719,291.54998779296875,274.0,274.3099975585937,-3.3846556082284347,10.089996337890625,0.030723257790448318,0.012857641930238795,False,10,12.6246,-3.5288515773886475,-5.701572771702772,-6.459845203752739,-17.22138844913383,-22.365204108764537,-24.993619688961214,"[0.0, -3.5288515773886475, -5.701572771702772, -6.459845203752739, -14.191970042019921, -17.22138844913383, -22.53654355132449, -22.365204108764537, -24.03849769541161, -21.395502520417537, -24.993619688961214]"
COIN,2025-05-08,2025-05-09,AMC,206.5,204.5200042724609,214.1300048828125,198.7700042724609,199.32000732421875,-0.9588357034087608,1.979995727539091,0.27777991846549693,0.0711517924645657,False,0,-1.8634,3.963472609969381,28.88821214952327,32.15432168514839,33.68451819372445,31.135859561577007,32.02889523982755,"[0.0, 3.963472609969381, 28.88821214952327, 32.15432168514839, 22.636962401769445, 33.68451819372445, 32.445304301520764, 31.135859561577007, 29.93677539510402, 36.43889334434489, 32.02889523982755]"
COIN,2025-08-07,2025-08-08,AMC,310.7900085449219,311.44000244140625,313.70001220703125,301.2300109863281,310.5400085449219,0.20914246874523457,0.649993896484375,14.323207662331566,0.9738493657066609,False,9,7.2682,2.9239345406123856,3.889993636848299,5.303664831425616,2.25735140566689,-2.7275072414631807,2.998002609137879,"[0.0, 2.9239345406123856, 3.889993636848299, 5.303664831425616, 4.620984642447381, 2.25735140566689, 3.2813815163955566, -2.7275072414631807, -1.9804191818313592, -3.303925253850444, 2.998002609137879]"
COIN,2025-11-06,2025-11-07,AMC,295.2200012207031,290.20001220703125,310.92999267578125,283.6499938964844,309.1400146484375,-1.7004230719174709,5.019989013671875,5.077704489498161,2.2031118941987624,True,9,-19.2737,2.8433646926425733,-1.659443824716927,-1.6626817638871065,-8.132242174157692,-15.316686245668762,-22.232647903730548,"[0.0, 2.8433646926425733, -1.659443824716927, -1.6626817638871065, -8.41042853335176, -8.132242174157692, -14.617972536747647, -15.316686245668762, -16.772337337979646, -22.960473449885992, -22.232647903730548]"
COIN,2026-02-12,2026-02-13,AMC,141.08999633789062,153.6999969482422,167.64999389648438,146.16000366210938,164.32000732421875,8.937558251934737,12.610000610351562,1.4401271041336674,,True,5,2.027,1.0345647958059876,-0.16431612732842313,0.9858781919301512,-2.4829610815464864,11.940113341448075,12.731254403895095,"[0.0, 1.0345647958059876, -0.16431612732842313, 0.9858781919301512, 4.278236651624552, -2.4829610815464864, -1.3936273386377558, 11.940113341448075, 10.18743274599873, 7.016795439004034, 12.731254403895095]"
COST,2024-12-12,2024-12-13,AMC,981.917724609375,974.5762226618816,1000.0880577892494,959.406194165716,982.8715209960938,-0.7476697653475977,7.341501947493384,3.196256978231757,1.0423692378048608,True,10,20.3024,0.35578894773993536,-0.7348276916249874,-2.4874984219138767,-3.565980952927422,-3.085863968696733,-6.786282645113907,"[0.0, 0.35578894773993536, -0.7348276916249874, -2.4874984219138767, -3.4921951415501993, -3.565980952927422, -3.9864644456032083, -3.085863968696733, -3.356751417265719, -5.018453594207969, -6.786282645113907]"
COST,2025-03-06,2025-03-07,AMC,1021.0243530273438,989.7259490888404,996.9562826022416,937.6413971624564,959.0540161132812,-3.0653924997678472,31.298403938503384,0.6841441177926315,0.25679851150301697,False,4,17.0279,-3.100665869414651,-3.50717911842069,-3.8608003326642333,-6.2625161958388835,-6.871242356954603,-5.7087504019724635,"[0.0, -3.100665869414651, -3.50717911842069, -3.8608003326642333, -7.641743939038031, -6.2625161958388835, -4.94654760623608, -6.871242356954603, -6.249037032124895, -7.146044193201092, -5.7087504019724635]"
COST,2025-06-05,2025-06-06,AMC,1006.6103515625,1016.3895676108866,1016.3895676108866,1004.419487958521,1010.7232055664062,0.9714996506053145,9.779216048386616,0.6446035732000446,2.8772752427109585,False,8,19.3694,-0.8631140355353293,-0.7557086367986854,-1.7892666945617155,-2.4365976921426484,-3.66721862952861,-1.0306051037552697,"[0.0, -0.8631140355353293, -0.7557086367986854, -1.7892666945617155, -1.2049924367541072, -2.4365976921426484, -3.0129913671687913, -3.66721862952861, -3.9450680504929663, -3.414001313672014, -1.0306051037552697]"
COST,2025-09-25,2025-09-26,AMC,940.6921997070312,922.9814766028596,925.0557213981313,902.5383665386728,913.4081420898438,-1.8827330671698395,17.71072310417162,0.6137397940917878,0.28489340777915406,False,6,-27.2349,0.10044583866428418,1.0568262709970193,0.15175794584251895,-0.062230714175112514,-0.12555061619634264,1.535019828230399,"[0.0, 0.10044583866428418, 1.0568262709970193, 0.15175794584251895, 0.08952723166738154, -0.062230714175112514, -0.5469727627530365, -0.12555061619634264, -0.12555061619634264, 2.9412081124581775, 1.535019828230399]"
COST,2025-12-11,2025-12-12,AMC,883.2733154296875,882.0949189386505,887.4076682811873,865.9370003096327,883.2633056640625,-0.1334124410249787,1.178396491037006,14.703290009954452,0.9994226128473276,True,6,0.6645,-2.7033139742109014,-2.7225312074461976,-2.4670062701665203,-3.2618368413364136,-3.355684106553443,-1.8802138233338535,"[0.0, -2.7033139742109014, -2.7225312074461976, -2.4670062701665203, -3.0391007468116737, -3.2618368413364136, -3.8972493719675505, -3.355684106553443, -1.4257100183769542, -1.2572534517426321, -1.8802138233338535]"
COST,2026-03-05,2026-03-06,AMC,982.5700073242188,967.010009765625,1002.5,960.4600219726562,998.0999755859376,-1.5836019258279086,15.55999755859375,2.4190205346460933,1.7023961352657055,True,10,1.2195,0.7213718448198886,-0.07413989104055571,-0.588116948278815,1.0349681737823275,-0.1943695510329493,-2.581901525542622,"[0.0, 0.7213718448198886, -0.07413989104055571, -0.588116948278815, 0.5229968806698648, 1.0349681737823275, 0.36469439309428947, -0.1943695510329493, -1.8214600862111778, -2.3364339103778224, -2.581901525542622]"
GOOGL,2024-10-29,2024-10-30,AMC,168.70579528808594,179.6426331826948,180.9749512117023,173.06064622942904,173.45835876464844,6.482787313816256,10.936837894608857,0.036364490271492834,,False,3,25.0,-1.92020121453932,-1.817041112823653,-2.992082789874212,1.1750504738529564,2.229743097303103,2.5335406681013075,"[0.0, -1.92020121453932, -1.817041112823653, -2.992082789874212, -2.7054917645655476, 1.1750504738529564, 3.6054134466338024, 2.229743097303103, 3.3761247921425555, 4.104095377746571, 2.5335406681013075]"
GOOGL,2025-02-04,2025-02-05,AMC,205.43028259277344,190.19075635884175,191.863018176166,187.16473708667556,190.44955444335935,-7.418344579772182,15.239526233931684,0.21554589731076765,0.17983680561783197,True,5,26.8908,0.14109906162033417,-3.130739084752507,-2.5401356364904735,-4.034923600117986,-3.1882330865802007,-3.538404887566989,"[0.0, 0.14109906162033417, -3.130739084752507, -2.5401356364904735, -3.1411787007477274, -4.034923600117986, -2.712593606019599, -3.1882330865802007, -3.951302516356052, -3.1673137946666143, -3.538404887566989]"
GOOGL,2025-04-24,2025-04-25,AMC,158.72959899902344,164.49961422965615,165.52605388757996,160.4835257508864,161.40036010742188,3.635122413853139,5.770015230632708,0.15889634947028372,,False,8,8.0851,-0.833549672352743,-1.1113838064713382,-1.9511069404267574,1.278095631741765,0.7841336175331605,-5.686590088011062,"[0.0, -0.833549672352743, -1.1113838064713382, -1.9511069404267574, -0.407505189772966, 1.278095631741765, 1.389227394589325, 0.7841336175331605, -6.532477229569765, -4.741927560809542, -5.686590088011062]"
GOOGL,2025-07-29,2025-07-30,AMC,195.30975341796875,195.1600963397073,197.155598285003,194.2521393007246,196.08799743652344,-0.0766255016159744,0.14965707826144126,12.267098603861012,1.7358487428123326,True,2,18.8841,-2.355880242066972,-3.7653308274497284,-0.7581693405939838,-0.2238922752262637,2.4881597077479007,2.762935883561699,"[0.0, -2.355880242066972, -3.7653308274497284, -0.7581693405939838, -0.9464296566842306, -0.2238922752262637, -0.005089168219031575, 2.4881597077479007, 2.2744613321652776, 3.465116592143554, 2.762935883561699]"
GOOGL,2025-10-28,2025-10-29,AMC,267.1071472167969,267.38675485794886,274.96645416764926,267.3068768000952,274.197509765625,0.10467995486659162,0.27960764115198344,24.64393654315162,,True,0,-6.5217,2.516665731765192,2.4110329948989992,3.3324785662707135,3.5473500885485043,1.551513516449369,4.42144957809232,"[0.0, 2.516665731765192, 2.4110329948989992, 3.3324785662707135, 1.0816810062745243, 3.5473500885485043, 3.7076077830102583, 1.551513516449369, 5.656109403060956, 6.096804150606395, 4.42144957809232]"
GOOGL,2026-02-03,2026-02-04,AMC,339.47100830078125,342.7187296036167,343.0684894885568,328.2888852617291,332.80572509765625,0.9567006381758096,3.24772130283543,1.3907719951166133,0.40393401325961653,False,8,28.0952,-0.5374779306136844,-3.0566936790269903,-2.6183044732608076,-6.629838965691973,-8.203218632128111,-9.064976931565324,"[0.0, -0.5374779306136844, -3.0566936790269903, -2.6183044732608076, -4.341830241922839, -6.629838965691973, -7.21835593410884, -8.203218632128111, -9.314202588851115, -8.92085537979518, -9.064976931565324]"
GS,2024-10-15,2024-10-15,BMO,507.1008605957031,522.6703747159445,524.3292051641073,500.0776096482599,506.741943359375,3.0702992895637164,15.569514120241365,0.4280373593965293,0.9488958547809277,False,8,23.7986,1.431888861855402,1.2672750004215618,1.1715563820843462,-0.7810456178048434,0.4058255023209988,0.36370545597328985,"[0.0, 1.431888861855402, 1.2672750004215618, 1.1715563820843462, -0.8767642361420479, -0.7810456178048434, -0.9916217602975391, 0.4058255023209988, -1.8722101642163889, 0.22971504831098252, 0.36370545597328985]"
GS,2025-01-15,2025-01-15,BMO,557.1671752929688,582.9719820702172,594.0952172866643,578.0976343940448,590.6929321289062,4.631429833187827,25.804806777248473,0.48809889737157197,,True,0,24.6505,1.1668218137526138,3.304069792733206,4.756397376169842,5.542000635880897,4.51545699987177,6.565227441081564,"[0.0, 1.1668218137526138, 3.304069792733206, 4.756397376169842, 4.424672964098768, 5.542000635880897, 5.112889524838671, 4.51545699987177, 5.261413281975154, 5.1921008176039605, 6.565227441081564]"
GS,2025-04-14,2025-04-14,BMO,484.4046325683594,499.6487808198134,501.6081878034205,487.0595849705021,493.7509765625,3.146986470923719,15.244148251454021,0.43894821026551345,,False,2,1.6988,0.7758279255776789,-0.9782108322570565,1.0932966410272131,3.1767144447894684,8.212627150658324,8.91702399718355,"[0.0, 0.7758279255776789, -0.9782108322570565, 1.0932966410272131, -0.5198639836550841, 3.1767144447894684, 5.025998761869537, 8.212627150658324, 8.111435697318637, 8.41701262457946, 8.91702399718355]"
GS,2025-07-14,2025-07-14,BMO,694.0845947265625,693.87778542673,702.43384827679,691.3080279547069,702.3058471679688,-0.029795978963332373,0.20680929983245733,53.17855252240382,3.9609417373787137,True,6,-21.9208,-1.5126824401935623,-0.6280667781449204,-1.045836473203721,-1.0234058272228435,0.5916267554413871,1.4510046817564108,"[0.0, -1.5126824401935623, -0.6280667781449204, -1.045836473203721, -0.7065696937378173, -1.0234058272228435, -1.80709661837806, 0.5916267554413871, 0.8243457938280352, 2.198229378167047, 1.4510046817564108]"
GS,2025-10-15,2025-10-15,BMO,762.942626953125,770.7228759469515,774.5536198083014,754.924727797557,760.1412963867188,1.0197685538816414,7.78024899382649,0.6704886428828958,0.6506153903842903,False,5,28.2242,-1.2813554994297083,-2.234571514486531,-0.6003137105648677,-3.0380383093032,2.077017670006516,1.9702420597784436,"[0.0, -1.2813554994297083, -2.234571514486531, -0.6003137105648677, -1.1654664648063238, -3.0380383093032, -2.233262714331081, 2.077017670006516, 2.872655752236904, 3.14613074913553, 1.9702420597784436]"
GS,2026-01-14,2026-01-14,BMO,933.2386474609376,927.41923435241,933.2386450089648,913.0946572994995,927.7872924804688,-0.6235718081715269,5.8194131085276695,2.5247623612489147,0.729380577691878,True,6,-22.2386,4.630788493840516,3.1447350996492625,1.1472437723453415,2.3566747870368308,-0.08685030926196513,0.7987833851845424,"[0.0, 4.630788493840516, 3.1447350996492625, 1.1472437723453415, 2.180836132570596, 2.3566747870368308, -1.478547243390788, -0.08685030926196513, -0.3162977480166098, 0.4438891544804771, 0.7987833851845424]"
JPM,2024-10-11,2024-10-11,BMO,207.49185180664065,210.250740587431,218.98560432950427,209.75356099050916,216.7043914794922,1.3296371673242067,2.7588887807903575,2.5194312062814577,,True,1,18.4971,-0.36439390424082235,0.04498681482859489,0.6073255208320366,1.3855784058782394,0.8232537824588733,0.009005812516164165,"[0.0, -0.36439390424082235, 0.04498681482859489, 0.6073255208320366, 0.958207185652607, 1.3855784058782394, 0.31940708941222745, 0.8232537824588733, 0.5038537343386702, 1.210137573467974, 0.009005812516164165]"
JPM,2025-01-15,2025-01-15,BMO,242.4976501464844,245.36878608055943,248.57308719225867,238.78380771723948,247.2796173095703,1.1839850540162655,2.8711359340750278,2.9590412252869736,2.287606368388159,True,0,21.5645,0.7608426088151484,2.698634068458692,4.232216322178155,5.389351177735588,5.3497108458700104,6.292847147707195,"[0.0, 0.7608426088151484, 2.698634068458692, 4.232216322178155, 4.156921906016253, 5.389351177735588, 4.949469375529636, 5.3497108458700104, 5.86091315799233, 5.638979133104694, 6.292847147707195]"
JPM,2025-04-11,2025-04-11,BMO,223.9175262451172,223.12878393710992,235.2263101699424,221.83720086361387,232.8797607421875,-0.35224679427007194,0.7887423080072722,14.000212447677924,5.308092655483487,True,5,0.8658,-0.6265885851979512,-1.2997503342941505,-2.790012952424085,-3.052494796228648,1.9813775487471776,2.9720597709030163,"[0.0, -0.6265885851979512, -1.2997503342941505, -2.790012952424085, -1.795084893154283, -3.052494796228648, -0.2582556633439182, 1.9813775487471776, 3.573245407812655, 3.111772710379906, 2.9720597709030163]"
JPM,2025-07-15,2025-07-15,BMO,286.0130615234375,285.3196042033426,289.2328539238584,282.82306855064246,283.8830871582031,-0.24245652153130634,0.6934573200949217,1.5285996366951136,0.3322949663528214,False,1,-0.6231,-0.25475472091199997,1.1690788528104021,1.6471766440940667,1.7030124116869831,3.48977847476332,3.6607902943374855,"[0.0, -0.25475472091199997, 1.1690788528104021, 1.6471766440940667, 1.542481892344469, 1.7030124116869831, 3.563072326024123, 3.48977847476332, 4.212181936881913, 4.093522868208345, 3.6607902943374855]"
JPM,2025-10-14,2025-10-14,BMO,306.5870666503906,304.46663636257074,305.62143108333873,292.8888554642275,300.7235107421875,-0.6916241806892229,2.120430287819886,3.694842185080828,0.5719473273907444,False,6,9.8837,1.195044746820311,-1.1718767441964306,-1.496289669242513,-1.6518796018878623,-2.496025008047405,1.0858009674746816,"[0.0, 1.195044746820311, -1.1718767441964306, -1.496289669242513, 0.09268215854748091, -1.6518796018878623, -2.6383818809373714, -2.496025008047405, -0.5429004837373408, 0.6852472085753475, 1.0858009674746816]"
JPM,2026-01-14,2026-01-14,BMO,310.8999938964844,308.20001220703125,311.760009765625,306.1199951171875,307.8699951171875,-0.8684405733221392,2.699981689453125,0.6481525437139014,0.3661088801067477,False,6,13.1105,0.45149403010462436,1.4941391419987782,-1.666289331267835,-1.3772015141524565,-2.218464507938119,-0.4709720701756612,"[0.0, 0.45149403010462436, 1.4941391419987782, -1.666289331267835, -1.8936520819596274, -1.3772015141524565, -3.2968441411839717, -2.218464507938119, -2.4555811473983273, -2.3061702069450067, -0.4709720701756612]"
MARA,2024-11-12,2024-11-13,AMC,25.229999542236328,24.31999969482422,26.190000534057617,21.43000030517578,21.700000762939453,-3.6068167416678802,0.9099998474121094,0.29670384949130374,0.07105276630858698,False,3,-1.1765,-4.193547536487929,-2.9032306265683987,-16.543778923358886,4.285706751750234,19.953915997556486,24.055295529157384,"[0.0, -4.193547536487929, -2.9032306265683987, -16.543778923358886, -8.479263077862907, 4.285706751750234, 11.428568917250077, 19.953915997556486, 21.751148144729964, 15.069117214040531, 24.055295529157384]"
MARA,2025-02-25,2025-02-26,AMC,12.420000076293944,12.260000228881836,12.869999885559082,12.210000038146973,12.449999809265137,-1.2882435300262143,0.1599998474121076,1.5000000000000167,1.1428558453413116,True,0,-14.2857,5.4618499244452465,11.807231241359945,10.763053599331617,21.445784073883793,28.67470444330276,5.301203674886369,"[0.0, 5.4618499244452465, 11.807231241359945, 10.763053599331617, 12.208839205222366, 21.445784073883793, 21.204822359580263, 28.67470444330276, 7.710843798026025, 6.987950995080664, 5.301203674886369]"
MARA,2025-05-06,2025-05-07,AMC,13.149999618530272,13.31999969482422,13.59000015258789,13.050000190734863,13.329999923706056,1.292776283083643,0.17000007629394887,1.6470565135926338,2.800013351516895,True,0,12.5,7.201800777505691,18.22955978307449,19.654912982405015,19.054763513808375,21.6053951781711,18.82970925167113,"[0.0, 7.201800777505691, 18.22955978307449, 19.654912982405015, 22.805708424056387, 19.054763513808375, 17.629410314477834, 21.6053951781711, 22.430606063250984, 21.455368542540942, 18.82970925167113]"
MARA,2025-08-07,2025-08-08,AMC,15.949999809265137,16.040000915527344,16.18000030517578,15.289999961853027,15.380000114440918,0.5642702654449351,0.09000110626220703,0.9999894037489536,0.13636389908389446,False,7,-16.0,1.8205444140945621,2.2106641746292994,3.1209332813049637,1.8855654076408792,-1.3654098607567415,5.916780197107985,"[0.0, 1.8205444140945621, 2.2106641746292994, 3.1209332813049637, 2.4057209545250515, 1.8855654076408792, 4.616385129154351, -1.3654098607567415, 0.45513455333783215, 0.8452543138725694, 5.916780197107985]"
MARA,2025-11-06,2025-11-07,AMC,15.960000038146973,15.390000343322754,15.890000343322754,14.8100004196167,15.869999885559082,-3.571426650763331,0.5699996948242188,1.8596491815127625,0.9217389717894751,True,10,1.3699,-1.8273469687728936,-7.8134831761813865,-9.199748258823245,-24.448646140013693,-25.14177567668962,-36.546945384748085,"[0.0, -1.8273469687728936, -7.8134831761813865, -9.199748258823245, -19.470700534784747, -24.448646140013693, -27.473217946552293, -25.14177567668962, -30.056707866959837, -35.47574136760984, -36.546945384748085]"
MARA,2026-02-25,2026-02-26,AMC,8.569999694824219,8.430000305175781,8.649999618530273,8.140000343322754,8.449999809265137,-1.6335985371503454,0.1399993896484375,2.214291553133515,0.7209300778243772,True,6,-15.2174,5.798813990278391,11.834319793753535,2.485207608131716,3.786990008540182,2.485207608131716,3.6686441019418052,"[0.0, 5.798813990278391, 11.834319793753535, 2.485207608131716, 9.940830432526864, 3.786990008540182, -5.207095743373346, 2.485207608131716, 1.4201170209200036, 1.1834364938100892, 3.6686441019418052]"
META,2024-10-30,2024-10-31,AMC,588.9600219726562,582.1925856019707,587.0690948039123,560.3081253081026,564.856201171875,-1.1490485123283571,6.767436370685573,0.6720529923965366,0.15873559495972198,False,2,-1.2876,-0.07400640805376438,-1.2156760029926728,0.854504417476966,4.249636181083491,2.746751778898373,1.6878626033053388,"[0.0, -0.07400640805376438, -1.2156760029926728, 0.854504417476966, 0.7875431514951909, 4.249636181083491, 3.8338215227793646, 2.746751778898373, 3.0374719436941873, 2.188240577338587, 1.6878626033053388]"
META,2025-01-29,2025-01-30,AMC,673.7865600585938,694.0353417764899,707.949485012391,673.3981124232191,684.2545776367188,3.0052219676413925,20.248781717896122,0.5361539950773707,27.948336467614958,False,0,-2.0101,0.31732716952995527,1.5225638572426459,2.5021882863770886,3.6375550171276396,4.425061594474698,6.049509104011684,"[0.0, 0.31732716952995527, 1.5225638572426459, 2.5021882863770886, 2.6011729553939245, 3.6375550171276396, 4.005832932753311, 4.425061594474698, 4.774384619439761, 5.586617294156801, 6.049509104011684]"
META,2025-04-30,2025-05-01,AMC,547.2926025390625,590.238618351305,591.1059077397648,568.7257162038675,570.430419921875,7.84699365805466,42.946015812242536,0.03969410632782298,,False,0,6.1224,4.335822259353053,4.729030769750946,2.6388807451199088,4.508828012016351,11.747431930812251,12.525117880164332,"[0.0, 4.335822259353053, 4.729030769750946, 2.6388807451199088, 4.299111099888165, 4.508828012016351, 3.5441516159116073, 11.747431930812251, 14.648469515934847, 15.230423247248106, 12.525117880164332]"
META,2025-07-30,2025-07-31,AMC,693.5811767578125,773.3836936232736,782.9113054874113,763.7163951695271,771.6278076171875,11.505865432868706,79.80251686546114,0.09913738010291344,,False,1,25.625,-3.0293181251903323,0.3788219753447737,-1.2903297250906676,-1.5010895917293856,-0.9787499950562989,1.1235490237179004,"[0.0, -3.0293181251903323, 0.3788219753447737, -1.2903297250906676, -0.18747305682883325, -1.5010895917293856, -0.5352644089113179, -0.9787499950562989, 2.141081365410703, 0.8585112736160604, 1.1235490237179004]"
META,2025-10-29,2025-10-30,AMC,750.4149169921875,668.0328178882455,679.8230975870755,649.08446528138,665.3572387695312,-10.97820648797146,82.38209910394198,0.19752802690326993,0.16059114721597265,False,9,-12.6984,-2.718807530868354,-4.315272071098876,-5.87423619738464,-7.13161003275507,-5.208035105818041,-8.489504791806196,"[0.0, -2.718807530868354, -4.315272071098876, -5.87423619738464, -4.579352774778366, -7.13161003275507, -6.715986560394701, -5.208035105818041, -5.910241364882972, -8.62154514364594, -8.489504791806196]"
META,2026-01-28,2026-01-29,AMC,668.1578979492188,736.7991536844581,743.363540655783,711.9404325537852,737.6784057617188,10.27320876486238,68.64125573523938,0.3749636123675997,,True,10,0.0,-2.954040762285805,-4.320682488503551,-6.313066646765055,-9.223760175202585,-8.274307650186913,-11.986829854371,"[0.0, -2.954040762285805, -4.320682488503551, -6.313066646765055, -9.389007541955348, -9.223760175202585, -10.408904493194385, -8.274307650186913, -9.154697498941555, -9.429640919590177, -11.986829854371]"
MSFT,2024-10-30,2024-10-31,AMC,427.5291442871094,410.55766284750285,411.3484314804884,401.6024154615228,401.65185546875,-3.9696665517168195,16.97148143960652,0.002913122664224907,0.001906912652181511,False,0,0.0,0.9892846679301663,0.5192409155063987,1.2575174784793894,4.695453224780964,2.8694444815903077,5.054748274642194,"[0.0, 0.9892846679301663, 0.5192409155063987, 1.2575174784793894, 3.4034711390826353, 4.695453224780964, 3.9842559960514627, 2.8694444815903077, 4.104836533213062, 4.638855592687912, 5.054748274642194]"
MSFT,2025-01-29,2025-01-30,AMC,438.0909729003906,414.7567742579652,418.8075747745586,409.20055129765046,411.0130004882813,-5.326336328717492,23.334198642425406,0.07767351338714984,0.06273529737824728,False,9,0.0,0.01686952417992357,-0.9807415670570406,-0.6313374874536765,0.1999989011049251,-0.667474800034525,-1.072313680486163,"[0.0, 0.01686952417992357, -0.9807415670570406, -0.6313374874536765, -0.40964283386029693, 0.1999989011049251, -1.2626823998739676, -0.667474800034525, -0.8554452552013142, -1.4337684809275761, -1.072313680486163]"
MSFT,2025-04-30,2025-05-01,AMC,392.2570495605469,427.8346397458207,433.669971462135,421.6718285206496,422.16802978515625,9.069968334573488,35.577590185273834,0.013947017263468562,,False,0,8.8372,2.322518748190109,2.5317411907614518,1.8594289469944272,3.0018790478430843,5.6088428740396035,6.714122612462033,"[0.0, 2.322518748190109, 2.5317411907614518, 1.8594289469944272, 1.8688408123928968, 3.0018790478430843, 3.1335222742420954, 5.6088428740396035, 5.580643421720546, 6.473917639093576, 6.714122612462033]"
MSFT,2025-07-29,2025-07-30,AMC,509.609619140625,512.1946027794743,512.9701269930791,506.4977159897069,510.2757568359375,0.507247811218407,2.5849836388492804,1.4615337557464927,1.2140611911768415,False,0,21.0526,3.9474744981016365,2.1179116970828282,4.364442288236939,2.2796392211912453,1.7145796866593515,1.4301421063547757,"[0.0, 3.9474744981016365, 2.1179116970828282, 4.364442288236939, 2.8271277378313227, 2.2796392211912453, 1.480797831863181, 1.7145796866593515, 1.661986245086634, 3.1174502335904757, 1.4301421063547757]"
MSFT,2025-10-28,2025-10-29,AMC,539.8251953125,542.6832878753321,544.0077970763692,534.5072653816836,539.3073120117188,0.5294477893306877,2.8580925628320983,1.6794580737016913,0.9026156215823348,False,7,13.1206,-2.9156935182629353,-4.3837088930740356,-4.52773315922762,-6.350280686612998,-8.25961511365253,-5.615350637295494,"[0.0, -2.9156935182629353, -4.3837088930740356, -4.52773315922762, -5.026295236617519, -6.350280686612998, -8.207911918624818, -8.25961511365253, -6.564478020681494, -6.069605390939419, -5.615350637295494]"
MSFT,2026-01-27,2026-01-28,AMC,479.485595703125,482.10959164059926,482.63838346935967,476.9114647448887,480.533203125,0.5472522972512647,2.6239959374742625,1.3802378000620796,1.4069751845853165,False,6,21.2598,-9.993146244609463,-10.659634581539864,-12.096421008563892,-14.00244708026972,-16.7119984920722,-16.041363099665492,"[0.0, -9.993146244609463, -10.659634581539864, -12.096421008563892, -14.621183946868916, -14.00244708026972, -18.262978187885366, -16.7119984920722, -14.124947161559628, -14.193472013916834, -16.041363099665492]"
MU,2024-12-18,2024-12-19,AMC,103.38280487060548,89.63159280437887,90.54701131662908,84.18882068973073,86.6564712524414,-13.301256513051381,13.751212066226614,0.17944967693220998,0.1285637489046952,False,7,11.1111,3.4791667051849684,3.0198612689627797,2.5146420170665573,1.7682849900032902,-3.2387772855945864,14.122130045358256,"[0.0, 3.4791667051849684, 3.0198612689627797, 2.5146420170665573, 3.134685426972513, 1.7682849900032902, -1.916600261114467, -3.2387772855945864, 0.4058728480485132, 3.3261676085822125, 14.122130045358256]"
MU,2025-03-19,2025-03-20,AMC,101.68389129638672,101.20566472387983,104.30420452884842,100.97650896282856,102.62042999267578,-0.4703071119819324,0.47822657250688394,3.437535938728199,2.3239497961141327,True,10,22.8216,-8.038829306952481,-5.883486058124278,-8.563108218069528,-11.49514169002053,-15.53093471586721,-27.731268305321706,"[0.0, -8.038829306952481, -5.883486058124278, -8.563108218069528, -10.553396430585401, -11.49514169002053, -14.135918186944659, -15.53093471586721, -13.761646728990723, -13.868585679592794, -27.731268305321706]"
MU,2025-06-25,2025-06-26,AMC,126.94613647460938,129.22068892210345,129.5399320880524,123.49439782847416,125.6991195678711,1.7917460985108509,2.2745524474940737,0.9692991435857734,0.6387278891655017,False,6,13.8298,-0.9841259532637247,-2.182544102245539,-4.055552335312125,-2.9444449333819303,-1.1610235356634204,-1.0736338842175126,"[0.0, -0.9841259532637247, -2.182544102245539, -4.055552335312125, -3.3809561816585525, -2.9444449333819303, -4.7358113966472315, -1.1610235356634204, -2.892805042112186, -2.201681452642038, -1.0736338842175126]"
MU,2025-09-24,2025-09-25,AMC,161.4757080078125,157.16196942539648,158.7197068264904,154.42593371021755,156.602783203125,-2.671447387124827,4.313738582416022,0.5046317599728654,0.30878286325423054,False,0,5.914,0.28055795898323316,4.508044337394477,6.688765209799749,17.165072609498864,21.83866114787706,22.712761811223096,"[0.0, 0.28055795898323316, 4.508044337394477, 6.688765209799749, 16.144846791229178, 17.165072609498864, 19.841617363920506, 21.83866114787706, 18.476233348143644, 25.398874806101844, 22.712761811223096]"
MU,2025-12-17,2025-12-18,AMC,225.3342742919922,256.3187300925832,263.43286144325225,244.79822699687696,248.3453063964844,13.750440716551102,30.984455800591036,0.11447931899903754,,False,0,12.6437,6.988528442465677,11.281431948446855,11.152674458227471,14.58057536337616,17.782419502913495,25.639145521155083,"[0.0, 6.988528442465677, 11.281431948446855, 11.152674458227471, 15.340979399907503, 14.58057536337616, 18.48277029887392, 17.782419502913495, 14.876405466405501, 26.95531544909242, 25.639145521155083]"
NVDA,2024-11-20,2024-11-21,AMC,145.83216857910156,149.290807835149,152.8293979645091,140.64422730754492,146.6118621826172,2.3716572891607353,3.4586392560474337,1.7254285380118348,1.1502895971067302,False,4,22.5352,-3.2181159001722976,-7.261201319060338,-6.647579112137302,-5.740774565469323,-4.37035267743542,-2.877329157800685,"[0.0, -3.2181159001722976, -7.261201319060338, -6.647579112137302, -7.724839475643853, -5.740774565469323, -5.481708367353204, -4.37035267743542, -1.0431650370953196, -1.0908839234187329, -2.877329157800685]"
NVDA,2025-02-26,2025-02-27,AMC,131.23699951171875,134.95577522934062,134.96576646206714,119.97068795236892,120.1106414794922,2.833633602915312,3.7187757176218668,0.037634301649356126,0.012422302222517157,False,7,3.0075,3.970039779860958,-5.068664184061871,-3.462339347507644,-7.973363893941894,-10.96129349528831,-3.7947253477101444,"[0.0, 3.970039779860958, -5.068664184061871, -3.462339347507644, -2.3720360268617395, -7.973363893941894, -6.208900358009867, -10.96129349528831, -9.479810319947578, -3.661543547025122, -3.7947253477101444]"
NVDA,2025-05-28,2025-05-29,AMC,134.7782440185547,142.21648797143945,143.45620133736625,137.87751407348716,139.15721130371094,5.518875844576778,7.438243952884761,0.17204292280941821,,False,1,20.0,-2.91687093816788,-1.3003783961656206,1.4584299865117758,0.5747599702493704,2.4714448452692035,4.1813823472360765,"[0.0, -2.91687093816788, -1.3003783961656206, 1.4584299865117758, 1.9613463311230162, 0.5747599702493704, 1.8176481147024273, 2.4714448452692035, 3.4269694523140672, 2.622248475214443, 4.1813823472360765]"
NVDA,2025-08-27,2025-08-28,AMC,181.56982421875,180.7899615720414,184.43934897141472,176.3806906932069,180.1400604248047,-0.4295111536645277,0.779862646708608,4.820553654498158,0.7244696466361072,False,5,-24.0,-3.324642868305785,-5.211746332839192,-5.300542731244398,-7.298652281926829,-5.222851176711101,-1.2987585021725598,"[0.0, -3.324642868305785, -5.211746332839192, -5.300542731244398, -4.723311083269473, -7.298652281926829, -6.582673614408141, -5.222851176711101, -1.5762864233161402, -1.6595431055564116, -1.2987585021725598]"
NVDA,2025-11-19,2025-11-20,AMC,186.49952697753903,195.92847930218133,195.97847686300787,179.83025642841662,180.6201629638672,5.055751334842724,9.428952324642296,0.08377458154986864,0.11843971985129771,False,5,0.0,-0.9743076928405661,1.0573599682963504,-1.5611141322093216,-2.0150588956455042,0.45394476343619866,0.9854759471537287,"[0.0, -0.9743076928405661, 1.0573599682963504, -1.5611141322093216, -0.2103636162266794, -2.0150588956455042, -0.3985765797989934, 0.45394476343619866, -0.581264552205802, 1.5224898820431283, 0.9854759471537287]"
NVDA,2026-02-26,2026-02-27,AMC,184.87998962402344,181.2401979138715,182.5801217841234,176.3704661683341,177.180419921875,-1.9687321042985297,3.6397917101519397,0.22252750103304259,0.09518203431231784,False,0,18.8976,2.985489802695473,1.614079459193558,3.3015332127193133,0.355546683275208,4.277893599694653,1.7324600988520538,"[0.0, 2.985489802695473, 1.614079459193558, 3.3015332127193133, 3.470845258091497, 0.355546683275208, 3.081427553735475, 4.277893599694653, 4.994670890453901, 3.363565494652977, 1.7324600988520538]"
PLTR,2024-11-04,2024-11-05,AMC,41.40999984741211,47.86000061035156,51.57500076293945,46.86000061035156,51.130001068115234,15.575949738484585,6.450000762939453,0.6620154965404544,,True,0,-23.0769,8.60551069678247,9.290044789304941,14.199096753120452,17.054561360929952,15.744179677086963,23.17621401637477,"[0.0, 8.60551069678247, 9.290044789304941, 14.199096753120452, 17.817329200160287, 17.054561360929952, 18.716994904958234, 15.744179677086963, 28.632887285583692, 19.812237515745046, 23.17621401637477]"
PLTR,2025-02-03,2025-02-04,AMC,83.73999786376953,102.8000030517578,106.91000366210938,100.51000213623048,103.83000183105467,22.760933453802558,19.060005187988267,0.174186715170281,,True,1,-16.6667,-2.3788897015740536,7.175187149051913,6.76104836681877,8.46576207311436,13.560629473901725,7.926413928924317,"[0.0, -2.3788897015740536, 7.175187149051913, 6.76104836681877, 12.347105334433191, 8.46576207311436, 13.059806722008632, 13.560629473901725, 14.764520428304209, 20.0231152353782, 7.926413928924317]"
PLTR,2025-05-05,2025-05-06,AMC,123.7699966430664,112.70999908447266,113.91000366210938,105.31999969482422,108.86000061035156,-8.935927816568565,11.05999755859375,0.3200724861622343,0.19187000005789243,False,0,0.0,1.488152432021927,9.452508596209636,7.753079546284396,17.674081742871603,17.69244387180767,15.368359024194417,"[0.0, 1.488152432021927, 9.452508596209636, 7.753079546284396, 8.818664725607418, 17.674081742871603, 19.584780402253973, 17.69244387180767, 18.978507758840486, 16.04813625092142, 15.368359024194417]"
PLTR,2025-08-04,2025-08-05,AMC,160.66000366210938,171.80999755859375,176.3300018310547,169.22000122070312,173.27000427246094,6.940118039542924,11.149993896484375,0.3632291720836538,,True,10,27.2727,3.6186234541857223,5.153801844281802,7.900965027899005,7.906733196993191,4.4727880238367,-8.957121192226833,"[0.0, 3.6186234541857223, 5.153801844281802, 7.900965027899005, 5.430823669008191, 7.906733196993191, 6.4061814341922805, 4.4727880238367, 2.250818837836336, 0.4386186230138675, -8.957121192226833]"
PLTR,2025-11-03,2025-11-04,AMC,207.17999267578125,192.07000732421875,195.6999969482422,185.55999755859372,190.7400054931641,-7.293168204329612,15.1099853515625,0.34282018241895335,0.2395933905855673,False,10,11.1111,-1.488943858073586,-8.22585823086211,-6.71595493785489,0.11534089040957964,-9.751497099638208,-12.273253113096084,"[0.0, -1.488943858073586, -8.22585823086211, -6.71595493785489, 1.5046634342738117, 0.11534089040957964, -3.444483136734648, -9.751497099638208, -8.771107530940979, -10.218100520009994, -12.273253113096084]"
PLTR,2026-02-09,2026-02-10,AMC,142.91000366210938,144.96499633789062,145.55999755859375,137.77000427246094,139.50999450683594,1.4379627899527534,2.05499267578125,0.846713594107339,0.3385195410488192,False,9,30.7692,-2.745324336506241,-7.440319713807186,-5.806029075809092,-2.96035394354565,-3.0607047393028513,-3.8133411761900757,"[0.0, -2.745324336506241, -7.440319713807186, -5.806029075809092, -4.651989455893064, -2.96035394354565, -3.3115871974040703, -3.0607047393028513, -6.386630889648359, -7.648196250500523, -3.8133411761900757]"
TSLA,2024-10-23,2024-10-24,AMC,213.6499938964844,244.67999267578125,262.1199951171875,242.6499938964844,260.4800109863281,14.52375364650429,31.029998779296847,0.5746057941110805,,True,7,0.0,3.3438233598413385,0.7793299653244502,-0.3685587884540741,-4.080929220849299,-6.772118360116066,13.985715271523603,"[0.0, 3.3438233598413385, 0.7793299653244502, -0.3685587884540741, -1.1248552939876695, -4.080929220849299, -4.4149319616669915, -6.772118360116066, -3.4705191045912387, 10.768575940531964, 13.985715271523603]"
TSLA,2025-01-29,2025-01-30,AMC,389.1000061035156,410.7799987792969,412.5,384.4100036621094,400.2799987792969,5.571830464071885,21.67999267578125,0.7320110921862023,3.383792506604547,False,8,24.0,1.0792463618949595,-4.147098569536157,-2.016090573805644,-6.485458062917522,-12.378831803756754,-11.077245046745004,"[0.0, 1.0792463618949595, -4.147098569536157, -2.016090573805644, -5.523629813877691, -6.485458062917522, -9.658240176878138, -12.378831803756754, -17.932447036624065, -15.931345360284377, -11.077245046745004]"
TSLA,2025-04-22,2025-04-23,AMC,237.97000122070312,254.8600006103516,259.45001220703125,244.42999267578125,250.7400054931641,7.0975330096267,16.889999389648466,0.3735946148849548,,False,0,17.9487,3.497648592298529,13.643617278615647,14.01451647914494,12.530907506022961,14.544941039697118,10.161918788118433,"[0.0, 3.497648592298529, 13.643617278615647, 14.01451647914494, 16.46725388113564, 12.530907506022961, 11.876837707622876, 14.544941039697118, 11.773152917660646, 9.814947783042333, 10.161918788118433]"
TSLA,2025-07-22,2025-07-23,AMC,332.1099853515625,330.8999938964844,336.20001220703125,328.6700134277344,332.5599975585937,-0.3643345603707944,1.209991455078125,3.214885621327099,1.1308185697429773,True,7,0.0,-8.197020076301271,-4.961510741258912,-2.0958627832185455,-4.065428528062739,-8.999877584647814,-3.8038230663191888,"[0.0, -8.197020076301271, -4.961510741258912, -2.0958627832185455, -3.41592056620127, -4.065428528062739, -7.303947775812142, -8.999877584647814, -7.0062508912736785, -7.168630175879828, -3.8038230663191888]"
TSLA,2025-10-21,2025-10-22,AMC,442.6000061035156,443.4500122070313,445.5400085449219,429.0,438.9700012207031,0.19204837139493436,0.8500061035156818,11.729328977129148,0.7330879960506681,False,2,6.25,2.2803402824313315,-1.1959814988269395,3.063993477829689,5.1347491815481305,4.007106701819201,5.262319985256026,"[0.0, 2.2803402824313315, -1.1959814988269395, 3.063993477829689, 4.916050416259722, 5.1347491815481305, 0.257421892081496, 4.007106701819201, 6.6974950030133815, 1.2050956854024728, 5.262319985256026]"
TSLA,2026-01-27,2026-01-28,AMC,430.8999938964844,431.9100036621094,438.260009765625,430.1000061035156,431.4599914550781,0.2343954003089719,1.010009765625,1.34650713077109,1.7000076295109483,False,6,7.2289,-3.4533894663639284,-0.24335693083099466,-2.236590666017545,-5.898572797821712,-4.71654533596179,-0.7393506940581257,"[0.0, -3.4533894663639284, -0.24335693083099466, -2.236590666017545, -2.2018264006267896, -5.898572797821712, -7.938163602259742, -4.71654533596179, -3.277241090923147, -1.4485700004123616, -0.7393506940581257]"
TSM,2025-01-16,2025-01-17,AMC,211.33883666992188,211.71272988738625,212.2145299998026,207.6687671766874,208.1016998291016,0.17691647373281105,0.37389321746437076,1.1579045358196423,0.1179630666973136,False,5,9.1525,3.4042586265163344,5.531914768810675,6.203310668240779,-9.073281404014178,-4.335697069830523,-5.531907436439536,"[0.0, 3.4042586265163344, 5.531914768810675, 6.203310668240779, 4.907805331117756, -9.073281404014178, -4.302598746325854, -4.335697069830523, -1.583931489843263, -1.0307334138281177, -5.531907436439536]"
TSM,2025-04-17,2025-04-21,AMC,149.88360595703125,148.15503290179126,148.4414784199912,144.05579481642232,146.05108642578125,-1.1532769339266762,1.7285730552399912,1.1542998447826134,0.34237410259496637,False,0,1.3793,2.394154626539084,6.729342333844985,11.037460388039456,10.509931250812299,12.735023304348989,19.302031300083037,"[0.0, 2.394154626539084, 6.729342333844985, 11.037460388039456, 11.659686297092943, 10.509931250812299, 11.240362639323566, 12.735023304348989, 16.813200796857036, 21.249834406020142, 19.302031300083037]"
TSM,2025-07-17,2025-07-18,AMC,243.4823760986328,243.19487794603788,243.8491909037162,236.6319619599365,238.32720947265625,-0.11807760265920517,0.28749815259493516,5.896550977523134,0.24746642734250465,False,2,21.3559,-0.6447526898628415,-2.4126365995493066,-0.029111956633376443,2.163062554788997,0.3868618578435051,-2.158894557479064,"[0.0, -0.6447526898628415, -2.4126365995493066, -0.029111956633376443, 0.4991736993351436, 2.163062554788997, 0.9775458268423243, 0.3868618578435051, 1.0440993322753185, 0.5074904865941585, -2.158894557479064]"
TSM,2025-10-16,2025-10-17,AMC,298.1924743652344,296.7603831294787,301.6334531556036,293.2995240198515,293.4586181640625,-0.48025733674337623,1.4320912357556494,0.1110921847985822,0.0325149721499059,False,3,-13.1313,0.8879111718613834,-0.19315619341492746,-2.101111766034543,-0.04066117778899139,2.185855484142557,1.813072558259857,"[0.0, 0.8879111718613834, -0.19315619341492746, -2.101111766034543, -1.4741704807752702, -0.04066117778899139, 1.07429743516362, 2.185855484142557, 3.3923069467594393, 2.758574932831062, 1.813072558259857]"
TSM,2026-01-15,2026-01-16,AMC,340.6800537109375,345.5363640150088,348.8669754198533,340.50053556544725,341.4378967285156,1.425475384065728,4.8563103040713145,0.19301920684156698,5.221539920148569,False,2,28.4672,-4.450933601066906,-4.754672250864904,-4.389601328609698,-2.8300258566206633,-0.029209248963889482,-0.30373864979801435,"[0.0, -4.450933601066906, -4.754672250864904, -4.389601328609698, -2.199184733037028, -2.8300258566206633, -1.1857453502281012, -0.029209248963889482, -0.8323652779253782, -3.457944267716174, -0.30373864979801435]"
V,2024-10-29,2024-10-30,AMC,278.7860412597656,289.13122340116183,292.53346779757067,285.1652281767325,286.97515869140625,3.710796313419736,10.345182141396208,0.17495395343802675,,False,1,9.3284,-0.10682076931796985,0.19988085416628795,0.582436389800419,5.941542400454634,6.103522884103347,6.861179365098607,"[0.0, -0.10682076931796985, 0.19988085416628795, 0.582436389800419, 1.0787143054331734, 5.941542400454634, 5.390115404714066, 6.103522884103347, 7.154673283705542, 6.988928285140099, 6.861179365098607]"
V,2025-01-30,2025-01-31,AMC,339.9296875,343.31857591186593,348.0550967303691,338.60186229076385,338.6910400390625,0.996938054098595,3.388888411865935,0.026314749103689448,0.06716075856848149,False,0,20.9836,1.176124693059108,0.9801024091413513,2.235230705298179,1.8197769950301974,2.782372104808066,3.687922071883908,"[0.0, 1.176124693059108, 0.9801024091413513, 2.235230705298179, 1.661796820177059, 1.8197769950301974, 2.7589359310333146, 2.782372104808066, 3.0080297503349183, 4.221295507715285, 3.687922071883908]"
V,2025-04-29,2025-04-30,AMC,338.9830017089844,331.9556327229945,343.9458837593796,330.76453474263207,342.9334716796875,-2.0730741513767263,7.027368985989881,1.7316490654348795,1.4806821012820235,True,1,1.7007,-0.8827787311550768,0.6078180735418756,0.9088260431116385,1.2590453673516389,2.0376259517013247,3.343551141187288,"[0.0, -0.8827787311550768, 0.6078180735418756, 0.9088260431116385, 0.6367575537204508, 1.2590453673516389, 1.6700358201708367, 2.0376259517013247, 2.995654450504056, 3.250788182582847, 3.343551141187288]"
V,2025-07-29,2025-07-30,AMC,349.2595520019531,349.66718668152214,354.5587320980825,345.2230220609473,348.8817443847656,0.11671396737253292,0.4076346795690142,8.975493271785988,0.9064028701114112,False,6,-6.0606,-1.5502586257344086,-3.2942952060577895,-2.496370544946155,-3.183161322924449,-4.026685427780602,-2.210623944370253,"[0.0, -1.5502586257344086, -3.2942952060577895, -2.496370544946155, -3.8414447947137185, -3.183161322924449, -5.3632048615147605, -4.026685427780602, -4.2774517529806495, -3.869226078683139, -2.210623944370253]"
V,2025-10-28,2025-10-29,AMC,345.50177001953125,344.605395498532,349.5653338093142,337.6336100404692,339.9044189453125,-0.2594413686935882,0.8963745209992453,2.5333260279552485,0.28860736320641056,False,8,0.4065,1.0988070735935431,-0.15823324643553216,-1.2834095350075796,-0.36333312623428937,-1.5412568230455985,-0.5065457064597305,"[0.0, 1.0988070735935431, -0.15823324643553216, -1.2834095350075796, -0.28715240131341496, -0.36333312623428937, -1.2658210800729899, -1.5412568230455985, -1.88407457433066, -0.6915072991639065, -0.5065457064597305]"
V,2026-01-29,2026-01-30,AMC,331.1171875,331.53632717586584,332.3147207991864,320.9381868988181,321.1676940917969,0.126583485149298,0.41913967586583567,0.5475673294460967,0.022547124415348806,False,10,1.6502,3.7317953410022002,2.206143031044307,2.5230845656646705,3.0295543823877997,2.180268895269423,-2.206855686271305,"[0.0, 3.7317953410022002, 2.206143031044307, 2.5230845656646705, 2.268286566838556, 3.0295543823877997, 1.1652198023512492, 2.180268895269423, 2.513420960786574, 0.9379207932175747, -2.206855686271305]"
